gps_speed_avg,gps_speed_var,gps_speed_max,gps_accel_rms,heading_change_rate,stop_frequency,accel_magnitude_mean,accel_magnitude_var,accel_rms,accel_jerk_mean,accel_peak_freq,gyro_magnitude_mean,gyro_magnitude_var,gyro_rms,cadence_steps_per_min,transit_corridor_overlap,dwell_time_ratio,ble_beacon_proximity,label
23.629,2.813,26.462,0.545,5.118,0.085,1.164,1.328,0.862,4.845,1.074,35.709,185.823,47.528,64.8,0.289,0.146,0.024,cycling
29.39,1.144,32.661,0.426,5.237,0.173,0.463,0.135,0.357,2.354,0.066,17.87,20.497,14.917,0.0,0.101,0.078,0.031,scooter
0.485,0.005,0.046,0.023,0.463,1.0,0.063,0.009,0.02,0.103,0.0,1.702,0.709,0.533,0.0,0.123,1.0,0.087,stationary
11.02,1.835,15.298,0.508,7.399,0.13,0.95,0.558,1.481,5.672,1.173,34.645,174.436,35.397,81.9,0.099,0.138,0.03,cycling
22.049,1.682,29.397,0.791,3.956,0.244,0.242,0.109,0.492,2.297,0.083,16.676,74.689,10.411,0.0,0.347,0.086,0.01,scooter
34.549,3.581,51.023,1.188,5.725,0.225,0.304,0.203,0.647,1.93,0.051,6.731,74.871,13.15,0.0,0.225,0.145,0.044,car
26.858,15.238,45.85,0.675,1.73,0.519,0.428,0.401,0.487,1.935,0.015,17.376,31.558,8.207,0.0,0.748,0.402,0.387,bus
3.559,0.344,4.956,0.384,4.602,0.083,1.237,2.926,3.042,6.482,1.633,49.004,296.127,38.806,114.2,0.17,0.072,0.019,walking
28.792,0.758,34.495,0.731,4.317,0.237,0.378,0.135,0.46,2.22,0.176,15.518,82.206,13.783,0.0,0.181,0.139,0.028,scooter
18.353,2.794,23.585,0.877,2.498,0.154,0.256,0.103,0.688,1.851,0.274,11.51,59.437,10.504,0.0,0.187,0.161,0.006,scooter
59.829,4.647,73.402,0.417,1.937,0.23,0.416,0.102,0.29,1.037,0.125,9.927,24.199,8.509,0.0,0.289,0.122,0.046,car
24.398,5.92,54.161,1.004,4.255,0.099,0.517,0.341,0.771,1.146,0.059,5.228,34.357,24.309,0.0,0.286,0.126,0.027,car
4.565,0.172,6.343,0.145,11.333,0.105,1.823,2.718,2.144,7.545,1.696,34.276,343.38,59.645,123.6,0.042,0.054,0.046,walking
37.17,11.855,56.789,1.136,0.495,0.322,0.223,0.148,0.388,0.639,0.148,3.628,10.771,12.656,0.0,0.917,0.355,0.51,metro
0.28,0.023,0.134,0.007,0.126,1.0,0.003,0.003,0.065,0.087,0.0,0.764,0.878,1.505,0.0,0.082,1.0,0.073,stationary
0.403,0.008,0.355,0.008,0.285,1.0,0.043,0.004,0.003,0.143,0.0,1.894,0.841,0.633,0.0,0.133,1.0,0.011,stationary
25.605,1.847,32.649,0.69,3.109,0.149,0.429,0.062,0.425,1.6,0.085,10.26,56.475,23.167,0.0,0.386,0.101,0.016,scooter
4.878,0.584,6.125,0.316,6.592,0.05,2.396,2.722,1.414,5.815,1.98,46.754,283.803,40.606,99.8,0.079,0.087,0.049,walking
62.067,5.44,91.004,1.554,0.583,0.194,0.405,0.12,0.476,0.924,0.012,4.387,24.298,4.979,0.0,0.898,0.32,0.706,metro
0.487,0.042,0.609,0.015,0.219,1.0,0.079,0.01,0.049,0.098,0.0,1.214,0.002,1.788,0.0,0.067,1.0,0.013,stationary
16.133,1.366,21.656,0.733,4.701,0.04,0.695,1.294,1.517,3.069,1.036,22.395,203.434,40.818,65.9,0.21,0.086,0.028,cycling
27.138,4.773,45.68,0.735,1.703,0.487,0.335,0.116,0.559,3.086,0.086,14.438,33.965,11.099,0.0,0.739,0.298,0.793,bus
4.544,0.347,5.774,0.328,3.878,0.103,2.559,1.913,2.086,5.768,2.013,34.631,213.443,28.163,108.6,0.054,0.028,0.039,walking
0.235,0.027,0.733,0.042,0.978,1.0,0.019,0.01,0.027,0.146,0.0,1.234,0.969,0.664,0.0,0.034,1.0,0.004,stationary
16.556,3.444,19.919,0.66,4.104,0.051,1.207,0.401,0.811,5.677,1.34,24.131,85.793,38.313,61.8,0.167,0.076,0.025,cycling
0.492,0.022,0.548,0.018,0.204,1.0,0.062,0.007,0.057,0.147,0.0,0.135,0.649,1.523,0.0,0.012,1.0,0.002,stationary
19.894,3.686,26.199,0.625,2.788,0.04,1.432,0.542,0.962,3.834,1.028,23.765,144.84,51.696,60.4,0.28,0.082,0.031,cycling
0.374,0.035,0.361,0.045,0.89,1.0,0.037,0.005,0.015,0.073,0.0,1.465,0.009,1.444,0.0,0.138,1.0,0.057,stationary
0.498,0.009,0.502,0.014,0.647,1.0,0.052,0.008,0.015,0.133,0.0,1.317,0.103,0.137,0.0,0.087,1.0,0.079,stationary
0.325,0.024,0.647,0.026,0.662,1.0,0.038,0.001,0.005,0.02,0.0,1.446,0.249,0.384,0.0,0.193,1.0,0.004,stationary
3.741,0.347,5.351,0.343,3.967,0.114,1.236,3.106,2.893,5.849,1.888,49.929,287.903,59.438,101.2,0.065,0.025,0.043,walking
5.783,0.509,6.381,0.288,9.312,0.022,2.068,2.426,2.158,5.266,2.17,51.151,383.528,59.961,124.5,0.052,0.006,0.041,walking
0.224,0.006,0.173,0.006,0.924,1.0,0.017,0.008,0.07,0.045,0.0,1.411,0.291,1.789,0.0,0.007,1.0,0.047,stationary
21.488,2.339,31.732,0.54,5.598,0.226,0.548,0.09,0.559,2.426,0.324,14.127,76.439,12.437,0.0,0.35,0.055,0.04,scooter
62.745,7.401,97.117,0.746,1.711,0.355,0.213,0.241,0.432,1.429,0.008,8.498,20.782,6.679,0.0,0.921,0.274,0.593,metro
17.499,3.644,21.946,0.487,2.728,0.15,1.217,1.358,1.22,3.935,1.256,15.963,182.511,28.274,75.3,0.081,0.123,0.035,cycling
63.604,5.964,78.446,0.892,3.66,0.084,0.31,0.179,0.257,1.774,0.071,7.239,76.466,11.501,0.0,0.26,0.08,0.021,car
5.21,0.536,6.987,0.322,11.972,0.1,1.224,2.068,1.453,9.483,1.608,59.316,267.741,48.306,100.7,0.127,0.088,0.024,walking
45.106,10.331,67.675,0.924,2.23,0.096,0.551,0.235,0.615,1.353,0.063,13.725,66.339,7.607,0.0,0.289,0.103,0.002,car
46.786,9.378,62.531,1.182,3.321,0.067,0.578,0.158,0.275,2.059,0.051,12.576,69.51,11.961,0.0,0.073,0.16,0.044,car
28.388,5.312,39.972,1.53,1.178,0.456,0.37,0.13,1.006,2.379,0.22,10.783,12.471,14.428,0.0,0.911,0.309,0.184,bus
18.403,1.138,21.825,0.664,2.194,0.064,1.473,0.992,0.802,4.363,1.128,21.217,74.585,54.232,81.7,0.278,0.087,0.007,cycling
25.474,10.184,53.397,0.47,5.539,0.136,0.341,0.11,0.378,1.76,0.191,19.366,28.943,21.229,0.0,0.402,0.114,0.044,car
53.672,10.079,74.585,1.154,4.592,0.202,0.571,0.155,0.416,1.183,0.163,11.776,66.387,15.662,0.0,0.112,0.056,0.048,car
66.834,20.815,92.879,1.067,2.112,0.166,0.496,0.24,0.547,0.742,0.052,8.153,13.496,4.956,0.0,0.88,0.226,0.515,metro
20.932,11.969,33.971,1.447,1.551,0.434,0.392,0.116,0.606,1.759,0.072,7.231,25.869,8.983,0.0,0.77,0.334,0.436,bus
74.943,20.609,107.491,0.59,0.357,0.295,0.198,0.068,0.442,0.781,0.117,5.499,6.98,3.827,0.0,0.93,0.245,0.347,metro
16.667,1.094,20.472,0.81,3.497,0.082,1.434,0.809,0.809,4.651,1.11,18.342,245.397,39.512,71.6,0.138,0.046,0.005,cycling
43.491,24.586,71.126,1.486,1.813,0.367,0.454,0.087,0.65,1.577,0.088,4.634,10.692,9.533,0.0,0.942,0.435,0.347,metro
20.06,1.056,25.339,0.733,4.632,0.152,0.268,0.231,0.417,1.721,0.201,14.262,88.846,20.188,0.0,0.348,0.079,0.006,scooter
59.659,19.39,88.251,0.788,1.217,0.247,0.153,0.054,0.431,0.563,0.051,5.926,25.584,12.891,0.0,0.94,0.456,0.811,metro
3.516,0.187,5.209,0.139,11.504,0.042,2.748,1.553,3.397,8.106,1.902,44.762,177.364,63.3,122.0,0.063,0.02,0.007,walking
19.762,3.968,26.014,0.736,6.067,0.064,0.918,0.737,1.661,3.092,1.071,16.258,176.322,42.408,82.0,0.232,0.119,0.002,cycling
21.94,5.399,40.798,1.28,1.233,0.459,0.56,0.209,0.727,3.228,0.235,15.074,24.535,8.651,0.0,0.868,0.42,0.075,bus
54.473,10.204,67.826,0.625,3.175,0.094,0.221,0.177,0.604,1.325,0.151,6.374,25.636,7.2,0.0,0.254,0.1,0.004,car
26.66,3.263,37.569,0.681,2.419,0.146,0.214,0.179,0.554,1.102,0.382,17.503,54.566,19.13,0.0,0.243,0.087,0.037,scooter
17.113,2.417,22.845,0.371,2.862,0.145,0.732,0.71,1.322,4.738,1.104,23.935,198.332,30.021,92.5,0.171,0.109,0.01,cycling
17.687,3.393,23.457,0.865,2.233,0.17,0.836,0.855,1.649,2.324,1.37,41.561,147.704,43.581,87.0,0.166,0.083,0.039,cycling
21.147,3.492,25.449,0.703,2.794,0.028,1.078,0.379,1.93,5.442,1.176,37.628,89.198,35.696,93.1,0.148,0.051,0.047,cycling
0.029,0.02,0.655,0.044,0.733,1.0,0.046,0.009,0.016,0.019,0.0,1.172,0.816,2.493,0.0,0.122,1.0,0.046,stationary
19.576,3.946,23.158,0.872,2.89,0.191,0.726,0.947,1.463,4.068,1.274,25.206,190.401,39.677,90.1,0.331,0.051,0.014,cycling
37.469,7.731,54.613,1.244,2.056,0.222,0.576,0.156,0.666,1.791,0.273,11.097,20.819,24.874,0.0,0.313,0.198,0.039,car
31.794,3.922,52.174,0.923,2.284,0.148,0.306,0.131,0.342,2.042,0.079,6.799,26.634,17.798,0.0,0.284,0.16,0.029,car
23.387,8.302,36.713,0.729,3.655,0.44,0.666,0.329,0.497,1.389,0.136,16.425,27.922,14.697,0.0,0.874,0.376,0.823,bus
21.835,3.228,28.21,0.889,5.816,0.198,0.396,0.249,0.719,1.199,0.36,8.009,76.019,14.537,0.0,0.153,0.117,0.015,scooter
27.493,8.463,36.28,0.943,4.1,0.58,0.56,0.546,1.069,1.575,0.15,5.293,57.739,20.68,0.0,0.834,0.26,0.102,bus
30.02,3.64,48.194,1.249,2.617,0.215,0.459,0.112,0.78,1.975,0.016,11.716,54.947,8.998,0.0,0.442,0.195,0.005,car
22.69,4.957,51.062,0.708,4.889,0.094,0.338,0.235,0.415,1.77,0.13,18.36,69.198,8.757,0.0,0.105,0.123,0.034,car
33.088,10.899,51.715,0.755,5.145,0.248,0.364,0.294,0.428,1.064,0.177,19.095,69.626,11.334,0.0,0.313,0.151,0.045,car
4.873,0.578,5.925,0.4,9.864,0.1,1.918,3.048,2.502,5.553,1.629,32.876,153.834,54.728,113.9,0.249,0.045,0.005,walking
12.342,1.507,17.485,0.543,6.314,0.131,0.957,0.934,1.006,4.566,1.121,42.659,159.809,42.647,75.2,0.129,0.043,0.035,cycling
50.252,22.952,79.312,1.21,0.347,0.427,0.333,0.056,0.315,1.101,0.15,6.694,16.765,5.853,0.0,0.866,0.407,0.917,metro
0.241,0.021,0.853,0.025,0.936,1.0,0.059,0.0,0.005,0.02,0.0,1.618,0.452,0.234,0.0,0.148,1.0,0.067,stationary
58.578,7.113,72.058,0.909,5.979,0.173,0.617,0.269,0.53,2.163,0.209,18.2,74.6,24.238,0.0,0.164,0.101,0.005,car
22.951,2.362,32.789,1.076,2.746,0.129,0.273,0.248,0.68,2.017,0.313,15.203,88.847,20.083,0.0,0.189,0.16,0.009,scooter
0.079,0.043,0.223,0.041,0.051,1.0,0.0,0.005,0.012,0.145,0.0,1.197,0.869,1.966,0.0,0.168,1.0,0.071,stationary
36.22,11.137,53.549,1.038,2.72,0.178,0.32,0.156,0.427,2.188,0.095,16.431,75.958,14.347,0.0,0.215,0.112,0.04,car
23.412,4.928,36.952,1.693,4.388,0.262,0.45,0.347,0.695,3.396,0.108,10.507,10.289,20.321,0.0,0.721,0.34,0.243,bus
40.727,9.877,57.593,0.527,0.451,0.19,0.416,0.187,0.402,1.591,0.108,9.118,5.538,8.69,0.0,0.861,0.327,0.118,metro
0.278,0.03,0.451,0.001,0.667,1.0,0.066,0.001,0.017,0.187,0.0,1.402,0.584,0.341,0.0,0.157,1.0,0.075,stationary
25.186,1.136,36.578,0.565,1.923,0.086,0.379,0.061,0.317,1.237,0.125,15.993,22.698,11.531,0.0,0.144,0.051,0.026,scooter
24.727,3.118,40.149,1.207,3.057,0.065,0.539,0.067,0.648,0.929,0.07,10.204,78.353,20.499,0.0,0.094,0.06,0.046,car
14.941,1.131,18.6,0.831,2.074,0.098,1.361,0.336,1.077,5.89,1.336,44.137,241.543,27.975,70.7,0.325,0.042,0.033,cycling
3.002,0.491,3.665,0.301,6.431,0.099,1.312,2.099,1.741,7.978,2.033,28.251,290.338,47.582,110.3,0.032,0.031,0.032,walking
16.523,1.056,27.807,0.693,4.15,0.063,0.547,0.149,0.437,1.639,0.145,24.49,52.185,30.31,0.0,0.243,0.141,0.042,scooter
35.03,10.385,43.531,1.543,5.0,0.493,0.505,0.208,0.979,2.693,0.164,15.015,27.261,10.151,0.0,0.932,0.544,0.159,bus
19.668,0.835,28.352,1.067,3.219,0.113,0.281,0.055,0.723,0.932,0.274,9.707,31.515,16.203,0.0,0.336,0.131,0.015,scooter
0.021,0.022,0.244,0.031,0.902,1.0,0.047,0.004,0.017,0.121,0.0,1.575,0.033,1.418,0.0,0.082,1.0,0.095,stationary
4.13,0.22,5.386,0.319,10.809,0.115,2.53,2.721,2.389,4.53,2.139,35.421,386.068,44.962,100.8,0.153,0.034,0.023,walking
4.999,0.23,5.911,0.336,11.428,0.115,2.159,2.078,3.403,7.278,2.153,55.566,262.347,32.471,109.0,0.239,0.073,0.018,walking
5.243,0.31,6.469,0.327,10.013,0.06,2.424,2.626,2.642,7.601,2.1,26.038,246.686,31.754,122.5,0.106,0.1,0.041,walking
21.413,3.128,26.382,0.489,7.25,0.117,1.533,0.89,0.851,3.066,1.167,26.709,91.667,22.96,60.6,0.16,0.077,0.014,cycling
20.22,1.419,23.249,0.611,4.774,0.111,0.532,0.186,0.318,1.913,0.349,24.165,25.374,25.189,0.0,0.288,0.146,0.006,scooter
57.555,13.828,79.852,0.686,0.588,0.25,0.313,0.079,0.502,1.331,0.079,2.851,17.826,9.527,0.0,0.988,0.481,0.891,metro
23.046,8.403,39.043,1.579,4.802,0.411,0.678,0.224,0.434,2.871,0.203,4.389,15.9,7.806,0.0,0.793,0.448,0.508,bus
0.351,0.04,0.573,0.018,0.082,1.0,0.077,0.002,0.067,0.115,0.0,1.165,0.024,0.571,0.0,0.035,1.0,0.016,stationary
17.075,2.928,20.791,0.67,5.066,0.125,0.392,0.063,0.271,2.468,0.282,14.656,22.575,29.822,0.0,0.38,0.132,0.05,scooter
21.71,3.149,33.563,1.02,4.433,0.126,0.226,0.191,0.305,1.353,0.102,22.492,67.598,16.663,0.0,0.076,0.2,0.006,scooter
54.933,15.79,71.634,0.71,1.237,0.249,0.439,0.185,0.209,0.985,0.038,3.259,14.951,11.693,0.0,0.894,0.266,0.749,metro
33.972,14.791,48.968,0.931,1.749,0.376,0.547,0.418,0.414,1.729,0.099,8.41,55.094,18.555,0.0,0.839,0.263,0.531,bus
17.077,1.514,22.422,0.747,4.66,0.148,1.314,1.059,1.151,5.929,1.322,34.157,218.111,22.16,90.3,0.084,0.106,0.004,cycling
19.245,1.103,24.899,0.365,5.728,0.196,1.344,1.071,1.127,2.741,1.475,25.965,74.597,44.81,94.2,0.333,0.05,0.022,cycling
14.245,1.061,18.705,0.641,5.304,0.08,1.018,1.386,1.307,2.936,1.155,37.389,188.302,24.316,69.5,0.141,0.027,0.007,cycling
0.428,0.018,0.06,0.047,0.755,1.0,0.067,0.007,0.079,0.063,0.0,0.695,0.207,2.071,0.0,0.069,1.0,0.081,stationary
19.734,2.648,22.159,0.401,4.911,0.1,0.809,0.683,1.286,2.912,1.459,26.157,214.759,24.802,94.4,0.338,0.12,0.026,cycling
15.785,0.882,23.968,0.416,3.079,0.191,0.593,0.061,0.252,2.004,0.125,23.561,33.855,11.414,0.0,0.265,0.145,0.048,scooter
53.711,21.802,84.643,1.546,1.162,0.353,0.278,0.288,0.491,0.707,0.085,9.119,21.525,8.948,0.0,0.963,0.425,0.734,metro
19.907,2.106,29.771,1.186,2.329,0.218,0.333,0.191,0.261,1.254,0.074,14.481,75.666,12.135,0.0,0.184,0.119,0.016,scooter
5.199,0.344,6.671,0.15,6.399,0.122,2.452,2.375,2.075,8.373,1.861,51.243,286.211,69.929,126.7,0.244,0.007,0.031,walking
29.327,15.295,46.817,1.388,1.001,0.426,0.406,0.111,0.836,1.203,0.033,14.798,15.269,14.837,0.0,0.785,0.323,0.309,bus
11.631,1.224,15.479,0.522,4.246,0.153,0.89,0.755,0.912,3.631,1.285,16.713,173.273,51.325,67.0,0.156,0.094,0.027,cycling
4.665,0.557,5.349,0.127,6.164,0.13,1.858,1.963,1.519,6.747,1.794,41.295,241.599,46.387,97.4,0.121,0.069,0.009,walking
0.433,0.038,0.654,0.017,0.783,1.0,0.039,0.008,0.075,0.005,0.0,1.027,0.738,2.234,0.0,0.101,1.0,0.087,stationary
4.164,0.354,5.592,0.29,6.897,0.149,2.781,1.175,2.578,4.463,2.028,56.556,197.751,44.808,105.8,0.212,0.003,0.01,walking
4.555,0.43,5.57,0.108,11.919,0.002,2.502,1.497,1.96,7.555,1.838,31.632,246.933,50.595,110.0,0.207,0.048,0.001,walking
21.799,2.171,29.044,0.941,5.121,0.206,0.393,0.145,0.653,1.173,0.312,18.844,64.688,24.289,0.0,0.36,0.051,0.034,scooter
15.613,2.291,26.504,0.753,4.18,0.23,0.474,0.075,0.473,2.201,0.299,13.15,46.677,29.001,0.0,0.317,0.059,0.023,scooter
73.099,18.283,90.989,0.745,2.18,0.182,0.182,0.079,0.293,1.026,0.12,7.925,27.645,6.409,0.0,0.863,0.437,0.463,metro
35.879,21.081,67.29,0.576,0.633,0.324,0.402,0.184,0.406,1.157,0.097,8.75,21.867,7.571,0.0,0.998,0.343,0.257,metro
0.347,0.004,0.562,0.01,0.026,1.0,0.006,0.008,0.022,0.084,0.0,0.793,0.003,1.745,0.0,0.049,1.0,0.096,stationary
3.791,0.431,5.131,0.297,8.953,0.001,1.867,0.851,2.342,4.472,1.768,23.895,178.773,41.607,95.9,0.237,0.048,0.031,walking
54.189,9.457,83.186,1.508,1.169,0.154,0.156,0.133,0.634,1.129,0.115,5.401,9.393,8.503,0.0,0.947,0.476,0.473,metro
39.11,8.069,73.922,0.8,0.605,0.276,0.233,0.281,0.643,1.27,0.021,8.729,14.49,11.26,0.0,0.874,0.45,0.835,metro
43.528,3.292,71.5,0.759,3.034,0.209,0.331,0.28,0.331,2.091,0.28,6.314,15.764,20.021,0.0,0.427,0.195,0.003,car
31.574,1.853,35.409,0.95,2.021,0.111,0.213,0.103,0.427,1.325,0.149,10.308,24.263,10.755,0.0,0.08,0.095,0.039,scooter
4.268,0.565,5.279,0.397,8.212,0.017,2.324,1.151,3.076,5.497,2.159,22.408,362.968,30.944,110.3,0.065,0.083,0.001,walking
0.585,0.041,0.24,0.047,0.78,1.0,0.016,0.002,0.006,0.019,0.0,1.987,0.093,0.65,0.0,0.014,1.0,0.018,stationary
21.718,3.357,27.665,0.521,7.908,0.117,1.182,0.803,1.925,4.175,1.325,41.969,194.209,19.713,71.1,0.31,0.127,0.027,cycling
29.065,0.825,40.531,0.851,2.584,0.208,0.443,0.12,0.348,1.91,0.218,13.51,50.131,17.672,0.0,0.245,0.165,0.031,scooter
39.435,3.526,59.081,1.047,5.657,0.079,0.297,0.068,0.437,1.431,0.169,15.318,28.293,9.649,0.0,0.428,0.102,0.012,car
20.877,3.248,24.197,0.735,5.892,0.077,0.294,0.221,0.682,1.998,0.164,14.659,24.435,18.161,0.0,0.269,0.183,0.017,scooter
13.892,0.539,20.977,0.882,2.102,0.235,0.295,0.213,0.427,2.107,0.233,16.2,82.691,11.497,0.0,0.263,0.135,0.007,scooter
5.33,0.377,5.908,0.293,8.687,0.107,1.37,1.648,2.459,9.014,1.706,52.227,142.013,47.806,112.9,0.066,0.099,0.031,walking
0.026,0.045,0.865,0.021,0.857,1.0,0.058,0.002,0.058,0.07,0.0,0.537,0.765,0.979,0.0,0.012,1.0,0.095,stationary
21.268,3.611,27.376,0.695,2.925,0.04,1.009,0.882,1.525,4.788,1.008,21.997,162.392,26.555,86.6,0.347,0.142,0.025,cycling
27.567,7.827,41.04,1.106,2.145,0.127,0.378,0.158,0.598,0.853,0.258,11.322,20.751,22.63,0.0,0.407,0.171,0.044,car
3.554,0.375,4.277,0.314,9.161,0.146,1.812,2.91,3.363,6.475,2.136,40.943,319.793,61.468,118.4,0.192,0.014,0.025,walking
31.32,6.146,46.31,0.846,2.588,0.05,0.442,0.175,0.777,1.585,0.135,11.384,58.899,17.073,0.0,0.211,0.128,0.034,car
3.685,0.442,4.635,0.194,8.99,0.039,2.219,2.365,1.732,9.93,1.824,58.348,303.499,42.726,129.4,0.005,0.085,0.044,walking
0.052,0.049,0.255,0.03,0.483,1.0,0.062,0.01,0.014,0.104,0.0,1.49,0.58,0.049,0.0,0.064,1.0,0.02,stationary
59.372,14.216,76.305,0.777,1.457,0.401,0.37,0.189,0.617,0.731,0.119,5.44,16.768,3.088,0.0,0.945,0.252,0.29,metro
57.127,9.625,70.907,1.218,5.934,0.163,0.495,0.22,0.307,2.11,0.198,8.001,27.074,21.684,0.0,0.312,0.139,0.038,car
46.533,6.69,74.318,0.838,2.831,0.112,0.565,0.127,0.45,0.975,0.163,5.417,33.556,19.363,0.0,0.099,0.175,0.017,car
21.211,2.564,26.576,0.764,3.663,0.135,1.149,0.461,1.333,2.441,1.332,40.761,69.464,28.073,93.0,0.268,0.133,0.049,cycling
21.398,6.338,36.585,1.687,2.739,0.286,0.316,0.345,0.759,3.466,0.247,13.127,44.65,6.795,0.0,0.748,0.328,0.608,bus
57.027,21.204,88.145,0.731,2.382,0.328,0.344,0.26,0.596,1.637,0.086,8.773,28.35,8.651,0.0,0.925,0.366,0.384,metro
4.101,0.581,5.294,0.345,7.113,0.088,2.109,0.952,3.444,9.828,1.9,23.268,308.32,66.899,125.6,0.032,0.087,0.001,walking
0.474,0.014,0.484,0.02,0.252,1.0,0.045,0.007,0.073,0.025,0.0,1.455,0.689,1.202,0.0,0.187,1.0,0.016,stationary
53.142,15.848,85.017,0.965,0.285,0.193,0.471,0.185,0.507,0.782,0.122,9.172,9.774,6.476,0.0,0.9,0.258,0.192,metro
24.806,10.963,35.405,0.951,1.479,0.484,0.605,0.541,1.071,1.467,0.006,14.872,41.149,15.842,0.0,0.85,0.5,0.588,bus
0.117,0.02,0.898,0.045,0.73,1.0,0.079,0.003,0.065,0.168,0.0,1.611,0.595,1.169,0.0,0.179,1.0,0.093,stationary
0.276,0.026,0.469,0.021,0.215,1.0,0.07,0.007,0.061,0.196,0.0,0.506,0.495,2.152,0.0,0.097,1.0,0.066,stationary
24.142,8.73,37.502,0.846,4.901,0.284,0.771,0.136,0.51,1.552,0.085,9.515,15.517,6.332,0.0,0.96,0.349,0.795,bus
13.832,0.668,18.399,0.982,4.224,0.247,0.36,0.21,0.306,1.896,0.134,18.704,71.892,30.209,0.0,0.37,0.104,0.015,scooter
3.873,0.161,5.184,0.191,7.454,0.089,1.329,3.156,1.763,8.287,1.697,46.727,248.425,60.717,102.8,0.006,0.006,0.0,walking
48.625,4.482,64.591,0.437,2.456,0.07,0.559,0.055,0.645,1.273,0.197,5.203,17.218,8.291,0.0,0.165,0.12,0.05,car
3.914,0.587,4.716,0.31,4.325,0.007,2.649,0.962,3.453,8.448,2.036,22.887,263.348,37.437,106.1,0.173,0.078,0.002,walking
4.965,0.343,6.747,0.364,6.472,0.044,2.458,2.967,3.109,6.823,1.795,51.881,119.165,49.043,110.0,0.182,0.032,0.04,walking
0.547,0.017,0.107,0.037,0.978,1.0,0.03,0.005,0.044,0.061,0.0,1.23,0.78,0.861,0.0,0.144,1.0,0.087,stationary
26.647,2.369,31.703,0.407,5.735,0.17,0.43,0.067,0.698,1.717,0.178,10.39,33.031,27.177,0.0,0.356,0.12,0.004,scooter
40.117,4.057,64.375,0.608,5.287,0.079,0.384,0.162,0.304,1.816,0.211,18.18,51.454,15.547,0.0,0.341,0.11,0.011,car
11.7,0.907,19.659,0.73,2.025,0.09,1.035,1.051,1.718,3.935,1.321,25.1,125.27,21.724,89.5,0.201,0.104,0.032,cycling
45.818,10.367,64.903,0.474,3.949,0.208,0.514,0.197,0.3,0.799,0.3,15.13,55.658,7.416,0.0,0.131,0.192,0.004,car
70.023,21.823,97.879,1.247,1.057,0.284,0.282,0.215,0.441,1.611,0.006,4.194,26.003,10.799,0.0,0.88,0.334,0.148,metro
41.803,9.034,69.248,1.139,3.309,0.146,0.285,0.347,0.342,1.703,0.064,13.141,46.884,19.583,0.0,0.32,0.188,0.003,car
0.558,0.017,0.292,0.029,0.404,1.0,0.031,0.003,0.014,0.026,0.0,1.632,0.87,0.907,0.0,0.145,1.0,0.054,stationary
0.075,0.02,0.363,0.021,0.33,1.0,0.068,0.0,0.025,0.192,0.0,1.79,0.047,1.897,0.0,0.088,1.0,0.044,stationary
35.995,8.673,54.538,0.649,3.396,0.419,0.331,0.179,1.0,3.438,0.077,11.741,52.843,12.541,0.0,0.953,0.282,0.074,bus
42.156,12.535,64.262,0.623,1.233,0.359,0.22,0.182,0.476,1.557,0.183,2.466,29.145,10.336,0.0,0.903,0.377,0.334,metro
18.85,10.685,34.209,1.513,2.202,0.269,0.719,0.165,0.762,3.089,0.103,14.238,46.169,19.164,0.0,0.728,0.375,0.169,bus
25.346,9.275,51.486,0.589,2.069,0.164,0.33,0.077,0.287,1.912,0.198,5.233,58.791,23.312,0.0,0.163,0.175,0.035,car
16.087,4.168,25.333,0.905,3.334,0.258,0.461,0.444,0.429,3.202,0.168,17.966,31.654,19.485,0.0,0.926,0.435,0.57,bus
4.323,0.59,5.908,0.179,8.737,0.02,1.989,1.79,1.705,7.75,1.691,23.883,238.556,65.875,118.8,0.229,0.01,0.034,walking
11.894,1.639,18.127,0.854,6.743,0.095,1.106,1.076,1.317,3.809,1.121,26.812,245.375,54.443,92.6,0.209,0.091,0.039,cycling
27.341,0.668,31.745,1.057,2.083,0.214,0.51,0.096,0.563,2.004,0.214,9.383,68.552,19.391,0.0,0.237,0.191,0.005,scooter
22.087,1.042,28.862,0.68,6.11,0.042,1.171,0.736,1.485,3.257,1.087,19.665,64.079,31.942,69.3,0.202,0.042,0.042,cycling
23.167,4.241,39.311,1.788,2.83,0.281,0.579,0.451,0.413,1.832,0.267,9.467,13.233,19.925,0.0,0.745,0.501,0.304,bus
23.849,3.414,27.466,0.36,6.293,0.143,1.477,0.399,1.585,3.747,1.483,40.288,179.873,26.996,71.0,0.083,0.046,0.034,cycling
18.036,2.053,25.421,0.437,6.9,0.099,1.056,0.683,0.974,5.084,1.269,24.613,205.189,34.117,92.2,0.097,0.122,0.04,cycling
0.167,0.021,0.816,0.008,0.74,1.0,0.072,0.004,0.047,0.019,0.0,1.281,0.144,0.127,0.0,0.13,1.0,0.095,stationary
4.538,0.473,6.139,0.38,6.574,0.038,1.888,2.307,1.54,4.157,2.009,31.295,156.614,51.166,110.3,0.022,0.088,0.002,walking
45.6,22.953,67.784,0.949,1.404,0.197,0.177,0.181,0.678,1.145,0.195,8.74,6.281,11.837,0.0,0.892,0.473,0.469,metro
52.364,5.955,74.698,1.451,1.978,0.408,0.206,0.291,0.688,0.551,0.056,4.125,17.719,6.399,0.0,0.951,0.203,0.861,metro
14.645,3.077,18.062,0.486,3.355,0.169,0.213,0.061,0.264,1.026,0.31,17.596,82.42,25.228,0.0,0.116,0.052,0.018,scooter
0.01,0.04,0.519,0.026,0.913,1.0,0.056,0.006,0.016,0.182,0.0,1.359,0.959,0.687,0.0,0.017,1.0,0.082,stationary
0.216,0.017,0.107,0.034,0.229,1.0,0.047,0.001,0.007,0.026,0.0,1.355,0.824,2.246,0.0,0.197,1.0,0.054,stationary
35.15,12.155,44.927,1.775,1.117,0.317,0.402,0.362,1.084,2.886,0.24,5.289,52.598,7.404,0.0,0.744,0.264,0.375,bus
52.916,3.535,75.025,1.012,2.038,0.219,0.331,0.131,0.281,0.873,0.076,8.541,39.063,14.053,0.0,0.26,0.126,0.039,car
24.314,2.361,42.054,0.434,4.078,0.205,0.289,0.319,0.586,1.26,0.217,7.697,49.74,14.692,0.0,0.15,0.168,0.01,car
64.238,8.826,98.303,1.409,1.823,0.348,0.212,0.202,0.514,1.731,0.138,9.744,18.937,12.18,0.0,0.857,0.294,0.231,metro
42.307,9.051,64.483,0.791,1.196,0.336,0.178,0.114,0.674,1.665,0.164,6.615,23.45,8.514,0.0,0.919,0.367,0.849,metro
0.532,0.034,0.083,0.038,0.563,1.0,0.065,0.006,0.037,0.115,0.0,1.522,0.87,1.374,0.0,0.012,1.0,0.074,stationary
0.269,0.023,0.815,0.016,0.583,1.0,0.015,0.003,0.007,0.189,0.0,0.291,0.989,0.058,0.0,0.087,1.0,0.073,stationary
5.676,0.29,7.272,0.318,7.247,0.08,2.019,2.226,2.044,5.92,2.092,34.795,342.877,49.612,129.8,0.219,0.028,0.005,walking
34.755,23.453,52.746,0.593,1.201,0.43,0.413,0.272,0.658,0.907,0.153,8.236,24.461,10.655,0.0,0.958,0.444,0.829,metro
45.37,16.474,66.974,0.948,2.035,0.346,0.42,0.14,0.349,1.304,0.079,6.259,27.141,9.367,0.0,0.882,0.323,0.227,metro
17.266,3.163,22.597,1.173,2.428,0.101,0.201,0.124,0.256,0.836,0.189,24.137,87.564,26.95,0.0,0.143,0.13,0.015,scooter
25.789,13.864,34.224,0.795,2.212,0.426,0.858,0.104,1.024,1.543,0.269,14.095,28.063,9.619,0.0,0.799,0.421,0.365,bus
30.454,3.502,46.332,0.474,3.212,0.087,0.321,0.23,0.563,2.192,0.077,8.109,31.937,8.62,0.0,0.07,0.095,0.033,car
38.726,3.718,66.216,0.632,1.874,0.15,0.632,0.346,0.274,1.074,0.001,19.872,22.388,13.818,0.0,0.12,0.186,0.034,car
47.658,7.445,63.103,1.519,1.665,0.226,0.422,0.139,0.539,1.318,0.023,5.553,14.169,8.002,0.0,0.903,0.345,0.55,metro
4.77,0.552,5.962,0.187,8.754,0.13,1.86,2.495,2.575,4.792,2.127,39.453,245.154,66.087,110.7,0.229,0.041,0.025,walking
36.91,11.969,48.12,0.884,1.71,0.328,0.501,0.233,0.987,3.427,0.133,8.539,13.539,17.185,0.0,0.769,0.358,0.841,bus
30.857,2.999,42.133,1.195,5.324,0.08,0.337,0.129,0.339,1.49,0.092,19.592,66.648,29.851,0.0,0.283,0.098,0.025,scooter
15.518,3.517,21.062,0.384,7.433,0.091,1.122,1.303,1.55,3.752,1.335,37.301,92.121,46.598,60.9,0.079,0.083,0.005,cycling
56.318,6.108,78.902,0.746,3.006,0.133,0.621,0.127,0.52,1.242,0.252,16.125,44.115,7.127,0.0,0.347,0.162,0.036,car
15.422,3.249,17.892,0.405,4.38,0.118,0.651,0.836,0.954,2.148,1.458,27.043,207.011,54.881,60.4,0.162,0.063,0.039,cycling
4.861,0.237,6.102,0.327,3.908,0.127,2.317,1.868,2.614,7.158,2.12,36.21,168.73,48.92,100.8,0.102,0.046,0.015,walking
23.485,2.336,33.708,0.908,3.123,0.13,0.309,0.106,0.277,2.364,0.283,20.455,22.075,26.448,0.0,0.095,0.18,0.02,scooter
35.301,16.494,50.476,0.607,1.552,0.399,0.39,0.219,0.601,0.933,0.126,2.522,5.963,12.235,0.0,0.918,0.355,0.691,metro
25.137,1.151,29.098,0.542,5.75,0.19,0.578,0.158,0.47,2.12,0.211,20.778,49.337,12.066,0.0,0.223,0.177,0.008,scooter
11.336,2.498,15.152,0.356,3.162,0.082,0.985,1.307,1.036,3.121,1.383,35.71,84.929,36.72,93.2,0.296,0.068,0.007,cycling
5.264,0.588,6.196,0.333,6.77,0.003,2.703,1.852,1.753,8.332,1.853,34.077,311.961,66.677,101.0,0.121,0.023,0.003,walking
3.139,0.394,3.723,0.163,10.22,0.039,2.012,1.539,2.701,9.784,1.66,48.728,384.089,32.157,125.0,0.003,0.004,0.027,walking
54.327,19.233,73.5,0.547,0.251,0.205,0.379,0.117,0.433,1.769,0.171,8.057,16.595,4.636,0.0,0.98,0.363,0.466,metro
0.042,0.005,0.802,0.021,0.329,1.0,0.024,0.006,0.067,0.118,0.0,1.451,0.286,1.392,0.0,0.124,1.0,0.076,stationary
25.633,12.131,43.209,1.271,4.683,0.415,0.668,0.554,0.893,2.263,0.051,10.576,48.087,15.902,0.0,0.829,0.52,0.18,bus
63.341,16.243,90.789,0.789,1.987,0.365,0.397,0.24,0.206,0.993,0.005,2.368,11.225,8.308,0.0,0.998,0.366,0.351,metro
45.005,2.297,70.529,0.756,3.365,0.224,0.211,0.279,0.65,1.684,0.246,19.282,35.698,14.944,0.0,0.381,0.132,0.021,car
16.88,2.063,23.67,0.499,2.641,0.183,0.79,0.73,1.476,5.327,1.433,27.591,151.343,20.562,84.0,0.115,0.148,0.02,cycling
5.482,0.167,6.879,0.227,4.734,0.031,1.309,0.96,2.16,7.044,1.714,41.31,383.473,63.991,115.5,0.192,0.082,0.031,walking
0.291,0.036,0.234,0.024,0.264,1.0,0.067,0.003,0.001,0.055,0.0,0.635,0.608,0.327,0.0,0.029,1.0,0.087,stationary
53.208,11.656,77.189,1.583,2.496,0.44,0.283,0.072,0.492,1.287,0.156,4.31,12.452,12.179,0.0,0.862,0.405,0.152,metro
45.399,4.999,63.451,1.107,1.5,0.128,0.423,0.302,0.538,1.943,0.112,15.359,39.286,9.544,0.0,0.072,0.131,0.019,car
19.64,0.868,24.198,0.793,6.038,0.037,0.849,0.818,1.171,3.205,1.058,30.51,230.317,47.803,61.7,0.212,0.097,0.035,cycling
16.168,12.403,35.171,1.607,4.449,0.558,0.864,0.511,0.474,3.224,0.239,15.975,58.318,21.63,0.0,0.956,0.315,0.105,bus
46.368,6.572,71.526,0.993,4.558,0.226,0.406,0.342,0.552,0.923,0.2,19.722,58.026,22.669,0.0,0.175,0.063,0.044,car
43.829,22.805,72.468,0.9,0.985,0.277,0.355,0.273,0.31,1.014,0.195,6.712,28.931,10.865,0.0,0.95,0.227,0.721,metro
30.992,1.979,39.512,1.176,4.814,0.134,0.592,0.235,0.665,0.853,0.066,19.105,22.696,17.708,0.0,0.278,0.091,0.018,scooter
20.168,2.85,30.183,0.413,5.587,0.204,0.435,0.095,0.65,1.86,0.222,13.115,37.084,13.726,0.0,0.32,0.113,0.045,scooter
61.291,19.173,78.84,1.25,1.835,0.182,0.189,0.283,0.494,1.524,0.106,9.554,24.36,3.73,0.0,0.949,0.433,0.819,metro
27.939,13.12,41.708,1.085,1.598,0.444,0.466,0.109,0.642,1.524,0.001,8.163,41.245,20.461,0.0,0.885,0.35,0.567,bus
49.265,10.348,74.991,0.54,4.431,0.128,0.504,0.149,0.512,1.476,0.006,18.404,33.785,15.277,0.0,0.349,0.19,0.048,car
56.913,7.454,71.95,0.559,1.254,0.161,0.296,0.266,0.288,2.038,0.025,11.791,45.239,11.372,0.0,0.334,0.086,0.01,car
4.353,0.16,5.372,0.114,8.898,0.122,2.123,1.038,3.177,5.397,1.725,29.034,257.347,58.906,111.2,0.242,0.097,0.015,walking
0.09,0.011,0.73,0.048,0.123,1.0,0.015,0.002,0.078,0.005,0.0,0.811,0.654,1.124,0.0,0.187,1.0,0.011,stationary
5.791,0.552,6.574,0.368,8.584,0.144,1.838,2.065,2.465,9.64,2.14,52.573,369.68,40.724,127.2,0.092,0.072,0.046,walking
15.45,6.595,26.991,0.994,4.467,0.578,0.696,0.532,0.983,1.325,0.026,7.103,54.767,13.605,0.0,0.941,0.311,0.531,bus
0.517,0.019,0.634,0.024,0.655,1.0,0.059,0.003,0.087,0.057,0.0,0.408,0.655,2.266,0.0,0.091,1.0,0.004,stationary
18.834,1.691,22.524,0.54,4.401,0.052,0.84,1.206,1.933,5.351,1.364,19.468,106.198,19.918,87.1,0.324,0.125,0.023,cycling
38.369,10.901,55.986,0.788,2.442,0.211,0.593,0.131,0.426,0.621,0.01,9.623,34.715,9.255,0.0,0.322,0.13,0.007,car
52.865,7.842,70.754,0.764,2.016,0.269,0.537,0.079,0.25,1.188,0.056,6.124,12.352,7.446,0.0,0.948,0.289,0.356,metro
30.142,2.97,38.979,0.465,5.692,0.057,0.268,0.246,0.398,2.062,0.361,9.365,56.863,23.082,0.0,0.069,0.167,0.034,scooter
27.888,1.225,37.063,0.628,5.317,0.085,0.251,0.199,0.551,1.746,0.101,13.985,73.929,27.053,0.0,0.335,0.124,0.016,scooter
46.013,3.972,63.191,0.921,3.116,0.238,0.56,0.206,0.737,1.114,0.267,9.257,32.115,22.886,0.0,0.399,0.174,0.033,car
3.272,0.536,4.118,0.34,9.905,0.145,1.542,1.982,1.488,4.795,1.97,58.62,224.944,31.752,129.2,0.147,0.092,0.045,walking
24.234,0.879,30.794,0.745,5.497,0.166,0.331,0.143,0.61,1.399,0.179,10.736,55.596,22.978,0.0,0.4,0.171,0.013,scooter
17.851,3.513,23.404,0.516,2.401,0.112,1.247,1.094,1.69,5.03,1.134,44.622,230.121,18.527,78.7,0.127,0.042,0.004,cycling
31.963,1.352,36.512,0.955,3.073,0.156,0.453,0.116,0.398,1.99,0.397,16.346,80.41,25.122,0.0,0.141,0.116,0.048,scooter
30.514,5.125,41.011,1.433,2.311,0.46,0.542,0.233,0.92,1.527,0.08,16.008,13.199,6.295,0.0,0.973,0.318,0.842,bus
23.244,2.018,32.104,1.062,4.869,0.176,0.433,0.14,0.518,2.13,0.303,10.305,21.986,29.101,0.0,0.18,0.125,0.013,scooter
55.81,9.58,84.758,0.685,0.564,0.312,0.264,0.17,0.686,1.066,0.149,9.284,7.929,6.892,0.0,0.926,0.205,0.454,metro
23.629,4.956,33.888,1.184,1.625,0.351,0.725,0.469,0.837,3.0,0.045,6.768,25.262,18.048,0.0,0.78,0.368,0.582,bus
30.306,8.374,43.989,1.207,3.75,0.158,0.585,0.334,0.454,0.77,0.129,14.234,47.045,19.901,0.0,0.09,0.154,0.015,car
0.109,0.028,0.397,0.023,0.442,1.0,0.002,0.005,0.035,0.149,0.0,0.267,0.341,1.083,0.0,0.176,1.0,0.088,stationary
34.321,7.925,50.703,1.041,4.106,0.322,0.368,0.461,1.09,2.177,0.272,17.305,56.265,8.95,0.0,0.877,0.429,0.624,bus
23.625,1.394,27.068,1.028,5.401,0.142,0.333,0.109,0.541,1.821,0.211,14.095,59.692,16.991,0.0,0.216,0.071,0.046,scooter
19.908,0.828,30.851,1.193,3.68,0.1,0.559,0.058,0.307,1.023,0.081,10.62,84.369,30.501,0.0,0.155,0.082,0.002,scooter
12.343,0.816,15.983,0.514,2.293,0.143,0.743,0.646,1.224,4.773,1.084,20.264,113.194,28.53,94.8,0.274,0.137,0.047,cycling
3.617,0.381,4.529,0.147,7.807,0.059,2.526,2.7,2.744,9.281,2.181,35.388,266.026,30.614,95.9,0.204,0.024,0.017,walking
0.55,0.041,0.33,0.018,0.399,1.0,0.035,0.003,0.085,0.068,0.0,0.821,0.016,0.773,0.0,0.191,1.0,0.099,stationary
5.094,0.357,6.547,0.372,8.472,0.039,2.764,0.923,2.06,7.256,1.897,25.376,170.711,33.484,110.3,0.05,0.046,0.006,walking
5.691,0.38,7.278,0.398,10.848,0.14,2.474,2.73,1.417,6.945,2.03,48.007,383.989,53.433,104.0,0.127,0.097,0.03,walking
42.623,7.674,64.367,0.781,4.049,0.083,0.569,0.287,0.678,0.622,0.276,11.253,19.358,12.827,0.0,0.105,0.139,0.032,car
20.358,6.487,32.382,1.375,3.959,0.321,0.625,0.45,0.517,2.105,0.074,9.925,41.622,6.606,0.0,0.832,0.549,0.841,bus
34.871,15.703,43.201,0.907,3.77,0.375,0.424,0.174,0.975,1.225,0.269,10.377,34.057,8.461,0.0,0.768,0.271,0.712,bus
19.086,9.941,28.545,1.678,4.288,0.305,0.803,0.502,0.46,2.193,0.259,11.963,57.372,17.733,0.0,0.97,0.546,0.546,bus
30.44,7.072,41.683,0.69,3.332,0.56,0.744,0.279,0.47,2.841,0.1,17.948,33.584,18.079,0.0,0.961,0.469,0.505,bus
65.083,12.381,88.439,0.748,2.093,0.288,0.384,0.185,0.653,1.356,0.137,7.295,23.085,5.117,0.0,0.889,0.349,0.946,metro
14.009,3.204,20.1,0.599,3.709,0.045,1.443,0.835,1.911,4.514,1.325,15.325,81.386,34.792,94.8,0.317,0.14,0.039,cycling
16.748,1.283,27.531,1.034,1.516,0.234,0.496,0.147,0.628,1.821,0.062,14.107,47.597,19.261,0.0,0.142,0.066,0.015,scooter
43.91,16.94,64.503,0.728,0.401,0.438,0.39,0.052,0.609,0.515,0.017,9.719,5.691,6.085,0.0,0.889,0.263,0.697,metro
20.973,3.387,32.451,0.89,1.806,0.177,0.436,0.152,0.704,1.05,0.267,21.988,29.34,25.309,0.0,0.117,0.148,0.037,scooter
32.621,18.942,50.386,0.726,0.405,0.376,0.538,0.074,0.309,1.438,0.131,4.231,29.755,12.866,0.0,0.892,0.414,0.254,metro
22.42,3.163,28.047,0.451,3.103,0.172,0.395,0.13,0.645,0.829,0.206,20.121,28.311,21.883,0.0,0.154,0.104,0.016,scooter
23.44,2.98,30.632,0.48,3.938,0.068,1.045,0.901,1.515,2.778,1.304,18.602,193.922,36.501,90.3,0.109,0.131,0.037,cycling
31.978,3.343,41.837,0.496,4.086,0.231,0.204,0.148,0.576,1.731,0.21,21.12,76.619,25.285,0.0,0.075,0.12,0.025,scooter
16.81,3.829,23.685,0.572,2.467,0.154,0.954,0.898,1.728,4.616,1.443,30.401,137.9,31.847,81.2,0.335,0.102,0.026,cycling
0.19,0.003,0.598,0.015,0.989,1.0,0.078,0.008,0.0,0.105,0.0,1.266,0.742,1.671,0.0,0.109,1.0,0.039,stationary
15.093,1.735,17.102,0.326,3.82,0.098,1.278,0.957,1.086,5.925,1.223,44.657,74.513,37.38,72.6,0.239,0.061,0.036,cycling
3.457,0.592,4.693,0.211,7.81,0.05,2.298,2.156,2.763,8.569,1.878,34.926,190.98,56.628,118.5,0.242,0.082,0.041,walking
25.808,2.189,36.284,0.829,4.986,0.101,0.295,0.173,0.654,1.791,0.375,8.536,34.0,23.807,0.0,0.133,0.166,0.036,scooter
25.203,12.486,43.448,0.611,4.618,0.32,0.401,0.206,1.025,1.274,0.168,7.699,58.355,8.436,0.0,0.728,0.351,0.616,bus
18.138,11.845,36.839,0.752,2.515,0.408,0.341,0.291,0.878,3.184,0.094,4.98,41.279,19.709,0.0,0.93,0.436,0.034,bus
4.883,0.237,5.608,0.304,7.025,0.067,1.659,0.873,2.42,9.252,1.658,29.723,204.857,62.222,103.1,0.1,0.009,0.01,walking
17.191,2.279,20.463,1.158,3.313,0.208,0.553,0.098,0.447,2.39,0.165,8.033,33.015,19.154,0.0,0.123,0.178,0.006,scooter
13.402,3.197,15.557,0.512,7.701,0.126,1.431,0.976,1.43,2.982,1.127,16.067,157.72,45.192,71.7,0.227,0.042,0.008,cycling
59.048,9.446,72.572,1.196,4.23,0.063,0.58,0.336,0.729,1.285,0.205,5.498,58.939,21.328,0.0,0.108,0.173,0.023,car
3.265,0.558,3.772,0.23,4.883,0.018,1.345,3.045,1.417,7.973,2.121,41.103,207.107,45.418,117.1,0.047,0.092,0.008,walking
28.773,10.297,46.991,1.188,1.928,0.348,0.674,0.419,0.549,2.98,0.166,14.204,11.699,12.994,0.0,0.8,0.493,0.192,bus
21.335,4.848,39.007,0.92,1.717,0.462,0.849,0.376,0.511,3.422,0.028,8.75,30.173,15.406,0.0,0.778,0.433,0.415,bus
0.1,0.013,0.597,0.036,0.861,1.0,0.008,0.003,0.073,0.114,0.0,0.708,0.47,2.101,0.0,0.053,1.0,0.053,stationary
28.698,13.516,43.465,0.692,2.499,0.549,0.599,0.52,0.67,2.92,0.232,4.04,14.589,8.469,0.0,0.837,0.294,0.75,bus
5.215,0.216,6.946,0.22,7.122,0.111,2.096,2.845,2.377,5.067,2.072,49.727,284.025,25.582,109.0,0.236,0.038,0.034,walking
73.871,6.325,94.411,1.556,1.865,0.158,0.173,0.057,0.564,0.567,0.082,9.529,24.463,10.835,0.0,0.883,0.291,0.216,metro
5.602,0.401,6.453,0.323,8.273,0.065,1.507,1.641,1.837,7.595,1.901,48.081,374.98,36.19,122.3,0.023,0.06,0.014,walking
0.301,0.031,0.564,0.037,0.403,1.0,0.06,0.01,0.063,0.181,0.0,1.545,0.645,2.117,0.0,0.01,1.0,0.045,stationary
4.939,0.14,6.398,0.324,7.448,0.047,2.096,1.962,2.755,4.535,1.877,55.026,160.268,28.939,108.4,0.174,0.022,0.04,walking
0.248,0.038,0.629,0.013,0.885,1.0,0.04,0.004,0.078,0.022,0.0,0.18,0.625,1.191,0.0,0.024,1.0,0.009,stationary
14.736,3.69,16.96,0.365,5.587,0.113,0.902,1.181,0.915,2.493,1.098,25.911,89.8,39.617,67.2,0.164,0.142,0.017,cycling
28.251,6.541,42.248,0.915,1.19,0.43,0.372,0.166,0.535,2.499,0.211,6.063,32.169,11.753,0.0,0.805,0.51,0.476,bus
28.968,5.369,40.662,1.58,4.786,0.301,0.376,0.433,0.825,2.098,0.096,5.785,40.536,21.521,0.0,0.911,0.483,0.143,bus
0.116,0.05,0.742,0.004,0.347,1.0,0.035,0.004,0.03,0.039,0.0,1.496,0.895,1.426,0.0,0.098,1.0,0.084,stationary
4.103,0.302,5.036,0.394,10.457,0.128,2.795,2.547,2.599,9.209,1.679,56.833,329.262,62.599,111.1,0.166,0.09,0.025,walking
59.795,21.425,87.874,0.615,1.253,0.216,0.293,0.272,0.377,1.694,0.084,4.026,24.201,11.587,0.0,0.896,0.346,0.277,metro
4.286,0.105,5.712,0.201,4.409,0.063,1.981,2.178,1.58,6.888,1.87,42.461,142.563,29.244,111.3,0.151,0.066,0.044,walking
24.583,2.246,31.465,0.81,5.783,0.063,0.575,0.214,0.256,1.3,0.232,12.448,39.804,11.892,0.0,0.13,0.183,0.017,scooter
25.035,2.782,28.955,0.703,3.946,0.217,0.334,0.157,0.595,2.073,0.105,20.773,69.157,27.432,0.0,0.37,0.079,0.043,scooter
17.47,2.634,28.483,1.085,4.41,0.098,0.56,0.176,0.632,2.113,0.228,15.516,70.706,25.739,0.0,0.365,0.125,0.033,scooter
5.252,0.336,5.863,0.31,5.121,0.038,1.725,1.88,2.557,5.054,1.825,55.153,138.365,40.577,103.4,0.005,0.098,0.041,walking
38.636,12.23,63.094,0.961,0.793,0.152,0.488,0.24,0.543,1.637,0.107,5.565,7.97,4.91,0.0,0.864,0.407,0.677,metro
22.949,4.339,37.355,1.339,1.041,0.509,0.314,0.352,0.982,2.979,0.284,15.035,59.435,13.318,0.0,0.717,0.32,0.622,bus
38.208,13.868,63.922,1.529,1.109,0.273,0.208,0.054,0.562,1.64,0.073,7.999,21.198,11.379,0.0,0.891,0.35,0.3,metro
52.972,9.928,80.023,0.528,2.558,0.237,0.448,0.302,0.634,1.378,0.108,15.068,30.003,10.898,0.0,0.372,0.083,0.027,car
23.572,10.67,40.363,0.94,3.583,0.419,0.612,0.185,0.548,2.337,0.176,13.008,53.605,17.725,0.0,0.95,0.387,0.292,bus
56.399,2.806,73.479,0.45,2.275,0.242,0.471,0.171,0.391,1.57,0.026,17.116,76.632,8.119,0.0,0.271,0.164,0.044,car
20.545,1.191,22.889,0.754,7.323,0.1,1.136,0.516,1.26,3.63,1.403,26.405,194.832,46.563,74.9,0.252,0.14,0.034,cycling
50.457,13.811,82.713,0.578,1.198,0.281,0.244,0.069,0.669,0.926,0.07,3.907,19.846,9.997,0.0,0.963,0.225,0.575,metro
22.268,3.521,40.563,0.469,1.711,0.087,0.463,0.106,0.756,1.605,0.297,17.344,31.931,12.005,0.0,0.257,0.189,0.029,car
42.111,9.123,59.62,0.56,1.482,0.122,0.239,0.189,0.612,0.9,0.154,9.719,40.469,19.464,0.0,0.325,0.166,0.042,car
14.561,9.427,23.116,1.778,2.961,0.49,0.536,0.103,1.031,1.459,0.134,8.684,54.217,20.111,0.0,0.919,0.467,0.681,bus
73.189,6.517,90.092,1.32,1.018,0.183,0.159,0.109,0.507,1.708,0.174,5.916,13.422,10.098,0.0,0.883,0.224,0.117,metro
0.415,0.012,0.671,0.009,0.238,1.0,0.034,0.004,0.035,0.147,0.0,1.139,0.87,0.389,0.0,0.034,1.0,0.066,stationary
0.317,0.04,0.514,0.024,0.771,1.0,0.004,0.007,0.021,0.018,0.0,1.872,0.054,0.259,0.0,0.064,1.0,0.01,stationary
23.368,6.233,34.0,0.897,3.017,0.52,0.737,0.168,1.038,2.216,0.188,13.117,14.707,18.662,0.0,0.807,0.406,0.74,bus
4.103,0.423,5.549,0.203,10.436,0.131,1.595,3.012,3.322,5.412,1.913,31.637,262.387,57.993,129.8,0.176,0.099,0.01,walking
22.244,12.805,33.236,1.131,3.412,0.395,0.746,0.371,0.948,2.534,0.214,16.686,49.421,16.886,0.0,0.723,0.435,0.158,bus
3.231,0.475,4.735,0.205,8.58,0.011,2.079,1.874,1.464,5.486,1.983,24.803,153.411,45.888,115.0,0.199,0.024,0.021,walking
60.533,11.259,92.218,0.545,2.24,0.408,0.177,0.281,0.348,0.845,0.134,6.158,24.691,6.07,0.0,0.928,0.37,0.169,metro
17.474,3.416,25.071,0.393,6.181,0.131,1.346,1.092,0.947,4.435,1.447,19.286,213.381,19.743,85.9,0.243,0.103,0.0,cycling
5.138,0.203,5.914,0.269,7.087,0.087,2.551,1.507,3.317,7.486,2.09,46.581,144.693,60.838,121.9,0.17,0.099,0.046,walking
18.452,3.281,21.394,0.322,2.65,0.065,1.505,0.362,1.582,3.764,1.256,30.904,74.722,45.583,70.0,0.052,0.084,0.009,cycling
33.178,10.004,44.406,1.308,1.091,0.593,0.563,0.555,0.668,2.443,0.018,8.878,27.549,9.292,0.0,0.724,0.345,0.632,bus
18.963,1.206,24.181,0.753,5.562,0.238,0.23,0.094,0.64,2.33,0.27,15.914,30.484,18.909,0.0,0.13,0.128,0.029,scooter
49.473,4.566,78.157,0.526,1.673,0.131,0.346,0.178,0.321,1.018,0.024,14.803,17.89,23.852,0.0,0.149,0.051,0.005,car
16.981,0.899,23.759,0.854,1.862,0.073,0.211,0.074,0.381,2.488,0.177,18.644,86.581,10.036,0.0,0.289,0.14,0.031,scooter
30.167,1.017,39.273,0.958,4.692,0.123,0.324,0.249,0.492,1.82,0.398,17.603,48.501,11.727,0.0,0.332,0.107,0.019,scooter
41.785,17.288,62.455,0.874,1.374,0.363,0.473,0.189,0.201,0.793,0.192,7.532,25.64,4.77,0.0,0.999,0.243,0.351,metro
23.732,0.755,32.987,0.61,1.748,0.219,0.221,0.083,0.708,1.118,0.198,15.389,39.028,28.571,0.0,0.317,0.137,0.039,scooter
5.692,0.498,6.428,0.314,3.91,0.119,1.469,1.672,2.798,6.932,1.63,34.878,157.579,48.649,120.6,0.047,0.051,0.024,walking
19.029,7.34,38.018,1.688,3.665,0.551,0.348,0.256,1.097,2.927,0.058,12.403,18.031,11.834,0.0,0.765,0.513,0.02,bus
57.311,7.918,70.078,0.627,5.184,0.16,0.506,0.194,0.577,1.878,0.022,18.34,22.617,20.852,0.0,0.335,0.147,0.034,car
38.675,10.666,54.764,0.804,1.464,0.317,0.195,0.21,0.637,1.413,0.086,7.363,6.474,6.116,0.0,0.881,0.33,0.863,metro
12.203,2.084,16.159,0.661,4.75,0.191,1.237,1.371,1.426,5.099,1.377,40.234,98.7,45.655,63.2,0.283,0.044,0.019,cycling
43.16,16.3,63.609,1.258,2.28,0.402,0.24,0.19,0.439,1.563,0.191,7.473,27.727,3.763,0.0,0.924,0.458,0.84,metro
0.453,0.024,0.086,0.033,0.669,1.0,0.056,0.007,0.083,0.119,0.0,0.502,0.209,1.062,0.0,0.066,1.0,0.033,stationary
17.837,0.92,23.842,0.316,4.292,0.032,0.922,1.133,0.93,3.921,1.059,25.928,97.321,23.272,74.0,0.26,0.139,0.031,cycling
44.444,10.691,59.623,0.933,3.67,0.097,0.24,0.148,0.311,1.583,0.063,13.842,42.649,12.064,0.0,0.199,0.172,0.003,car
18.554,0.785,25.172,0.918,1.869,0.107,0.304,0.153,0.612,2.482,0.295,12.882,83.876,11.423,0.0,0.103,0.192,0.024,scooter
64.857,5.153,84.368,1.19,2.609,0.094,0.56,0.258,0.652,1.897,0.159,19.492,38.898,17.563,0.0,0.062,0.146,0.044,car
43.957,3.586,64.47,0.925,4.535,0.196,0.317,0.145,0.7,0.62,0.097,13.921,27.669,21.302,0.0,0.274,0.146,0.03,car
17.156,0.782,25.49,0.986,5.886,0.203,0.29,0.244,0.575,1.455,0.282,10.295,67.66,12.7,0.0,0.14,0.125,0.008,scooter
46.309,9.873,62.806,0.925,1.553,0.424,0.501,0.203,0.573,1.068,0.041,6.261,6.846,6.655,0.0,0.945,0.331,0.35,metro
28.461,9.388,46.059,1.028,2.574,0.573,0.349,0.278,1.077,1.849,0.217,11.952,16.708,9.477,0.0,0.83,0.416,0.331,bus
5.43,0.272,6.64,0.262,11.228,0.075,1.338,1.483,2.864,9.916,1.81,28.379,114.803,25.825,127.1,0.027,0.085,0.029,walking
49.428,3.491,64.356,0.864,2.853,0.142,0.433,0.348,0.644,0.895,0.082,8.28,35.354,11.043,0.0,0.41,0.159,0.026,car
15.885,1.956,23.239,0.419,2.555,0.084,1.448,0.707,1.553,2.08,1.399,29.907,175.55,28.872,69.6,0.305,0.055,0.046,cycling
74.466,14.087,99.057,0.502,1.819,0.243,0.3,0.174,0.65,1.327,0.161,6.278,9.486,7.774,0.0,0.873,0.495,0.749,metro
3.508,0.296,4.429,0.189,6.846,0.037,2.461,3.079,2.844,5.52,1.894,27.458,346.2,44.515,129.4,0.017,0.01,0.049,walking
28.287,1.851,35.718,1.067,2.719,0.171,0.245,0.125,0.679,1.688,0.374,24.7,43.555,29.736,0.0,0.263,0.199,0.023,scooter
46.657,7.574,59.558,0.963,2.944,0.159,0.591,0.333,0.707,1.128,0.035,13.549,32.922,11.858,0.0,0.35,0.084,0.023,car
0.588,0.048,0.225,0.017,0.148,1.0,0.028,0.004,0.031,0.042,0.0,1.271,0.121,0.443,0.0,0.119,1.0,0.053,stationary
26.931,12.162,37.971,0.72,1.665,0.513,0.717,0.272,0.554,1.655,0.064,16.357,11.028,17.396,0.0,0.92,0.427,0.52,bus
0.501,0.023,0.116,0.028,0.986,1.0,0.064,0.003,0.032,0.128,0.0,0.62,0.165,0.929,0.0,0.18,1.0,0.094,stationary
29.985,9.193,40.297,1.637,1.249,0.355,0.73,0.115,0.621,1.916,0.077,16.365,55.466,19.443,0.0,0.965,0.429,0.389,bus
34.106,6.068,56.931,0.987,4.187,0.188,0.384,0.111,0.595,2.007,0.261,15.585,40.113,23.454,0.0,0.337,0.188,0.022,car
17.296,2.756,21.546,0.315,7.89,0.14,0.759,0.615,1.836,3.497,1.197,18.545,108.59,22.485,85.6,0.3,0.107,0.038,cycling
63.495,24.704,90.336,1.431,2.138,0.162,0.224,0.221,0.467,1.361,0.141,2.647,15.679,6.894,0.0,0.919,0.201,0.146,metro
0.447,0.015,0.858,0.047,0.448,1.0,0.048,0.005,0.005,0.029,0.0,1.438,0.497,2.447,0.0,0.069,1.0,0.069,stationary
0.43,0.028,0.041,0.042,0.225,1.0,0.046,0.008,0.013,0.077,0.0,0.164,0.699,1.549,0.0,0.098,1.0,0.096,stationary
21.507,2.28,24.125,0.706,2.74,0.146,1.243,0.901,1.434,3.339,1.458,20.857,202.456,35.199,84.7,0.19,0.053,0.039,cycling
4.712,0.384,5.371,0.286,7.409,0.057,1.945,2.093,2.952,6.436,1.94,58.342,121.724,58.287,106.8,0.011,0.033,0.006,walking
0.034,0.044,0.364,0.048,0.995,1.0,0.042,0.01,0.018,0.043,0.0,1.331,0.724,1.468,0.0,0.06,1.0,0.031,stationary
3.515,0.593,4.967,0.3,8.63,0.085,2.221,1.426,3.274,4.726,1.663,44.242,150.875,37.211,98.9,0.216,0.03,0.017,walking
5.509,0.45,6.106,0.102,11.303,0.01,1.559,1.215,2.635,7.086,1.963,25.129,386.013,63.239,110.0,0.19,0.073,0.001,walking
35.108,4.064,48.315,1.684,4.763,0.378,0.561,0.214,0.676,1.544,0.156,15.807,43.208,7.433,0.0,0.866,0.381,0.28,bus
54.456,22.814,87.037,0.536,0.993,0.159,0.529,0.242,0.269,0.731,0.011,9.285,25.637,5.351,0.0,0.929,0.354,0.435,metro
22.37,6.526,31.364,0.921,3.248,0.41,0.486,0.466,0.86,1.483,0.089,11.251,59.844,11.875,0.0,0.96,0.36,0.319,bus
63.283,4.745,78.129,1.241,5.77,0.185,0.574,0.193,0.499,1.389,0.162,5.557,43.858,9.476,0.0,0.168,0.152,0.05,car
17.389,5.369,33.653,0.717,4.889,0.27,0.699,0.58,0.671,2.74,0.19,12.572,11.082,7.457,0.0,0.739,0.34,0.181,bus
0.423,0.024,0.307,0.009,0.452,1.0,0.007,0.001,0.011,0.018,0.0,1.502,0.199,2.197,0.0,0.115,1.0,0.097,stationary
22.767,1.842,25.253,0.541,3.662,0.15,0.615,0.735,0.822,3.357,1.278,24.539,105.042,41.46,75.0,0.278,0.028,0.011,cycling
42.235,9.728,52.897,1.226,5.759,0.224,0.397,0.258,0.374,1.303,0.299,7.815,50.27,24.667,0.0,0.122,0.195,0.032,car
32.329,12.19,44.579,0.661,3.738,0.251,0.684,0.419,0.791,1.3,0.078,15.246,56.926,20.679,0.0,0.936,0.543,0.596,bus
16.608,2.282,23.648,0.729,2.577,0.075,1.063,1.206,1.821,5.855,1.443,25.635,164.901,28.307,61.7,0.102,0.071,0.033,cycling
21.192,3.077,28.485,0.504,2.821,0.246,0.297,0.094,0.677,0.897,0.392,13.041,65.043,10.861,0.0,0.247,0.125,0.041,scooter
4.392,0.13,5.72,0.256,6.334,0.13,2.594,2.154,2.716,9.53,2.049,21.882,231.837,63.953,113.7,0.115,0.036,0.037,walking
50.022,10.51,71.044,0.884,4.088,0.206,0.358,0.282,0.376,1.568,0.03,6.036,20.975,24.829,0.0,0.182,0.08,0.033,car
5.361,0.125,5.974,0.156,3.374,0.136,1.432,1.155,1.521,4.599,1.711,26.426,360.782,51.408,101.7,0.147,0.088,0.022,walking
22.852,2.919,30.783,1.016,4.712,0.205,0.557,0.131,0.337,2.013,0.09,18.618,63.698,10.181,0.0,0.342,0.126,0.03,scooter
17.02,2.251,24.318,0.638,5.286,0.091,0.887,0.81,1.857,5.288,1.111,35.295,163.854,53.785,93.1,0.19,0.101,0.012,cycling
0.319,0.0,0.597,0.038,0.203,1.0,0.065,0.005,0.067,0.075,0.0,0.676,0.796,0.676,0.0,0.032,1.0,0.039,stationary
25.394,5.563,46.961,1.021,1.467,0.102,0.643,0.169,0.438,0.663,0.01,16.736,77.759,20.362,0.0,0.35,0.134,0.017,car
22.714,8.391,49.34,0.711,3.109,0.202,0.246,0.186,0.488,0.897,0.212,6.214,53.34,11.359,0.0,0.444,0.168,0.025,car
62.129,4.061,89.714,0.705,4.275,0.211,0.344,0.168,0.346,0.653,0.213,15.459,26.395,18.22,0.0,0.173,0.149,0.012,car
63.163,16.226,91.193,1.044,2.154,0.376,0.271,0.217,0.43,0.97,0.139,2.366,14.2,11.942,0.0,0.959,0.425,0.4,metro
35.243,8.148,49.721,1.362,2.592,0.376,0.791,0.574,0.757,1.901,0.028,16.571,48.451,14.116,0.0,0.857,0.344,0.618,bus
24.809,0.677,36.12,0.856,4.496,0.134,0.203,0.243,0.48,2.078,0.264,18.476,20.288,19.844,0.0,0.116,0.127,0.032,scooter
0.41,0.027,0.876,0.032,0.715,1.0,0.079,0.003,0.07,0.126,0.0,1.099,0.378,2.348,0.0,0.194,1.0,0.058,stationary
12.911,2.365,16.486,0.772,7.947,0.047,0.849,0.689,1.112,3.463,1.055,35.82,227.076,21.578,90.8,0.141,0.094,0.005,cycling
24.132,10.485,37.14,0.48,4.68,0.209,0.645,0.265,0.589,2.067,0.144,8.896,34.271,8.92,0.0,0.342,0.064,0.037,car
0.531,0.036,0.436,0.02,0.524,1.0,0.057,0.0,0.036,0.199,0.0,1.394,0.569,1.437,0.0,0.131,1.0,0.049,stationary
57.284,7.998,86.85,0.627,3.44,0.233,0.316,0.22,0.307,1.466,0.021,13.308,35.504,17.952,0.0,0.074,0.152,0.05,car
74.15,23.382,102.428,0.504,0.971,0.165,0.164,0.288,0.418,1.27,0.128,5.559,9.578,9.178,0.0,0.861,0.476,0.234,metro
21.667,1.786,29.544,0.471,7.797,0.087,0.615,0.945,1.762,2.222,1.493,26.022,220.55,19.032,68.9,0.054,0.057,0.01,cycling
28.265,2.777,34.58,0.729,4.76,0.206,0.309,0.124,0.66,1.944,0.228,18.547,82.28,13.722,0.0,0.321,0.134,0.012,scooter
28.351,3.352,38.111,0.451,5.019,0.057,0.473,0.15,0.55,0.903,0.23,13.376,83.042,30.914,0.0,0.283,0.06,0.008,scooter
3.954,0.573,5.682,0.225,7.823,0.065,1.864,2.3,1.543,7.902,2.019,47.696,378.615,50.683,116.5,0.106,0.098,0.038,walking
38.272,4.546,58.172,0.942,2.499,0.138,0.341,0.141,0.621,1.733,0.039,5.944,23.773,20.664,0.0,0.267,0.133,0.048,car
21.781,2.781,28.103,0.422,2.284,0.092,1.562,0.722,1.747,2.537,1.459,28.173,66.21,43.33,74.9,0.299,0.045,0.015,cycling
21.168,3.084,28.25,0.775,4.326,0.067,1.56,0.999,0.811,4.592,1.276,44.999,183.118,37.663,68.3,0.282,0.11,0.035,cycling
46.961,8.698,60.559,1.006,5.73,0.111,0.536,0.163,0.723,0.823,0.083,9.831,72.889,14.787,0.0,0.273,0.091,0.037,car
12.646,1.633,21.413,0.859,4.967,0.06,0.318,0.237,0.585,1.577,0.171,10.101,71.482,22.587,0.0,0.24,0.109,0.017,scooter
11.691,2.462,17.652,0.411,2.943,0.199,1.235,0.941,1.873,4.994,1.019,39.373,226.818,48.838,83.0,0.332,0.121,0.033,cycling
0.542,0.037,0.011,0.026,0.232,1.0,0.044,0.005,0.042,0.046,0.0,0.476,0.942,2.424,0.0,0.133,1.0,0.006,stationary
16.098,2.569,27.24,0.487,2.092,0.224,0.36,0.165,0.34,1.548,0.4,17.097,50.926,12.404,0.0,0.36,0.088,0.009,scooter
24.824,12.07,37.372,1.265,4.188,0.389,0.419,0.58,0.832,2.86,0.19,13.717,35.768,16.354,0.0,0.791,0.452,0.007,bus
4.605,0.532,5.712,0.141,4.336,0.115,2.034,2.966,1.596,8.709,1.865,54.176,157.805,50.102,126.2,0.15,0.003,0.042,walking
3.923,0.139,5.552,0.256,7.551,0.077,1.654,1.261,2.754,4.82,1.712,46.399,260.307,66.723,96.0,0.148,0.001,0.007,walking
39.661,16.263,59.201,1.548,2.062,0.444,0.491,0.058,0.235,0.833,0.038,2.998,17.248,3.541,0.0,0.991,0.427,0.447,metro
15.377,2.698,19.443,0.524,4.661,0.234,0.494,0.088,0.702,2.456,0.243,16.634,72.754,23.899,0.0,0.209,0.107,0.036,scooter
4.911,0.193,5.691,0.113,9.372,0.037,1.786,1.158,2.404,7.807,1.758,39.122,313.936,28.462,96.2,0.122,0.095,0.018,walking
24.493,13.915,39.99,0.684,3.847,0.34,0.791,0.45,0.682,2.79,0.026,5.47,24.02,19.719,0.0,0.79,0.415,0.306,bus
4.736,0.4,6.391,0.126,5.545,0.143,2.71,1.46,2.418,7.324,2.159,20.35,303.458,41.671,112.8,0.058,0.024,0.036,walking
3.672,0.333,5.153,0.108,5.522,0.067,1.999,1.149,3.123,4.667,1.729,42.273,237.413,41.34,123.0,0.058,0.057,0.003,walking
14.507,6.434,23.592,0.787,4.336,0.493,0.549,0.275,0.972,2.794,0.205,7.948,36.104,20.947,0.0,0.711,0.357,0.23,bus
63.002,4.648,90.87,0.707,2.952,0.203,0.449,0.336,0.726,1.923,0.092,11.477,71.737,14.034,0.0,0.294,0.1,0.011,car
0.449,0.04,0.066,0.048,0.811,1.0,0.078,0.002,0.026,0.154,0.0,1.827,0.516,0.285,0.0,0.169,1.0,0.069,stationary
5.748,0.182,6.83,0.333,3.74,0.108,2.567,0.906,2.558,9.046,1.92,27.774,241.269,60.389,110.9,0.119,0.024,0.031,walking
50.496,24.938,84.192,0.877,0.387,0.428,0.458,0.11,0.224,1.239,0.168,2.12,8.77,5.498,0.0,0.861,0.218,0.411,metro
18.125,2.518,24.185,1.044,4.84,0.084,0.511,0.078,0.383,2.317,0.09,14.717,62.913,13.006,0.0,0.103,0.078,0.01,scooter
60.046,7.981,75.294,1.273,1.059,0.346,0.186,0.07,0.444,1.169,0.099,7.621,16.391,9.082,0.0,0.985,0.272,0.925,metro
11.024,3.282,16.226,0.579,4.527,0.022,1.206,1.109,0.951,3.884,1.204,43.069,109.971,40.981,62.3,0.172,0.078,0.004,cycling
0.052,0.033,0.353,0.043,0.984,1.0,0.02,0.007,0.079,0.135,0.0,0.945,0.27,1.313,0.0,0.169,1.0,0.088,stationary
48.694,8.007,70.115,0.89,2.978,0.181,0.306,0.108,0.577,1.256,0.098,19.479,69.632,20.111,0.0,0.128,0.105,0.028,car
30.039,8.434,59.017,0.808,1.442,0.057,0.489,0.102,0.7,1.229,0.181,17.944,35.427,14.718,0.0,0.245,0.136,0.004,car
41.423,11.314,67.284,1.224,0.337,0.276,0.28,0.291,0.484,0.888,0.028,4.295,27.497,12.891,0.0,0.973,0.343,0.3,metro
17.29,3.41,29.225,0.565,3.517,0.109,0.462,0.197,0.524,1.256,0.269,9.946,30.693,19.956,0.0,0.209,0.11,0.023,scooter
15.784,2.802,22.834,0.866,2.189,0.078,0.469,0.108,0.576,1.537,0.311,22.019,37.764,11.249,0.0,0.373,0.19,0.025,scooter
49.929,11.507,75.627,0.583,1.342,0.191,0.631,0.091,0.708,1.072,0.107,6.951,47.041,14.16,0.0,0.217,0.179,0.026,car
12.419,1.49,15.687,0.482,4.695,0.111,1.405,0.645,1.595,3.919,1.263,43.872,185.941,52.267,82.7,0.178,0.048,0.02,cycling
64.701,6.595,86.811,1.443,0.321,0.227,0.309,0.204,0.487,1.404,0.059,9.0,9.949,4.491,0.0,0.861,0.392,0.221,metro
17.698,2.505,21.441,0.919,3.708,0.052,0.511,0.195,0.638,1.545,0.283,15.6,46.579,29.961,0.0,0.063,0.123,0.013,scooter
60.443,24.243,81.193,0.811,0.566,0.23,0.199,0.125,0.65,1.366,0.039,4.851,10.687,5.773,0.0,0.922,0.338,0.713,metro
4.563,0.251,6.31,0.229,9.081,0.126,2.725,1.599,2.198,6.342,1.978,49.049,250.481,53.172,102.6,0.21,0.014,0.018,walking
55.845,10.014,81.991,0.57,2.388,0.078,0.542,0.276,0.767,1.279,0.25,14.536,40.337,11.955,0.0,0.229,0.171,0.004,car
14.153,4.072,29.096,1.644,2.933,0.309,0.839,0.229,0.442,2.508,0.157,15.139,11.965,19.487,0.0,0.837,0.52,0.599,bus
31.818,5.743,42.69,1.798,4.101,0.328,0.57,0.263,1.037,2.603,0.155,4.632,47.897,20.407,0.0,0.807,0.403,0.335,bus
25.854,10.458,34.613,1.231,3.344,0.545,0.306,0.121,0.746,3.333,0.014,4.441,24.447,16.888,0.0,0.729,0.476,0.56,bus
17.184,2.047,19.679,0.488,4.78,0.089,1.449,0.63,1.954,5.068,1.187,24.053,144.3,49.379,66.7,0.158,0.062,0.026,cycling
21.931,3.786,26.584,0.491,5.186,0.106,1.573,0.876,1.067,4.836,1.472,24.785,69.684,23.735,77.1,0.12,0.097,0.031,cycling
13.45,2.642,22.022,1.127,3.002,0.21,0.323,0.102,0.337,1.852,0.144,9.371,27.764,11.949,0.0,0.301,0.086,0.038,scooter
3.887,0.248,4.483,0.154,4.151,0.149,2.029,1.863,1.972,6.064,1.755,50.517,224.131,61.741,111.5,0.19,0.047,0.028,walking
28.871,4.919,48.787,0.805,3.317,0.133,0.588,0.054,0.648,1.269,0.147,18.454,78.673,8.15,0.0,0.374,0.187,0.008,car
54.527,16.086,81.899,1.106,1.772,0.3,0.223,0.079,0.496,1.22,0.171,5.088,12.855,3.975,0.0,0.881,0.421,0.922,metro
48.273,19.599,70.432,1.056,1.679,0.429,0.372,0.224,0.492,1.744,0.151,7.836,19.075,3.761,0.0,0.906,0.254,0.181,metro
48.336,11.223,59.753,0.748,4.494,0.077,0.322,0.134,0.495,0.647,0.267,18.151,37.286,11.8,0.0,0.14,0.085,0.014,car
4.58,0.383,5.974,0.398,8.866,0.061,1.563,2.326,3.438,5.67,1.974,51.07,152.783,35.515,108.9,0.11,0.006,0.024,walking
14.579,2.202,18.656,0.861,2.897,0.046,1.276,0.646,1.555,4.274,1.371,34.377,247.501,53.616,87.4,0.304,0.058,0.037,cycling
47.198,14.526,62.481,1.384,0.856,0.237,0.229,0.29,0.264,1.722,0.039,8.217,7.321,13.027,0.0,0.978,0.493,0.719,metro
60.079,6.573,78.764,1.575,0.603,0.203,0.213,0.126,0.346,1.693,0.044,5.613,19.086,4.293,0.0,0.927,0.269,0.257,metro
4.457,0.539,5.228,0.221,7.696,0.146,2.294,0.953,3.373,5.361,1.976,42.577,374.461,41.687,108.7,0.017,0.076,0.032,walking
21.153,1.556,24.164,0.736,4.074,0.136,1.114,0.353,0.978,4.398,1.042,26.44,173.311,47.076,94.5,0.083,0.032,0.007,cycling
23.883,1.664,28.08,0.452,5.223,0.155,0.207,0.153,0.352,1.222,0.07,12.903,34.123,24.577,0.0,0.147,0.073,0.047,scooter
16.449,2.765,25.825,0.529,5.048,0.067,0.53,0.115,0.664,1.671,0.053,21.618,62.127,25.936,0.0,0.315,0.114,0.015,scooter
29.033,4.569,38.32,1.027,4.885,0.334,0.416,0.286,0.457,1.735,0.115,5.256,39.907,17.047,0.0,0.926,0.346,0.253,bus
4.149,0.536,5.024,0.269,11.492,0.114,2.155,1.075,2.445,8.954,1.869,43.42,377.103,47.141,96.7,0.151,0.089,0.043,walking
55.922,21.579,73.604,1.243,1.981,0.194,0.48,0.113,0.591,1.494,0.055,8.85,6.928,13.495,0.0,0.899,0.228,0.423,metro
0.236,0.031,0.265,0.033,0.545,1.0,0.07,0.0,0.028,0.13,0.0,0.27,0.776,1.639,0.0,0.169,1.0,0.096,stationary
35.953,3.849,65.665,0.848,1.169,0.221,0.26,0.296,0.407,1.091,0.038,15.448,35.012,7.696,0.0,0.349,0.169,0.049,car
4.958,0.36,6.64,0.38,8.226,0.027,1.722,3.028,1.954,4.767,1.913,51.949,321.874,63.083,118.2,0.123,0.021,0.028,walking
23.429,5.897,38.353,0.766,3.073,0.105,0.246,0.335,0.315,0.645,0.03,9.985,75.99,15.225,0.0,0.356,0.061,0.037,car
27.033,11.654,38.92,0.597,5.818,0.143,0.63,0.218,0.72,0.878,0.203,17.549,36.91,9.874,0.0,0.185,0.121,0.018,car
44.353,5.076,55.757,1.033,2.82,0.102,0.635,0.081,0.703,0.963,0.288,7.493,16.258,16.528,0.0,0.437,0.169,0.038,car
0.313,0.018,0.813,0.04,0.422,1.0,0.071,0.005,0.059,0.131,0.0,1.96,0.486,1.099,0.0,0.178,1.0,0.029,stationary
25.169,1.985,28.437,0.94,4.919,0.247,0.548,0.168,0.377,1.304,0.147,8.801,44.505,18.059,0.0,0.29,0.137,0.048,scooter
30.014,3.371,41.079,0.963,2.654,0.104,0.248,0.1,0.656,2.483,0.108,24.027,85.843,21.257,0.0,0.359,0.141,0.028,scooter
0.212,0.043,0.778,0.027,0.07,1.0,0.065,0.007,0.045,0.17,0.0,1.615,0.83,1.365,0.0,0.095,1.0,0.021,stationary
5.645,0.139,6.227,0.122,6.824,0.012,1.681,1.996,2.851,5.163,1.673,49.973,234.354,37.311,96.6,0.109,0.057,0.01,walking
20.47,6.859,30.307,1.666,1.324,0.298,0.311,0.108,0.869,1.423,0.13,7.183,13.81,21.143,0.0,0.85,0.392,0.619,bus
20.75,14.287,35.631,1.034,1.018,0.423,0.533,0.484,0.829,2.646,0.223,5.626,45.394,18.915,0.0,0.87,0.382,0.488,bus
5.069,0.54,5.706,0.235,6.121,0.053,2.612,0.812,2.497,4.489,2.09,29.159,162.351,52.614,109.4,0.067,0.074,0.013,walking
21.61,1.744,32.912,0.746,2.447,0.065,0.478,0.069,0.418,1.228,0.166,9.211,31.137,28.122,0.0,0.31,0.095,0.01,scooter
0.468,0.032,0.028,0.001,0.785,1.0,0.041,0.006,0.054,0.055,0.0,0.791,0.043,2.316,0.0,0.145,1.0,0.099,stationary
17.095,0.621,28.758,0.503,3.604,0.057,0.492,0.218,0.708,0.832,0.387,11.448,88.189,13.602,0.0,0.284,0.2,0.01,scooter
22.001,3.687,25.2,0.53,4.8,0.172,0.858,1.377,1.041,4.729,1.004,17.467,141.226,44.972,61.5,0.089,0.041,0.016,cycling
28.04,14.829,45.382,0.917,2.395,0.263,0.836,0.201,0.933,1.295,0.025,4.729,45.429,12.345,0.0,0.768,0.324,0.272,bus
21.006,1.726,23.488,0.794,5.468,0.037,1.373,0.843,1.423,5.179,1.463,23.393,193.089,22.667,88.5,0.118,0.092,0.046,cycling
20.089,11.065,28.538,1.778,2.294,0.445,0.724,0.296,0.509,1.622,0.142,13.352,38.691,17.299,0.0,0.826,0.446,0.632,bus
49.821,4.287,68.677,1.057,2.852,0.159,0.391,0.17,0.355,1.828,0.25,7.847,30.576,19.586,0.0,0.133,0.145,0.015,car
13.394,1.45,18.226,0.856,3.499,0.119,0.402,0.178,0.659,1.225,0.392,15.951,35.277,10.803,0.0,0.17,0.081,0.018,scooter
15.242,1.799,19.104,0.702,7.709,0.093,1.047,0.985,1.519,3.885,1.304,34.29,143.023,47.604,88.4,0.234,0.141,0.033,cycling
0.438,0.007,0.365,0.024,0.434,1.0,0.004,0.007,0.057,0.044,0.0,0.14,0.214,0.361,0.0,0.096,1.0,0.097,stationary
3.703,0.52,4.545,0.281,7.028,0.065,2.342,1.855,2.569,6.2,2.171,33.754,392.911,58.641,125.6,0.184,0.091,0.01,walking
17.003,2.55,27.737,0.519,3.913,0.247,0.528,0.162,0.456,1.138,0.141,13.652,21.27,30.162,0.0,0.209,0.12,0.002,scooter
30.397,7.818,60.331,1.056,3.589,0.141,0.59,0.057,0.304,1.034,0.225,9.496,41.983,19.958,0.0,0.181,0.199,0.018,car
37.597,5.651,62.505,1.089,3.211,0.121,0.419,0.096,0.277,2.082,0.226,13.545,19.357,14.021,0.0,0.3,0.083,0.001,car
42.766,13.427,75.767,0.984,2.289,0.269,0.348,0.262,0.327,1.361,0.077,2.717,8.143,5.132,0.0,0.926,0.323,0.352,metro
17.034,4.601,29.863,1.422,2.024,0.28,0.339,0.4,0.933,2.165,0.281,4.886,25.089,15.151,0.0,0.9,0.484,0.313,bus
44.039,4.492,57.924,1.069,1.641,0.209,0.222,0.134,0.486,1.475,0.247,10.811,78.022,10.291,0.0,0.124,0.076,0.014,car
0.199,0.016,0.56,0.015,0.328,1.0,0.029,0.006,0.046,0.19,0.0,0.011,0.736,2.304,0.0,0.067,1.0,0.063,stationary
38.468,24.966,56.047,1.551,0.231,0.244,0.396,0.248,0.247,1.05,0.04,9.955,14.438,7.981,0.0,0.948,0.285,0.916,metro
32.186,6.617,42.394,1.041,1.132,0.261,0.803,0.491,0.981,2.469,0.221,7.793,24.234,10.125,0.0,0.946,0.345,0.616,bus
4.17,0.354,5.04,0.278,6.476,0.073,2.414,2.479,1.659,9.882,1.898,31.186,224.146,63.261,112.9,0.171,0.044,0.044,walking
13.141,0.786,17.436,1.158,2.821,0.21,0.445,0.16,0.635,1.953,0.17,23.836,35.764,11.042,0.0,0.376,0.183,0.0,scooter
45.29,8.897,70.02,1.274,2.753,0.132,0.493,0.258,0.352,1.477,0.141,11.703,75.844,14.821,0.0,0.382,0.114,0.042,car
62.867,9.517,92.167,0.601,4.781,0.152,0.446,0.33,0.622,1.118,0.134,12.411,58.016,24.874,0.0,0.397,0.187,0.004,car
4.361,0.284,5.469,0.123,5.809,0.064,2.572,2.393,2.124,7.975,1.944,34.763,189.938,66.965,111.0,0.223,0.066,0.035,walking
22.148,3.203,27.091,0.509,4.022,0.117,1.498,1.143,1.635,3.602,1.479,41.393,213.092,45.324,89.3,0.197,0.107,0.033,cycling
40.613,8.795,67.185,1.344,1.265,0.31,0.158,0.098,0.584,1.455,0.169,2.152,10.676,5.155,0.0,0.906,0.223,0.781,metro
63.736,16.103,95.566,1.319,2.242,0.279,0.518,0.177,0.641,0.69,0.013,2.666,20.283,6.947,0.0,0.875,0.315,0.93,metro
11.233,2.948,16.339,0.523,5.655,0.026,0.992,0.938,1.403,4.689,1.329,32.642,149.214,44.688,64.1,0.141,0.069,0.02,cycling
50.663,22.069,73.062,1.225,2.158,0.243,0.446,0.195,0.301,0.671,0.02,4.955,14.758,9.774,0.0,0.873,0.316,0.279,metro
66.193,8.536,93.584,1.232,1.276,0.155,0.181,0.225,0.35,1.66,0.038,9.132,18.616,12.091,0.0,0.88,0.453,0.458,metro
11.777,2.297,16.608,0.857,4.04,0.029,0.623,0.995,1.872,3.726,1.454,25.379,205.415,47.355,78.1,0.211,0.036,0.029,cycling
4.541,0.259,6.024,0.232,7.796,0.131,2.358,2.088,2.16,8.924,1.828,39.498,238.227,67.538,125.8,0.068,0.031,0.039,walking
0.385,0.005,0.498,0.026,0.597,1.0,0.042,0.009,0.073,0.036,0.0,1.193,0.572,0.067,0.0,0.036,1.0,0.069,stationary
51.202,3.237,76.624,0.609,1.288,0.146,0.346,0.055,0.536,1.795,0.243,7.106,35.715,14.295,0.0,0.439,0.197,0.029,car
18.034,2.574,20.045,0.832,6.636,0.183,0.667,0.447,1.226,5.399,1.087,19.88,52.58,19.164,68.5,0.207,0.139,0.033,cycling
24.577,13.47,43.834,1.47,3.042,0.414,0.708,0.429,0.841,1.703,0.215,8.642,47.987,19.974,0.0,0.924,0.348,0.114,bus
61.735,24.076,77.202,0.673,1.122,0.399,0.275,0.211,0.275,1.237,0.05,9.386,6.908,9.151,0.0,0.879,0.298,0.249,metro
0.09,0.012,0.418,0.006,0.689,1.0,0.026,0.005,0.025,0.161,0.0,1.166,0.653,0.605,0.0,0.152,1.0,0.004,stationary
20.511,1.683,27.468,0.364,2.905,0.072,1.189,0.85,1.506,4.097,1.459,20.75,52.563,19.904,87.9,0.255,0.044,0.021,cycling
0.418,0.017,0.804,0.038,0.529,1.0,0.06,0.008,0.015,0.07,0.0,1.233,0.526,2.188,0.0,0.028,1.0,0.028,stationary
19.844,2.083,25.108,0.994,4.349,0.083,0.407,0.127,0.649,0.84,0.276,18.736,78.218,18.915,0.0,0.399,0.094,0.04,scooter
64.161,14.528,89.118,1.594,0.493,0.264,0.431,0.248,0.225,1.138,0.015,6.903,24.59,6.431,0.0,0.949,0.262,0.638,metro
4.356,0.287,5.392,0.344,9.024,0.079,2.538,2.61,2.584,7.821,1.615,31.765,355.271,38.268,124.6,0.009,0.042,0.029,walking
18.388,3.809,23.243,0.325,7.601,0.071,1.479,0.394,1.963,3.241,1.409,40.505,115.322,41.877,88.6,0.297,0.137,0.041,cycling
19.106,2.655,30.096,0.778,1.983,0.21,0.559,0.088,0.452,1.19,0.275,15.871,84.244,29.923,0.0,0.245,0.122,0.017,scooter
0.191,0.047,0.891,0.046,0.117,1.0,0.057,0.002,0.041,0.17,0.0,0.748,0.578,0.062,0.0,0.12,1.0,0.022,stationary
49.929,7.703,74.039,0.819,2.077,0.23,0.447,0.119,0.632,0.787,0.109,5.517,29.631,9.194,0.0,0.974,0.321,0.29,metro
40.933,9.488,56.579,1.05,1.185,0.174,0.636,0.087,0.32,0.72,0.008,7.636,19.603,12.59,0.0,0.222,0.136,0.038,car
15.72,3.498,19.772,0.802,3.569,0.088,1.165,0.418,1.851,5.631,1.028,43.578,116.654,36.142,78.9,0.301,0.058,0.02,cycling
31.049,4.853,41.773,0.9,3.905,0.337,0.779,0.51,0.927,1.731,0.141,7.718,32.602,17.978,0.0,0.924,0.333,0.387,bus
40.47,24.791,62.669,1.027,0.456,0.334,0.507,0.292,0.546,1.17,0.15,2.409,25.172,4.926,0.0,0.974,0.27,0.764,metro
4.515,0.592,5.65,0.131,9.676,0.013,2.127,1.664,3.205,8.698,1.663,46.946,152.701,30.905,121.1,0.141,0.089,0.049,walking
20.439,12.813,31.818,0.865,2.411,0.496,0.54,0.207,0.65,2.395,0.23,11.368,28.472,12.501,0.0,0.902,0.433,0.743,bus
24.665,11.072,42.221,0.747,4.867,0.452,0.701,0.378,0.763,2.318,0.022,6.779,51.912,19.535,0.0,0.745,0.427,0.784,bus
23.252,3.48,31.084,0.624,7.529,0.078,1.451,1.385,1.69,4.068,1.446,35.862,87.258,29.212,71.8,0.163,0.143,0.048,cycling
0.249,0.002,0.525,0.022,0.111,1.0,0.077,0.01,0.001,0.007,0.0,1.569,0.218,0.288,0.0,0.078,1.0,0.025,stationary
4.628,0.201,5.616,0.112,10.589,0.128,2.306,2.813,3.341,4.813,2.106,38.574,267.204,59.606,128.3,0.044,0.044,0.033,walking
22.327,2.029,25.71,0.765,3.68,0.113,0.36,0.187,0.324,1.467,0.142,15.03,50.005,14.027,0.0,0.12,0.177,0.011,scooter
20.105,0.913,25.331,0.352,6.963,0.048,1.123,0.455,0.883,4.419,1.019,22.618,148.886,18.535,89.7,0.275,0.137,0.039,cycling
34.459,5.69,52.629,0.855,4.322,0.56,0.691,0.39,0.853,1.48,0.027,14.896,47.839,9.924,0.0,0.778,0.36,0.757,bus
27.194,3.994,54.404,0.886,3.553,0.214,0.457,0.091,0.449,0.999,0.282,11.659,42.959,7.702,0.0,0.327,0.128,0.018,car
0.514,0.031,0.658,0.011,0.133,1.0,0.052,0.001,0.049,0.041,0.0,0.717,0.47,0.202,0.0,0.054,1.0,0.08,stationary
29.441,8.588,44.587,1.137,3.169,0.569,0.588,0.514,0.67,1.55,0.266,17.891,50.248,8.226,0.0,0.723,0.359,0.383,bus
18.656,2.113,23.048,0.852,3.839,0.188,0.254,0.127,0.743,1.999,0.172,11.178,87.759,12.071,0.0,0.335,0.195,0.01,scooter
21.089,1.717,27.074,0.736,3.324,0.129,0.291,0.238,0.627,0.893,0.189,16.092,67.749,10.466,0.0,0.053,0.167,0.027,scooter
0.157,0.032,0.291,0.004,0.053,1.0,0.027,0.006,0.026,0.153,0.0,0.858,0.911,1.13,0.0,0.125,1.0,0.067,stationary
13.421,1.848,16.729,0.677,6.104,0.148,1.31,1.035,1.302,5.308,1.232,32.767,64.911,33.659,86.3,0.241,0.034,0.031,cycling
62.268,11.551,90.834,0.752,0.798,0.194,0.359,0.071,0.36,1.628,0.182,6.924,18.85,4.275,0.0,0.985,0.365,0.583,metro
27.797,15.487,45.586,1.266,4.252,0.494,0.872,0.155,0.941,2.806,0.178,16.402,13.846,20.35,0.0,0.72,0.383,0.514,bus
3.654,0.479,4.17,0.163,9.261,0.051,2.577,3.196,1.473,8.377,2.156,43.207,373.501,44.355,98.1,0.192,0.099,0.004,walking
58.954,3.591,83.39,1.23,1.977,0.191,0.41,0.286,0.787,1.392,0.234,7.419,71.006,8.378,0.0,0.138,0.057,0.003,car
5.573,0.325,7.031,0.313,3.453,0.098,1.264,2.459,3.43,7.833,2.13,35.55,128.213,28.676,129.3,0.14,0.039,0.003,walking
37.873,15.378,50.921,0.672,1.136,0.499,0.57,0.401,0.899,1.892,0.253,14.989,34.12,20.038,0.0,0.86,0.465,0.835,bus
21.064,2.644,24.326,0.739,4.617,0.033,0.645,1.097,1.442,5.122,1.398,38.721,210.071,54.154,68.9,0.093,0.09,0.015,cycling
3.775,0.291,4.385,0.398,5.276,0.091,2.503,1.904,1.985,7.532,1.939,37.736,244.44,25.803,95.8,0.031,0.086,0.022,walking
4.841,0.262,6.06,0.202,5.866,0.134,2.455,1.644,1.548,9.645,2.077,47.535,221.582,51.916,117.1,0.2,0.077,0.017,walking
22.817,0.827,32.957,0.855,1.721,0.163,0.505,0.234,0.555,1.355,0.086,23.462,42.167,24.511,0.0,0.099,0.153,0.049,scooter
0.389,0.023,0.499,0.017,0.714,1.0,0.078,0.002,0.078,0.047,0.0,1.131,0.842,1.951,0.0,0.1,1.0,0.067,stationary
43.784,4.733,60.564,1.248,5.621,0.06,0.348,0.128,0.719,1.269,0.024,13.573,28.66,24.405,0.0,0.264,0.066,0.02,car
13.95,3.101,19.993,0.628,2.97,0.069,1.131,1.393,1.371,5.757,1.049,21.537,84.863,49.653,92.6,0.129,0.125,0.047,cycling
28.49,15.881,47.35,1.341,4.313,0.564,0.808,0.472,0.855,3.064,0.189,14.049,59.929,9.068,0.0,0.9,0.387,0.116,bus
4.087,0.314,5.348,0.277,10.042,0.099,2.524,1.988,2.592,7.091,1.675,26.032,306.848,31.125,101.3,0.225,0.007,0.024,walking
22.575,3.202,50.259,0.635,1.601,0.079,0.368,0.303,0.695,1.992,0.031,5.53,23.544,8.204,0.0,0.26,0.144,0.004,car
13.71,3.171,17.23,0.7,4.706,0.032,1.538,1.38,1.414,3.3,1.334,34.01,110.106,47.945,79.5,0.233,0.12,0.013,cycling
47.228,3.887,72.456,1.256,3.596,0.166,0.504,0.312,0.653,2.028,0.135,5.29,25.812,12.065,0.0,0.349,0.084,0.046,car
47.855,5.837,66.859,0.9,3.697,0.058,0.521,0.064,0.444,0.723,0.154,7.188,30.935,19.015,0.0,0.074,0.09,0.026,car
28.731,1.321,37.162,0.475,2.912,0.114,0.515,0.195,0.512,0.83,0.316,11.746,73.787,18.265,0.0,0.138,0.109,0.023,scooter
12.498,3.497,19.785,0.52,3.795,0.028,1.587,1.281,1.316,5.381,1.417,39.59,125.044,42.363,86.8,0.056,0.102,0.042,cycling
42.493,13.998,69.763,1.103,0.839,0.425,0.374,0.2,0.263,0.72,0.016,8.356,27.664,8.961,0.0,0.943,0.444,0.771,metro
41.688,7.731,59.326,1.442,2.208,0.317,0.251,0.268,0.238,0.71,0.069,6.949,22.257,13.813,0.0,0.961,0.285,0.395,metro
66.732,7.238,92.257,1.096,1.191,0.277,0.226,0.109,0.615,0.633,0.168,9.695,29.146,4.637,0.0,0.989,0.416,0.626,metro
4.231,0.451,5.102,0.158,3.04,0.112,2.599,2.322,1.461,7.193,2.088,56.033,157.012,50.8,117.7,0.095,0.045,0.003,walking
15.234,8.652,31.521,1.639,4.213,0.557,0.86,0.244,0.617,2.804,0.203,10.061,59.877,10.319,0.0,0.93,0.522,0.828,bus
41.88,7.953,73.213,1.191,1.674,0.197,0.54,0.19,0.377,1.319,0.078,4.409,26.098,6.591,0.0,0.958,0.248,0.78,metro
19.222,2.665,25.002,0.374,4.649,0.079,0.744,0.659,0.978,2.647,1.342,29.933,84.907,36.005,66.8,0.089,0.122,0.048,cycling
14.031,1.122,24.539,0.466,3.244,0.225,0.294,0.235,0.741,2.339,0.13,9.689,32.275,19.095,0.0,0.182,0.194,0.025,scooter
19.998,3.464,26.949,0.405,1.512,0.078,0.374,0.133,0.661,1.064,0.394,14.623,26.093,19.448,0.0,0.335,0.187,0.038,scooter
36.234,11.476,46.721,0.895,1.086,0.485,0.505,0.327,0.793,1.468,0.172,16.628,40.866,9.582,0.0,0.962,0.463,0.462,bus
23.831,12.576,36.246,0.677,1.709,0.348,0.417,0.146,0.414,2.889,0.011,11.382,15.005,16.271,0.0,0.805,0.276,0.026,bus
20.495,1.747,23.318,0.635,3.606,0.162,0.63,0.355,0.833,5.32,1.351,21.202,76.925,53.736,89.8,0.058,0.1,0.027,cycling
22.191,4.214,33.033,1.694,4.727,0.58,0.528,0.343,0.728,2.128,0.28,11.134,36.037,13.993,0.0,0.968,0.52,0.623,bus
23.931,11.523,32.277,1.23,1.659,0.464,0.577,0.41,1.028,1.764,0.22,6.192,24.959,11.503,0.0,0.712,0.47,0.741,bus
18.134,1.972,20.351,0.36,2.044,0.098,0.713,1.316,1.613,3.3,1.276,26.225,126.199,22.174,74.3,0.069,0.047,0.046,cycling
14.193,1.736,19.219,1.172,4.415,0.053,0.452,0.149,0.73,0.825,0.247,17.169,45.402,21.332,0.0,0.381,0.186,0.039,scooter
26.634,3.664,50.582,0.971,4.903,0.199,0.641,0.245,0.768,2.157,0.071,10.323,56.057,24.33,0.0,0.325,0.159,0.045,car
16.82,1.322,28.212,0.408,4.699,0.205,0.265,0.154,0.667,0.809,0.158,21.246,89.344,13.7,0.0,0.215,0.198,0.041,scooter
28.125,5.007,39.914,1.281,4.281,0.183,0.219,0.251,0.557,1.295,0.256,12.092,30.891,21.03,0.0,0.174,0.175,0.019,car
12.924,2.416,21.019,1.11,3.557,0.24,0.427,0.131,0.367,1.073,0.09,10.319,47.798,29.999,0.0,0.103,0.089,0.042,scooter
63.162,20.842,90.174,0.739,1.173,0.426,0.374,0.118,0.495,0.623,0.057,4.002,27.961,10.904,0.0,0.992,0.365,0.124,metro
0.528,0.007,0.681,0.018,0.642,1.0,0.058,0.003,0.024,0.17,0.0,1.541,0.098,2.245,0.0,0.198,1.0,0.044,stationary
3.219,0.23,4.831,0.309,5.599,0.129,2.452,1.315,1.426,4.058,2.051,27.041,108.668,53.275,109.9,0.098,0.047,0.001,walking
13.543,1.447,22.199,1.114,5.475,0.227,0.531,0.134,0.39,1.484,0.189,16.48,30.207,28.543,0.0,0.245,0.188,0.017,scooter
52.341,19.688,80.664,1.246,0.481,0.327,0.369,0.263,0.328,0.523,0.171,8.087,24.172,10.669,0.0,0.877,0.371,0.171,metro
3.565,0.511,4.674,0.169,6.424,0.064,1.307,2.936,2.797,7.283,1.7,22.05,291.307,66.392,114.4,0.039,0.043,0.031,walking
3.366,0.115,4.172,0.154,3.028,0.148,1.651,2.642,2.677,4.557,2.12,48.255,365.276,54.612,127.8,0.203,0.098,0.013,walking
23.245,6.369,38.427,1.102,1.695,0.101,0.551,0.074,0.553,1.174,0.225,10.815,50.487,22.608,0.0,0.147,0.101,0.036,car
3.496,0.439,4.947,0.39,3.006,0.115,2.568,2.223,2.238,9.498,2.136,23.649,156.131,29.79,95.6,0.043,0.095,0.045,walking
32.157,13.468,58.765,1.598,0.716,0.209,0.459,0.279,0.288,1.518,0.171,6.255,26.374,13.315,0.0,0.958,0.383,0.793,metro
31.291,1.779,38.26,1.078,2.571,0.171,0.348,0.071,0.628,0.995,0.382,12.323,35.127,17.284,0.0,0.14,0.133,0.006,scooter
4.412,0.226,5.599,0.383,7.342,0.118,2.217,1.618,2.72,8.004,1.785,27.6,123.985,49.784,129.9,0.142,0.082,0.028,walking
14.257,1.658,24.818,1.091,2.598,0.203,0.487,0.097,0.604,1.765,0.169,17.79,33.226,17.187,0.0,0.282,0.097,0.044,scooter
0.116,0.005,0.009,0.018,0.407,1.0,0.001,0.005,0.065,0.002,0.0,0.307,0.578,0.968,0.0,0.021,1.0,0.047,stationary
54.188,11.688,80.423,0.681,3.22,0.084,0.236,0.307,0.643,1.149,0.093,5.772,28.263,12.154,0.0,0.258,0.167,0.032,car
22.092,2.06,26.09,1.038,5.48,0.108,0.282,0.182,0.321,1.557,0.312,23.821,44.142,13.495,0.0,0.228,0.064,0.034,scooter
0.299,0.029,0.376,0.038,0.612,1.0,0.051,0.004,0.035,0.046,0.0,0.773,0.496,1.147,0.0,0.151,1.0,0.063,stationary
0.114,0.043,0.404,0.014,0.307,1.0,0.054,0.01,0.044,0.056,0.0,1.043,0.3,0.936,0.0,0.133,1.0,0.004,stationary
0.016,0.038,0.551,0.042,0.123,1.0,0.052,0.009,0.023,0.051,0.0,0.553,0.214,1.812,0.0,0.05,1.0,0.066,stationary
31.825,10.863,46.596,1.531,2.774,0.527,0.559,0.536,0.524,3.326,0.212,5.73,49.002,17.96,0.0,0.79,0.445,0.535,bus
19.593,2.296,25.207,0.735,4.188,0.092,1.473,0.662,1.24,4.887,1.309,43.205,160.096,50.267,93.7,0.081,0.144,0.027,cycling
34.831,11.034,54.82,1.37,2.544,0.464,0.862,0.379,0.794,2.148,0.144,7.105,40.406,18.179,0.0,0.929,0.49,0.167,bus
15.488,2.29,19.95,0.668,4.862,0.092,0.277,0.203,0.311,1.193,0.084,18.254,88.856,19.66,0.0,0.231,0.102,0.042,scooter
3.673,0.567,4.985,0.293,5.587,0.034,2.745,1.362,1.655,4.723,2.147,44.959,166.302,33.326,127.0,0.093,0.068,0.006,walking
31.523,3.267,37.346,1.125,5.545,0.104,0.487,0.237,0.573,1.269,0.122,10.746,75.536,19.842,0.0,0.354,0.18,0.001,scooter
3.327,0.21,4.467,0.281,10.664,0.124,1.42,2.399,1.646,9.715,2.046,29.951,383.021,44.399,118.2,0.232,0.079,0.011,walking
14.339,1.444,16.383,0.855,4.953,0.066,0.74,0.877,1.602,5.729,1.231,43.682,220.782,30.845,66.4,0.141,0.021,0.01,cycling
25.896,8.014,33.925,1.186,1.629,0.507,0.303,0.286,0.749,1.828,0.186,12.788,29.795,18.922,0.0,0.769,0.262,0.695,bus
0.185,0.025,0.812,0.032,0.518,1.0,0.028,0.0,0.073,0.116,0.0,1.31,0.204,1.504,0.0,0.064,1.0,0.036,stationary
27.255,9.64,46.444,1.689,3.722,0.378,0.808,0.466,0.791,3.395,0.084,5.423,52.744,13.232,0.0,0.971,0.527,0.189,bus
13.647,3.534,16.605,0.558,2.342,0.097,0.862,0.625,1.757,4.545,1.371,39.738,249.834,50.145,88.8,0.285,0.024,0.005,cycling
38.308,8.996,54.753,0.767,4.266,0.117,0.456,0.244,0.751,1.204,0.247,13.897,74.174,17.733,0.0,0.232,0.141,0.04,car
48.637,4.445,77.185,0.644,1.496,0.242,0.435,0.103,0.428,1.064,0.282,8.034,41.709,16.159,0.0,0.252,0.081,0.005,car
0.016,0.018,0.42,0.025,0.227,1.0,0.047,0.005,0.084,0.178,0.0,1.414,0.707,0.822,0.0,0.007,1.0,0.08,stationary
23.46,12.106,40.813,1.103,1.808,0.299,0.452,0.572,0.593,2.995,0.087,10.602,36.37,14.474,0.0,0.884,0.486,0.803,bus
72.971,10.66,93.932,1.161,1.063,0.268,0.457,0.056,0.618,0.887,0.018,7.799,12.44,13.049,0.0,0.897,0.445,0.563,metro
22.561,1.165,27.392,0.396,6.749,0.177,0.856,0.542,1.73,4.566,1.058,25.917,63.324,36.928,71.4,0.174,0.117,0.035,cycling
0.109,0.045,0.539,0.008,0.272,1.0,0.028,0.002,0.043,0.049,0.0,1.242,0.362,1.809,0.0,0.029,1.0,0.048,stationary
4.115,0.25,5.241,0.201,8.558,0.087,2.055,1.271,1.925,9.808,1.827,25.776,224.639,66.276,102.2,0.133,0.074,0.022,walking
3.478,0.384,4.027,0.223,5.931,0.112,2.265,1.856,1.682,4.293,1.623,36.702,147.798,51.538,127.9,0.142,0.092,0.033,walking
12.958,3.335,15.874,0.591,4.783,0.071,1.373,0.383,1.69,4.63,1.198,38.197,182.404,28.541,94.0,0.088,0.06,0.027,cycling
0.077,0.001,0.148,0.006,0.653,1.0,0.001,0.0,0.069,0.098,0.0,0.952,0.643,1.886,0.0,0.068,1.0,0.017,stationary
24.702,8.498,43.472,1.389,4.844,0.258,0.765,0.235,0.984,1.742,0.181,13.879,32.886,10.843,0.0,0.965,0.401,0.438,bus
57.72,24.313,77.995,1.336,1.328,0.334,0.423,0.225,0.402,1.4,0.073,6.908,8.302,7.741,0.0,0.869,0.414,0.883,metro
5.313,0.214,6.634,0.138,5.792,0.054,2.134,1.23,3.19,5.865,1.995,55.356,381.297,42.946,107.8,0.015,0.064,0.029,walking
24.873,10.542,34.819,0.632,3.395,0.514,0.373,0.104,0.622,2.407,0.064,8.632,33.322,19.994,0.0,0.787,0.497,0.749,bus
21.112,2.987,26.022,0.441,3.916,0.021,1.263,0.717,1.837,2.428,1.473,34.691,51.773,37.385,60.3,0.321,0.114,0.019,cycling
16.061,2.118,19.271,0.616,6.374,0.187,1.314,1.13,1.162,3.88,1.03,33.581,222.539,27.517,93.7,0.111,0.094,0.019,cycling
3.698,0.454,5.219,0.124,3.728,0.103,2.627,2.448,1.719,4.859,1.753,45.72,278.614,66.918,111.5,0.219,0.07,0.002,walking
3.805,0.254,5.115,0.196,11.722,0.048,2.789,1.219,2.34,9.502,1.661,50.21,362.666,26.247,98.7,0.173,0.012,0.029,walking
0.194,0.002,0.5,0.046,0.174,1.0,0.07,0.0,0.013,0.016,0.0,1.126,0.181,2.106,0.0,0.143,1.0,0.067,stationary
4.669,0.497,5.709,0.247,9.567,0.057,1.577,2.067,1.585,5.274,2.133,27.952,197.291,65.081,97.8,0.06,0.046,0.043,walking
4.656,0.53,6.238,0.298,4.541,0.097,1.443,2.012,1.943,4.562,1.731,56.064,157.275,58.05,113.0,0.234,0.064,0.017,walking
71.385,16.037,97.351,0.673,1.607,0.227,0.445,0.234,0.671,1.189,0.121,2.314,18.712,11.01,0.0,0.902,0.49,0.789,metro
23.377,8.949,43.219,1.037,1.87,0.15,0.526,0.243,0.386,1.598,0.033,9.119,67.586,12.039,0.0,0.409,0.121,0.044,car
26.913,11.557,40.449,1.4,2.211,0.481,0.879,0.321,0.815,1.715,0.154,16.44,12.649,10.947,0.0,0.896,0.334,0.816,bus
22.58,1.497,26.863,0.619,5.149,0.121,1.425,0.553,1.342,4.28,1.063,30.35,237.92,20.03,63.7,0.114,0.026,0.043,cycling
15.457,1.926,22.441,0.855,4.679,0.038,1.591,1.234,1.722,3.094,1.454,41.425,160.809,41.514,83.4,0.052,0.082,0.022,cycling
23.509,11.769,34.089,0.451,5.132,0.116,0.293,0.074,0.338,2.032,0.131,10.801,79.175,13.759,0.0,0.29,0.152,0.038,car
16.953,15.008,35.88,1.24,4.721,0.273,0.445,0.4,0.882,1.273,0.025,16.8,44.409,16.813,0.0,0.729,0.477,0.346,bus
51.316,8.953,81.028,0.917,4.408,0.15,0.373,0.277,0.51,1.14,0.224,11.118,18.014,18.549,0.0,0.057,0.162,0.016,car
0.188,0.044,0.59,0.004,0.368,1.0,0.061,0.005,0.087,0.192,0.0,0.574,0.234,1.49,0.0,0.089,1.0,0.029,stationary
0.093,0.02,0.622,0.037,0.442,1.0,0.041,0.006,0.052,0.166,0.0,1.445,0.667,1.072,0.0,0.06,1.0,0.075,stationary
4.465,0.413,5.544,0.33,5.205,0.124,1.82,1.423,2.802,9.884,2.199,38.27,356.856,53.801,111.7,0.249,0.0,0.009,walking
34.204,7.547,45.618,1.522,4.598,0.495,0.498,0.562,1.056,2.063,0.099,6.64,32.978,6.487,0.0,0.736,0.401,0.756,bus
25.382,11.946,42.72,0.748,2.66,0.068,0.57,0.156,0.728,1.493,0.265,17.179,58.212,14.626,0.0,0.364,0.102,0.019,car
0.46,0.027,0.616,0.002,0.768,1.0,0.004,0.008,0.047,0.063,0.0,1.032,0.947,0.557,0.0,0.086,1.0,0.094,stationary
21.451,13.517,38.128,1.349,3.205,0.458,0.742,0.403,0.711,1.22,0.111,14.075,13.302,16.498,0.0,0.885,0.517,0.584,bus
29.55,13.728,45.065,1.662,4.253,0.318,0.696,0.173,0.691,2.308,0.193,13.215,10.067,15.73,0.0,0.797,0.459,0.671,bus
66.03,16.023,82.649,1.141,1.899,0.269,0.378,0.283,0.567,0.754,0.157,4.775,7.053,9.534,0.0,0.917,0.375,0.848,metro
5.572,0.196,7.085,0.108,4.4,0.127,1.792,2.921,2.488,8.11,1.654,49.046,345.712,65.001,119.4,0.013,0.099,0.028,walking
29.716,4.699,44.478,0.607,3.38,0.431,0.851,0.55,0.958,3.178,0.003,8.483,47.673,21.871,0.0,0.765,0.49,0.295,bus
25.832,4.336,43.32,0.632,3.126,0.196,0.523,0.216,0.428,0.837,0.246,7.843,52.695,20.403,0.0,0.151,0.154,0.008,car
3.224,0.13,4.201,0.215,9.373,0.016,1.215,2.237,3.248,8.68,1.813,49.717,116.272,64.33,122.8,0.094,0.029,0.031,walking
27.051,9.879,38.029,0.768,4.445,0.074,0.31,0.347,0.436,0.717,0.044,13.15,15.788,10.087,0.0,0.184,0.054,0.006,car
62.327,21.29,81.544,1.466,0.912,0.225,0.47,0.056,0.42,0.739,0.156,6.809,22.316,6.575,0.0,0.859,0.337,0.41,metro
26.223,13.524,35.28,0.738,4.347,0.256,0.568,0.256,0.401,2.793,0.081,7.148,47.16,18.016,0.0,0.79,0.362,0.312,bus
15.022,3.341,22.525,0.816,6.396,0.165,1.376,0.955,1.103,3.297,1.099,22.43,58.146,53.386,64.4,0.302,0.11,0.011,cycling
16.68,2.337,28.53,1.091,4.984,0.209,0.536,0.199,0.427,2.374,0.237,8.895,63.967,15.86,0.0,0.129,0.053,0.004,scooter
4.144,0.386,5.727,0.304,3.557,0.105,2.377,2.454,3.016,5.485,1.693,37.727,385.279,67.399,108.7,0.065,0.066,0.035,walking
4.436,0.291,5.86,0.12,6.316,0.029,2.224,2.986,1.687,7.101,2.061,53.176,280.799,29.785,126.9,0.09,0.001,0.024,walking
31.575,2.307,42.673,0.446,3.749,0.12,0.273,0.243,0.375,2.441,0.105,23.304,51.836,20.463,0.0,0.267,0.085,0.039,scooter
27.869,1.182,31.731,0.618,5.653,0.062,0.267,0.25,0.459,1.969,0.345,21.703,31.033,29.644,0.0,0.321,0.118,0.021,scooter
27.84,8.323,36.686,0.764,3.907,0.368,0.641,0.466,0.589,1.642,0.022,12.671,32.829,21.15,0.0,0.877,0.402,0.206,bus
30.515,2.214,40.257,0.651,5.565,0.076,0.507,0.143,0.589,2.007,0.072,21.449,84.649,17.202,0.0,0.326,0.193,0.01,scooter
17.221,9.316,29.781,0.98,2.341,0.379,0.449,0.392,1.063,3.468,0.077,16.276,24.019,14.041,0.0,0.722,0.534,0.61,bus
25.978,2.879,35.558,1.169,5.631,0.056,0.254,0.147,0.405,1.006,0.357,17.69,57.985,20.937,0.0,0.085,0.108,0.033,scooter
0.265,0.017,0.297,0.018,0.942,1.0,0.061,0.005,0.065,0.197,0.0,0.664,0.031,1.267,0.0,0.13,1.0,0.021,stationary
13.888,1.112,18.857,0.606,4.862,0.025,1.27,0.4,1.632,5.45,1.033,30.71,137.193,37.041,69.5,0.131,0.055,0.043,cycling
3.562,0.29,5.199,0.304,9.245,0.036,2.355,2.781,2.502,6.119,2.197,44.449,102.145,44.286,111.5,0.062,0.006,0.037,walking
19.796,3.047,25.162,0.511,2.841,0.11,1.27,0.669,1.932,4.022,1.397,34.943,104.246,37.892,89.5,0.211,0.09,0.037,cycling
13.159,3.837,15.807,0.578,6.258,0.02,1.187,0.855,1.228,5.532,1.288,43.403,102.161,34.843,67.2,0.197,0.079,0.047,cycling
11.563,1.551,15.875,0.464,6.384,0.054,1.507,0.388,1.374,2.562,1.323,17.61,192.092,20.716,69.3,0.335,0.089,0.025,cycling
45.729,24.133,78.622,1.306,1.407,0.327,0.322,0.096,0.693,1.004,0.089,4.441,17.415,8.167,0.0,0.992,0.311,0.802,metro
4.732,0.568,5.532,0.309,9.86,0.064,2.223,1.672,2.966,7.766,1.85,44.139,315.097,30.829,119.7,0.075,0.085,0.019,walking
0.001,0.039,0.134,0.014,0.779,1.0,0.002,0.003,0.086,0.141,0.0,1.312,0.702,1.939,0.0,0.069,1.0,0.052,stationary
47.368,10.75,58.323,0.948,4.828,0.245,0.348,0.14,0.544,1.542,0.091,16.392,20.951,14.895,0.0,0.313,0.128,0.004,car
13.746,0.937,20.401,0.875,7.028,0.119,0.626,0.943,1.633,4.974,1.216,25.008,141.559,43.765,93.8,0.163,0.037,0.027,cycling
26.601,0.959,31.309,0.899,4.89,0.111,0.465,0.23,0.74,1.362,0.102,15.888,34.123,20.344,0.0,0.227,0.172,0.045,scooter
22.601,3.398,41.279,0.782,3.038,0.087,0.386,0.055,0.681,1.529,0.234,7.969,64.318,7.723,0.0,0.395,0.172,0.025,car
14.709,11.973,22.866,1.605,3.784,0.57,0.744,0.431,0.579,2.972,0.025,4.635,36.821,12.135,0.0,0.857,0.318,0.679,bus
17.458,13.553,32.658,0.938,1.271,0.516,0.694,0.246,0.739,1.5,0.057,4.521,41.534,21.848,0.0,0.97,0.457,0.021,bus
5.612,0.304,6.694,0.249,8.47,0.037,2.076,1.678,2.003,8.644,2.016,23.906,170.585,62.757,102.5,0.208,0.069,0.034,walking
69.362,12.334,95.115,1.41,1.983,0.329,0.355,0.269,0.517,1.73,0.022,6.632,26.31,3.712,0.0,0.876,0.258,0.72,metro
5.42,0.144,6.383,0.212,10.754,0.058,1.868,2.254,2.982,4.531,2.155,47.49,295.191,58.458,106.6,0.159,0.001,0.046,walking
34.679,12.857,45.861,1.634,4.007,0.395,0.392,0.199,0.41,3.118,0.227,9.82,12.528,14.683,0.0,0.811,0.39,0.51,bus
40.451,5.894,58.955,1.534,2.248,0.367,0.294,0.298,0.622,1.362,0.113,8.312,18.085,12.98,0.0,0.911,0.387,0.28,metro
0.583,0.032,0.464,0.033,0.336,1.0,0.011,0.01,0.038,0.03,0.0,1.481,0.089,2.268,0.0,0.143,1.0,0.077,stationary
17.354,2.964,23.865,0.573,6.648,0.071,0.781,0.829,0.897,3.279,1.112,39.198,76.22,37.63,85.3,0.294,0.023,0.027,cycling
19.771,3.6,23.102,0.808,7.596,0.059,0.885,0.919,1.03,2.1,1.098,44.791,60.735,49.801,68.2,0.309,0.113,0.039,cycling
16.589,1.805,23.73,0.719,4.988,0.175,1.311,1.084,1.074,4.974,1.265,27.829,246.768,45.666,63.3,0.122,0.073,0.011,cycling
71.09,12.939,103.662,1.001,0.223,0.402,0.36,0.138,0.279,1.261,0.183,3.533,15.269,4.607,0.0,0.972,0.441,0.487,metro
0.17,0.007,0.4,0.031,0.186,1.0,0.015,0.007,0.001,0.08,0.0,0.466,0.567,0.559,0.0,0.01,1.0,0.02,stationary
0.543,0.005,0.872,0.021,0.108,1.0,0.004,0.01,0.077,0.116,0.0,1.333,0.756,1.382,0.0,0.187,1.0,0.05,stationary
0.216,0.036,0.496,0.04,0.125,1.0,0.055,0.005,0.068,0.164,0.0,0.683,0.659,1.483,0.0,0.057,1.0,0.061,stationary
5.53,0.389,6.268,0.255,8.003,0.053,1.82,2.101,2.446,6.752,2.112,49.491,299.794,29.167,121.9,0.221,0.091,0.042,walking
11.262,1.091,19.051,0.664,2.574,0.192,1.101,1.361,1.72,5.163,1.428,41.977,128.417,19.099,75.8,0.095,0.093,0.006,cycling
3.486,0.268,4.006,0.231,8.224,0.055,1.384,1.666,2.345,9.907,2.073,24.893,232.626,39.432,105.7,0.029,0.08,0.031,walking
35.711,9.209,49.694,0.775,4.996,0.278,0.653,0.398,0.889,2.109,0.244,12.056,56.781,8.367,0.0,0.867,0.52,0.156,bus
35.673,5.842,70.134,0.87,1.711,0.373,0.536,0.087,0.524,1.268,0.104,4.712,8.039,11.231,0.0,0.892,0.328,0.677,metro
0.569,0.007,0.087,0.037,0.219,1.0,0.012,0.008,0.048,0.027,0.0,0.026,0.391,0.733,0.0,0.107,1.0,0.02,stationary
0.416,0.036,0.794,0.002,0.725,1.0,0.01,0.007,0.052,0.034,0.0,1.476,0.293,1.692,0.0,0.05,1.0,0.001,stationary
27.681,3.413,32.662,0.918,2.301,0.228,0.442,0.094,0.449,2.352,0.18,20.139,58.81,24.115,0.0,0.083,0.163,0.0,scooter
27.363,6.379,44.048,1.239,1.41,0.552,0.814,0.197,0.461,1.528,0.209,7.826,50.918,15.226,0.0,0.785,0.388,0.078,bus
4.806,0.348,6.48,0.32,7.09,0.022,1.365,1.048,2.044,8.275,1.902,45.836,264.546,32.506,109.9,0.217,0.053,0.022,walking
3.658,0.263,4.271,0.348,6.246,0.085,2.045,1.803,2.317,7.168,2.037,53.439,382.686,48.615,127.4,0.241,0.024,0.04,walking
59.581,5.08,70.871,0.638,1.475,0.219,0.337,0.234,0.714,2.139,0.098,19.621,25.346,8.0,0.0,0.269,0.145,0.02,car
36.89,21.23,61.787,0.546,2.095,0.345,0.526,0.239,0.641,1.329,0.03,8.196,18.344,3.168,0.0,0.926,0.421,0.591,metro
0.163,0.008,0.021,0.043,0.991,1.0,0.02,0.01,0.075,0.04,0.0,1.751,0.857,2.094,0.0,0.074,1.0,0.073,stationary
28.241,10.535,43.925,1.047,2.789,0.463,0.362,0.562,0.468,3.345,0.09,10.966,48.303,10.357,0.0,0.822,0.533,0.099,bus
35.908,13.581,55.633,1.104,4.766,0.566,0.683,0.211,0.429,2.28,0.005,12.199,32.938,18.161,0.0,0.712,0.309,0.838,bus
23.688,3.723,30.575,0.585,5.378,0.138,0.756,0.489,1.099,2.483,1.409,34.201,79.568,33.169,85.0,0.26,0.02,0.003,cycling
41.038,8.613,74.853,1.05,0.586,0.196,0.379,0.122,0.237,1.463,0.134,7.982,10.298,11.505,0.0,0.917,0.275,0.226,metro
59.078,16.276,86.712,1.266,0.343,0.26,0.157,0.072,0.623,0.626,0.198,4.819,24.68,8.204,0.0,0.912,0.489,0.713,metro
26.226,12.209,44.814,1.231,2.157,0.48,0.893,0.447,0.623,2.004,0.097,9.237,21.604,15.857,0.0,0.879,0.429,0.701,bus
21.38,2.064,27.593,0.354,6.565,0.191,0.893,0.576,1.903,3.547,1.153,40.311,248.832,32.724,87.8,0.057,0.029,0.001,cycling
0.509,0.041,0.864,0.048,0.306,1.0,0.054,0.002,0.045,0.004,0.0,1.441,0.754,0.471,0.0,0.032,1.0,0.06,stationary
45.346,21.425,65.603,1.39,1.324,0.385,0.213,0.201,0.386,1.526,0.152,3.247,16.438,5.216,0.0,0.972,0.341,0.289,metro
26.012,10.34,55.731,0.978,5.593,0.132,0.554,0.218,0.354,0.984,0.03,16.771,79.165,11.869,0.0,0.265,0.098,0.037,car
4.443,0.574,6.161,0.121,3.09,0.115,1.644,1.916,3.035,9.703,1.983,29.72,338.217,63.547,112.1,0.209,0.07,0.006,walking
73.475,8.184,104.024,0.631,0.851,0.442,0.214,0.29,0.623,0.7,0.059,5.349,6.975,8.198,0.0,0.929,0.24,0.187,metro
12.123,3.129,20.694,0.701,4.287,0.064,0.251,0.063,0.723,2.253,0.237,18.845,89.3,12.054,0.0,0.201,0.125,0.049,scooter
18.929,2.655,25.15,0.586,5.825,0.114,1.279,0.488,1.605,2.187,1.283,30.607,128.136,19.069,63.2,0.333,0.115,0.025,cycling
21.96,8.665,34.302,1.247,3.998,0.587,0.891,0.378,0.424,1.899,0.275,13.96,54.586,11.625,0.0,0.796,0.391,0.096,bus
0.24,0.002,0.068,0.012,0.152,1.0,0.007,0.006,0.017,0.188,0.0,0.188,0.398,0.646,0.0,0.182,1.0,0.037,stationary
0.172,0.046,0.119,0.014,0.625,1.0,0.033,0.002,0.085,0.133,0.0,1.156,0.389,0.374,0.0,0.107,1.0,0.074,stationary
19.248,3.309,22.54,0.32,4.009,0.031,1.248,0.682,1.644,2.246,1.094,27.703,162.371,39.637,62.6,0.061,0.125,0.045,cycling
11.473,3.167,18.541,0.372,2.162,0.065,1.065,0.407,1.121,4.912,1.267,42.795,139.855,20.832,93.8,0.063,0.137,0.024,cycling
17.312,1.486,23.751,1.081,1.619,0.149,0.425,0.16,0.34,2.294,0.336,14.222,32.874,31.359,0.0,0.139,0.058,0.022,scooter
26.692,15.177,43.427,1.37,2.569,0.274,0.691,0.145,1.092,1.354,0.163,12.859,24.984,15.342,0.0,0.782,0.356,0.686,bus
3.452,0.164,5.137,0.102,6.381,0.138,1.829,2.774,2.412,7.267,2.123,58.953,104.001,47.614,123.6,0.078,0.063,0.038,walking
23.155,2.504,30.286,0.655,7.1,0.06,1.022,1.172,1.34,5.535,1.242,17.914,217.789,34.009,67.8,0.115,0.084,0.003,cycling
18.606,2.001,24.256,0.529,3.435,0.197,0.969,1.156,1.947,2.112,1.098,24.988,107.235,35.792,71.2,0.202,0.043,0.005,cycling
42.321,16.029,71.898,0.843,0.633,0.38,0.349,0.052,0.546,1.119,0.166,8.337,22.503,13.358,0.0,0.932,0.497,0.552,metro
26.874,15.686,39.611,0.659,1.03,0.267,0.74,0.4,1.035,1.662,0.066,5.96,21.666,7.856,0.0,0.738,0.421,0.286,bus
18.259,2.409,21.754,0.407,6.4,0.039,1.143,0.99,0.98,4.395,1.28,39.108,240.634,25.793,63.6,0.098,0.074,0.05,cycling
0.277,0.048,0.121,0.033,0.934,1.0,0.024,0.008,0.059,0.025,0.0,1.353,0.786,2.433,0.0,0.146,1.0,0.061,stationary
14.273,1.681,17.232,0.548,7.68,0.031,1.445,0.755,1.675,2.528,1.477,33.051,123.55,33.448,79.4,0.05,0.142,0.012,cycling
0.498,0.001,0.782,0.007,0.613,1.0,0.014,0.009,0.063,0.026,0.0,0.99,0.712,2.237,0.0,0.152,1.0,0.042,stationary
23.969,1.231,28.596,0.683,4.026,0.106,0.556,0.099,0.732,2.481,0.122,22.266,21.903,17.013,0.0,0.319,0.194,0.033,scooter
27.76,1.972,35.027,0.542,5.137,0.228,0.318,0.076,0.525,2.446,0.223,19.026,45.243,22.831,0.0,0.387,0.08,0.043,scooter
16.675,15.208,35.552,0.737,1.404,0.515,0.342,0.162,0.492,1.601,0.261,9.326,57.625,13.397,0.0,0.91,0.374,0.649,bus
3.871,0.389,4.859,0.396,9.764,0.011,2.218,2.172,1.755,7.073,2.018,22.165,394.396,51.966,95.7,0.235,0.028,0.036,walking
41.194,14.683,59.62,0.836,2.0,0.176,0.323,0.125,0.594,1.161,0.179,8.175,11.362,7.798,0.0,0.912,0.414,0.706,metro
13.234,2.49,17.54,0.746,3.671,0.144,1.223,0.807,1.087,5.315,1.111,24.109,142.755,52.359,63.1,0.232,0.083,0.024,cycling
0.597,0.048,0.722,0.002,0.572,1.0,0.051,0.009,0.058,0.193,0.0,1.217,0.886,0.307,0.0,0.141,1.0,0.013,stationary
28.855,1.584,32.29,0.463,4.598,0.096,0.224,0.135,0.295,2.273,0.125,17.894,59.679,22.234,0.0,0.336,0.19,0.013,scooter
41.949,21.406,72.948,1.041,1.629,0.15,0.465,0.168,0.551,0.783,0.042,5.782,11.753,9.283,0.0,0.936,0.409,0.676,metro
51.389,14.16,76.745,1.159,1.263,0.155,0.464,0.266,0.524,0.974,0.087,6.72,15.504,11.157,0.0,0.96,0.264,0.866,metro
52.92,9.507,67.189,0.588,4.32,0.175,0.629,0.102,0.625,2.154,0.186,13.349,27.383,23.122,0.0,0.183,0.097,0.018,car
31.514,14.079,41.478,1.494,3.012,0.313,0.899,0.296,0.433,3.245,0.237,12.49,49.107,10.189,0.0,0.955,0.317,0.471,bus
62.833,18.73,78.444,0.682,2.327,0.336,0.154,0.161,0.57,0.825,0.18,2.008,15.658,8.932,0.0,0.853,0.322,0.41,metro
63.439,5.264,79.188,0.993,1.766,0.11,0.337,0.211,0.753,1.83,0.013,19.295,33.731,8.375,0.0,0.23,0.134,0.007,car
17.695,10.333,36.843,0.81,3.237,0.407,0.689,0.127,0.51,1.666,0.183,11.065,44.169,11.414,0.0,0.716,0.531,0.207,bus
3.915,0.374,5.278,0.17,4.176,0.015,2.514,2.756,2.928,5.042,1.829,58.378,107.891,28.641,113.4,0.041,0.096,0.042,walking
0.375,0.015,0.361,0.012,0.422,1.0,0.029,0.005,0.052,0.14,0.0,0.436,0.097,0.644,0.0,0.114,1.0,0.097,stationary
22.823,3.816,27.753,0.418,3.625,0.147,0.603,1.294,1.18,3.959,1.353,30.664,211.699,24.86,73.1,0.346,0.098,0.048,cycling
0.231,0.032,0.261,0.045,0.349,1.0,0.017,0.006,0.087,0.059,0.0,1.304,0.35,1.158,0.0,0.106,1.0,0.073,stationary
14.816,0.913,22.271,0.607,6.866,0.051,1.105,1.207,1.911,3.323,1.464,32.24,150.427,52.802,91.5,0.199,0.027,0.035,cycling
19.545,1.246,24.64,0.609,5.165,0.196,1.6,0.996,1.507,4.794,1.182,24.79,158.29,26.389,60.2,0.278,0.092,0.028,cycling
16.225,2.671,20.619,0.498,2.226,0.202,0.449,0.208,0.655,2.159,0.355,10.353,32.461,16.715,0.0,0.164,0.074,0.019,scooter
20.181,11.689,36.504,0.927,2.978,0.464,0.654,0.592,0.659,1.403,0.151,4.676,54.399,21.081,0.0,0.898,0.254,0.149,bus
62.36,5.521,91.924,0.666,1.225,0.235,0.51,0.277,0.273,1.126,0.163,4.233,29.386,13.273,0.0,0.865,0.333,0.463,metro
0.427,0.015,0.768,0.034,0.855,1.0,0.034,0.007,0.076,0.098,0.0,0.329,0.572,1.648,0.0,0.014,1.0,0.088,stationary
32.627,12.816,51.27,0.998,3.375,0.561,0.638,0.253,0.767,3.427,0.125,15.39,12.946,8.829,0.0,0.781,0.347,0.524,bus
0.407,0.009,0.569,0.001,0.465,1.0,0.055,0.006,0.075,0.005,0.0,1.464,0.716,1.503,0.0,0.072,1.0,0.074,stationary
41.584,21.8,68.966,0.523,0.666,0.356,0.355,0.163,0.647,1.215,0.132,2.063,5.849,6.999,0.0,0.885,0.299,0.418,metro
30.457,4.693,45.014,0.921,2.819,0.519,0.373,0.416,0.537,3.1,0.275,5.139,34.547,8.381,0.0,0.755,0.52,0.747,bus
51.066,8.438,83.737,1.223,1.691,0.202,0.344,0.143,0.485,1.569,0.117,5.051,18.534,8.55,0.0,0.952,0.437,0.659,metro
42.157,18.841,60.996,0.693,0.889,0.44,0.254,0.244,0.568,0.758,0.139,9.749,27.197,11.86,0.0,0.935,0.414,0.936,metro
65.498,15.513,83.176,0.832,0.231,0.293,0.252,0.19,0.328,1.416,0.104,5.561,6.288,3.545,0.0,0.903,0.308,0.493,metro
25.795,11.206,48.569,1.299,1.093,0.144,0.485,0.3,0.294,2.075,0.007,6.673,78.728,21.084,0.0,0.377,0.183,0.002,car
4.417,0.198,5.426,0.364,7.893,0.072,1.522,0.873,1.519,9.539,1.839,58.509,302.525,28.283,99.4,0.054,0.042,0.003,walking
13.0,0.774,16.043,0.795,5.314,0.132,0.302,0.092,0.504,2.381,0.074,10.324,33.534,19.223,0.0,0.086,0.116,0.037,scooter
31.915,8.882,41.447,1.587,3.425,0.582,0.486,0.386,0.87,1.203,0.034,8.25,22.325,6.6,0.0,0.896,0.469,0.011,bus
0.502,0.035,0.211,0.033,0.298,1.0,0.009,0.007,0.013,0.158,0.0,1.342,0.59,0.125,0.0,0.122,1.0,0.022,stationary
60.817,17.696,86.243,0.84,0.857,0.221,0.335,0.178,0.634,0.945,0.159,5.436,11.615,12.183,0.0,0.938,0.458,0.308,metro
4.228,0.437,5.493,0.27,4.94,0.015,1.943,2.445,3.47,4.698,1.784,32.285,287.44,55.026,109.1,0.229,0.061,0.048,walking
0.437,0.036,0.144,0.031,0.466,1.0,0.056,0.001,0.066,0.113,0.0,0.125,0.383,1.854,0.0,0.1,1.0,0.093,stationary
3.253,0.409,4.057,0.315,6.545,0.057,1.999,2.506,3.313,7.72,2.166,23.17,341.766,30.15,124.0,0.247,0.093,0.029,walking
0.416,0.008,0.191,0.005,0.265,1.0,0.078,0.009,0.062,0.053,0.0,0.613,0.578,1.768,0.0,0.198,1.0,0.082,stationary
30.196,6.697,44.053,0.569,5.254,0.098,0.361,0.346,0.705,1.472,0.206,7.864,39.225,14.801,0.0,0.066,0.145,0.01,car
0.191,0.004,0.479,0.032,0.276,1.0,0.007,0.007,0.046,0.069,0.0,0.45,0.997,1.493,0.0,0.16,1.0,0.025,stationary
18.247,1.959,24.233,0.54,5.975,0.09,1.56,0.518,1.814,3.809,1.14,43.924,214.988,27.003,70.8,0.227,0.119,0.029,cycling
14.402,1.27,19.023,0.402,3.106,0.111,0.622,0.499,1.386,4.364,1.22,20.612,153.252,29.787,81.9,0.117,0.145,0.046,cycling
29.318,4.625,42.18,1.516,2.765,0.545,0.773,0.502,1.039,3.079,0.069,11.622,50.232,16.62,0.0,0.745,0.31,0.024,bus
17.869,0.812,22.703,0.405,2.902,0.171,0.948,0.999,1.005,5.375,1.464,35.822,193.529,35.008,63.2,0.155,0.064,0.043,cycling
4.866,0.329,6.546,0.322,9.297,0.073,2.427,1.351,2.443,7.283,2.045,50.135,256.069,25.614,110.0,0.065,0.095,0.032,walking
4.508,0.361,5.29,0.121,5.669,0.092,1.619,1.998,1.937,4.024,1.929,51.943,117.323,39.716,99.6,0.205,0.042,0.047,walking
22.887,11.801,31.346,1.749,1.221,0.364,0.85,0.374,0.45,1.745,0.218,14.556,51.544,6.973,0.0,0.971,0.43,0.427,bus
21.625,3.416,27.277,1.161,2.151,0.056,0.209,0.214,0.294,2.486,0.153,20.967,66.8,19.397,0.0,0.392,0.071,0.025,scooter
64.311,11.977,82.712,0.47,5.6,0.077,0.61,0.232,0.459,0.894,0.293,6.921,48.044,8.283,0.0,0.422,0.173,0.002,car
4.163,0.412,5.106,0.27,10.739,0.136,1.337,2.073,1.478,8.129,2.181,26.07,232.515,56.782,99.0,0.209,0.044,0.008,walking
34.948,10.682,63.146,0.822,3.258,0.121,0.458,0.177,0.366,0.934,0.009,9.084,51.134,17.649,0.0,0.386,0.124,0.015,car
16.822,3.694,19.109,0.876,4.199,0.135,1.115,0.84,1.813,2.36,1.039,30.867,155.224,33.23,94.0,0.302,0.087,0.009,cycling
4.586,0.333,5.898,0.3,4.129,0.034,2.3,1.853,2.085,6.443,1.993,35.031,354.602,38.312,127.1,0.228,0.098,0.047,walking
23.601,5.858,40.25,0.674,2.823,0.12,0.278,0.323,0.313,0.736,0.242,12.304,61.464,21.371,0.0,0.407,0.172,0.019,car
33.03,5.91,49.944,0.856,1.886,0.089,0.582,0.331,0.329,1.179,0.238,5.353,78.307,13.037,0.0,0.051,0.1,0.023,car
0.426,0.003,0.249,0.016,0.556,1.0,0.038,0.0,0.02,0.083,0.0,1.927,0.862,0.504,0.0,0.082,1.0,0.038,stationary
45.346,8.237,71.736,1.534,2.452,0.229,0.274,0.08,0.576,1.516,0.087,9.908,20.786,11.157,0.0,0.883,0.318,0.507,metro
4.655,0.427,6.292,0.104,6.785,0.05,2.319,2.262,2.086,6.036,1.872,42.704,382.098,63.094,101.5,0.174,0.084,0.007,walking
52.453,11.492,77.219,1.051,1.045,0.213,0.232,0.308,0.628,2.085,0.254,14.463,19.398,17.364,0.0,0.289,0.141,0.039,car
36.98,10.444,47.644,0.765,2.57,0.483,0.672,0.489,0.602,2.735,0.238,15.718,58.648,20.447,0.0,0.865,0.304,0.651,bus
22.661,2.457,30.764,1.016,3.064,0.09,0.238,0.24,0.372,0.894,0.319,16.794,32.829,27.454,0.0,0.247,0.159,0.042,scooter
16.189,1.825,22.577,0.497,6.329,0.14,0.887,0.394,1.904,2.116,1.013,42.619,108.011,53.834,92.2,0.193,0.076,0.045,cycling
22.79,1.011,33.377,0.456,4.34,0.058,0.339,0.121,0.716,2.041,0.227,22.18,47.135,30.032,0.0,0.159,0.172,0.032,scooter
20.914,11.868,40.475,1.698,3.803,0.593,0.611,0.572,0.504,3.015,0.118,12.775,39.151,11.346,0.0,0.807,0.347,0.219,bus
19.274,3.134,30.468,1.04,3.494,0.123,0.205,0.198,0.738,2.018,0.234,17.867,64.32,30.697,0.0,0.084,0.093,0.029,scooter
37.045,6.734,53.598,0.746,3.576,0.083,0.233,0.058,0.682,0.69,0.002,9.747,58.979,22.966,0.0,0.124,0.12,0.018,car
0.295,0.014,0.226,0.038,0.659,1.0,0.04,0.003,0.089,0.037,0.0,0.545,0.813,0.796,0.0,0.125,1.0,0.027,stationary
18.02,1.009,22.685,0.775,5.206,0.113,0.451,0.197,0.668,1.847,0.287,11.602,34.824,27.194,0.0,0.17,0.137,0.042,scooter
0.084,0.042,0.405,0.015,0.21,1.0,0.021,0.004,0.028,0.074,0.0,0.373,0.698,0.925,0.0,0.083,1.0,0.03,stationary
0.597,0.028,0.714,0.001,0.808,1.0,0.044,0.006,0.012,0.157,0.0,0.861,0.04,2.499,0.0,0.1,1.0,0.024,stationary
41.731,6.181,69.247,0.822,4.737,0.143,0.433,0.255,0.305,2.118,0.106,13.64,43.733,10.514,0.0,0.085,0.123,0.006,car
22.389,3.483,28.484,0.545,6.021,0.103,0.713,0.712,1.231,3.931,1.462,39.925,239.494,23.114,71.1,0.209,0.123,0.024,cycling
24.136,1.845,27.221,0.442,4.687,0.085,0.351,0.099,0.554,0.97,0.271,18.447,39.413,23.45,0.0,0.232,0.055,0.04,scooter
0.203,0.039,0.834,0.011,0.567,1.0,0.007,0.004,0.04,0.165,0.0,0.217,0.807,0.447,0.0,0.114,1.0,0.075,stationary
15.652,1.635,23.885,0.598,5.566,0.077,0.395,0.2,0.655,1.417,0.298,23.641,32.554,25.93,0.0,0.159,0.072,0.027,scooter
28.466,3.463,36.392,0.989,3.575,0.207,0.304,0.229,0.707,1.818,0.194,21.748,70.604,19.022,0.0,0.183,0.14,0.005,scooter
48.891,13.667,68.321,1.431,2.007,0.418,0.254,0.196,0.503,0.804,0.161,8.983,19.031,4.026,0.0,0.85,0.272,0.441,metro
0.364,0.036,0.459,0.025,0.092,1.0,0.066,0.002,0.052,0.042,0.0,1.333,0.901,2.445,0.0,0.063,1.0,0.016,stationary
43.175,24.081,76.786,0.555,0.519,0.229,0.168,0.239,0.685,1.208,0.067,2.559,6.904,6.699,0.0,0.949,0.297,0.182,metro
27.144,5.955,49.699,0.875,5.886,0.196,0.629,0.097,0.35,1.381,0.023,16.529,25.035,17.752,0.0,0.221,0.178,0.008,car
30.418,11.569,45.207,1.266,2.439,0.279,0.681,0.315,0.79,3.109,0.179,6.714,23.745,8.184,0.0,0.829,0.282,0.415,bus
40.595,4.075,69.057,0.723,1.928,0.173,0.49,0.171,0.67,0.986,0.24,15.259,76.804,17.371,0.0,0.236,0.198,0.04,car
11.703,3.28,17.305,0.495,2.704,0.075,0.934,0.749,1.492,2.048,1.32,25.103,150.63,41.019,93.3,0.134,0.042,0.046,cycling
62.447,15.314,88.98,1.084,0.648,0.345,0.415,0.173,0.298,1.231,0.082,2.663,9.591,7.98,0.0,0.922,0.391,0.265,metro
4.828,0.245,5.631,0.162,4.305,0.128,1.312,2.735,2.038,7.029,1.664,57.374,333.643,67.702,97.4,0.227,0.075,0.028,walking
0.386,0.022,0.029,0.008,0.815,1.0,0.07,0.01,0.029,0.171,0.0,0.327,0.843,0.915,0.0,0.028,1.0,0.018,stationary
49.702,2.521,60.342,1.204,2.535,0.076,0.295,0.207,0.253,1.018,0.171,14.733,24.383,11.866,0.0,0.1,0.142,0.039,car
0.34,0.016,0.205,0.033,0.666,1.0,0.06,0.001,0.059,0.029,0.0,1.205,0.079,1.152,0.0,0.072,1.0,0.056,stationary
3.493,0.385,4.874,0.102,9.645,0.072,1.549,2.237,1.923,4.689,2.066,26.397,100.688,46.483,107.2,0.203,0.094,0.033,walking
0.345,0.014,0.823,0.047,0.287,1.0,0.033,0.005,0.07,0.058,0.0,0.718,0.367,0.681,0.0,0.032,1.0,0.057,stationary
20.214,3.52,23.464,0.426,2.703,0.179,1.35,1.268,1.923,4.068,1.049,29.839,81.544,51.457,67.5,0.051,0.092,0.044,cycling
36.303,4.983,47.765,1.014,5.846,0.165,0.353,0.166,0.63,1.37,0.13,12.902,53.576,16.92,0.0,0.171,0.186,0.05,car
65.981,7.677,92.65,0.528,0.405,0.332,0.153,0.134,0.632,0.645,0.137,8.001,17.821,3.97,0.0,0.986,0.237,0.683,metro
14.731,3.869,18.86,0.662,2.933,0.098,0.641,1.349,1.246,5.974,1.169,18.895,178.656,23.932,91.3,0.186,0.062,0.044,cycling
4.847,0.412,6.148,0.367,5.581,0.011,2.68,1.513,2.18,6.17,2.108,24.756,315.585,40.733,98.6,0.242,0.082,0.036,walking
4.352,0.539,5.369,0.2,3.559,0.06,1.968,2.457,3.486,8.588,2.158,29.91,311.624,31.988,114.6,0.207,0.035,0.017,walking
13.624,3.877,19.713,0.71,4.201,0.196,1.063,0.628,1.973,2.602,1.334,42.921,249.104,32.364,60.0,0.125,0.092,0.012,cycling
23.728,2.794,28.74,0.383,3.465,0.122,1.219,0.73,1.133,2.23,1.11,26.224,230.032,23.163,77.7,0.34,0.124,0.017,cycling
64.208,11.307,86.947,0.578,3.582,0.129,0.568,0.294,0.382,1.22,0.195,19.651,50.24,19.104,0.0,0.25,0.143,0.015,car
16.996,2.418,23.636,0.824,6.274,0.187,0.974,0.878,1.607,3.264,1.35,43.299,246.523,30.924,80.9,0.102,0.143,0.014,cycling
22.509,1.901,27.363,0.859,5.274,0.219,0.206,0.171,0.521,1.027,0.254,16.106,72.101,19.133,0.0,0.109,0.062,0.017,scooter
3.595,0.364,5.251,0.319,11.073,0.123,1.937,2.353,1.639,5.581,2.071,20.367,172.032,34.606,119.7,0.089,0.029,0.031,walking
30.158,7.309,47.876,1.019,4.1,0.281,0.863,0.244,0.43,1.76,0.006,14.912,59.101,14.647,0.0,0.707,0.494,0.304,bus
17.149,0.931,22.451,0.812,7.544,0.188,0.874,0.85,1.343,5.635,1.377,35.586,186.094,39.178,68.3,0.289,0.131,0.003,cycling
21.073,2.627,23.626,0.546,4.961,0.196,1.583,1.146,1.278,2.549,1.07,26.343,197.337,49.137,67.3,0.31,0.103,0.02,cycling
4.087,0.508,5.383,0.102,7.19,0.1,1.431,2.504,3.054,8.638,2.086,25.316,327.87,37.256,116.0,0.024,0.005,0.01,walking
64.505,17.151,88.27,1.182,1.556,0.206,0.549,0.117,0.652,0.874,0.011,7.759,18.519,6.032,0.0,0.869,0.383,0.545,metro
5.076,0.434,6.229,0.383,7.059,0.105,1.512,2.531,3.476,9.315,1.769,46.869,268.063,57.35,105.1,0.008,0.083,0.036,walking
0.408,0.023,0.125,0.048,0.842,1.0,0.011,0.004,0.065,0.008,0.0,0.805,0.042,1.812,0.0,0.184,1.0,0.036,stationary
4.56,0.177,6.048,0.1,3.933,0.005,2.394,1.21,1.626,9.919,1.634,34.508,385.643,42.307,127.8,0.221,0.075,0.038,walking
23.57,5.287,43.738,1.002,2.291,0.198,0.409,0.17,0.735,1.138,0.093,18.948,25.76,14.92,0.0,0.243,0.146,0.032,car
20.976,10.795,32.827,0.804,3.014,0.419,0.342,0.118,0.756,1.263,0.196,14.486,45.362,6.096,0.0,0.909,0.455,0.242,bus
23.124,2.054,30.792,0.734,6.629,0.066,1.241,1.137,1.086,3.185,1.209,44.96,126.43,18.43,84.7,0.332,0.022,0.016,cycling
22.95,1.026,27.193,0.717,7.0,0.093,1.346,0.861,1.718,4.688,1.12,26.228,108.668,36.066,91.3,0.277,0.132,0.005,cycling
34.821,7.703,44.74,0.769,4.812,0.581,0.804,0.581,0.739,1.844,0.116,16.293,50.842,15.059,0.0,0.781,0.332,0.054,bus
12.328,2.233,24.021,0.697,2.216,0.148,0.201,0.139,0.698,0.879,0.216,17.802,76.205,19.69,0.0,0.223,0.088,0.043,scooter
17.198,1.633,21.779,0.85,3.864,0.152,1.355,1.345,0.947,4.923,1.431,34.535,157.07,43.64,72.9,0.068,0.044,0.048,cycling
22.418,8.327,41.716,0.923,2.333,0.404,0.538,0.103,0.413,2.15,0.289,6.518,23.976,20.641,0.0,0.726,0.413,0.05,bus
3.184,0.32,4.183,0.348,6.733,0.121,2.017,0.939,2.012,9.799,2.01,52.269,177.863,33.084,101.4,0.164,0.066,0.047,walking
23.641,3.465,28.273,0.586,1.638,0.056,0.28,0.155,0.618,2.373,0.075,13.175,34.694,18.328,0.0,0.369,0.199,0.044,scooter
4.409,0.176,5.808,0.34,11.433,0.015,2.531,1.324,1.79,4.814,1.958,47.278,232.807,35.189,110.6,0.009,0.001,0.02,walking
19.142,2.699,23.738,0.648,3.226,0.056,0.231,0.173,0.631,1.192,0.307,18.987,82.077,12.434,0.0,0.302,0.181,0.004,scooter
3.259,0.359,4.57,0.321,10.277,0.097,1.767,0.989,2.515,5.506,2.095,31.042,227.556,27.66,108.6,0.119,0.076,0.003,walking
18.709,2.722,24.97,0.927,5.822,0.14,0.204,0.156,0.723,1.221,0.104,19.62,36.759,24.222,0.0,0.192,0.073,0.012,scooter
64.023,11.208,76.012,1.194,4.569,0.217,0.271,0.178,0.341,0.798,0.033,18.94,50.729,22.25,0.0,0.137,0.128,0.015,car
32.216,15.049,41.489,0.733,2.56,0.449,0.6,0.186,0.747,1.921,0.124,12.496,16.846,7.705,0.0,0.819,0.411,0.832,bus
15.727,5.464,26.166,1.144,1.863,0.252,0.628,0.407,0.643,2.383,0.103,4.97,22.219,12.299,0.0,0.746,0.47,0.527,bus
5.362,0.526,5.986,0.284,6.175,0.039,2.387,2.797,2.772,6.412,1.992,43.009,167.987,51.385,128.4,0.249,0.012,0.004,walking
14.595,12.862,28.837,1.044,2.772,0.427,0.366,0.231,0.822,1.65,0.165,8.352,15.244,18.671,0.0,0.802,0.52,0.709,bus
13.281,3.241,17.569,0.767,2.109,0.113,1.103,1.385,1.285,2.999,1.166,28.462,73.487,19.142,76.9,0.222,0.026,0.037,cycling
0.568,0.046,0.634,0.039,0.993,1.0,0.031,0.001,0.083,0.094,0.0,0.216,0.435,0.242,0.0,0.197,1.0,0.011,stationary
0.313,0.023,0.682,0.018,0.094,1.0,0.019,0.007,0.045,0.073,0.0,1.161,0.329,1.617,0.0,0.121,1.0,0.062,stationary
73.887,13.079,102.041,1.452,1.914,0.328,0.357,0.256,0.48,0.81,0.067,9.503,27.676,12.879,0.0,0.975,0.32,0.512,metro
60.139,6.309,87.076,1.196,1.143,0.145,0.327,0.14,0.674,1.558,0.008,13.896,73.156,13.939,0.0,0.235,0.145,0.026,car
4.09,0.206,5.457,0.168,4.162,0.027,2.225,3.068,3.471,4.492,1.863,39.123,239.102,66.976,121.8,0.033,0.088,0.032,walking
61.55,14.054,91.747,0.888,2.359,0.391,0.549,0.061,0.36,1.734,0.144,5.952,21.382,11.118,0.0,0.92,0.437,0.438,metro
30.358,9.358,42.642,1.299,3.759,0.467,0.854,0.33,0.657,2.646,0.214,8.986,31.279,7.372,0.0,0.822,0.306,0.419,bus
56.242,5.08,68.935,0.974,3.071,0.133,0.458,0.322,0.293,2.144,0.07,10.488,27.004,16.059,0.0,0.316,0.153,0.023,car
18.311,0.634,29.093,0.979,3.546,0.183,0.44,0.132,0.449,2.305,0.381,19.696,29.517,21.434,0.0,0.235,0.057,0.01,scooter
0.482,0.036,0.307,0.033,0.827,1.0,0.046,0.01,0.068,0.177,0.0,1.312,0.64,0.879,0.0,0.096,1.0,0.056,stationary
22.848,9.823,36.069,0.929,2.857,0.245,0.551,0.334,0.381,2.163,0.075,17.269,23.232,10.789,0.0,0.351,0.16,0.027,car
19.01,1.821,27.189,0.997,4.808,0.053,0.307,0.18,0.352,1.737,0.133,19.776,73.537,22.752,0.0,0.389,0.112,0.027,scooter
21.266,0.521,26.791,0.427,5.48,0.173,0.528,0.212,0.44,1.115,0.3,12.659,56.878,18.25,0.0,0.211,0.196,0.039,scooter
36.754,12.192,47.36,1.261,4.079,0.318,0.495,0.581,0.548,2.837,0.054,10.879,23.147,6.803,0.0,0.831,0.389,0.429,bus
29.094,5.967,41.436,0.715,1.594,0.299,0.761,0.167,0.843,1.501,0.247,6.194,10.937,7.604,0.0,0.757,0.433,0.373,bus
55.133,23.684,84.537,1.566,1.685,0.336,0.205,0.124,0.537,0.96,0.127,2.344,27.63,6.41,0.0,0.993,0.447,0.247,metro
5.563,0.557,7.357,0.32,11.958,0.083,1.644,0.994,3.289,7.514,1.993,59.271,324.319,51.8,127.6,0.157,0.079,0.001,walking
5.745,0.348,6.412,0.184,3.291,0.03,2.228,0.835,2.545,4.608,1.896,24.322,398.538,69.197,115.6,0.033,0.054,0.021,walking
38.264,5.324,63.277,0.412,1.221,0.163,0.61,0.185,0.456,0.8,0.258,9.541,42.848,14.744,0.0,0.202,0.093,0.006,car
33.271,6.798,58.617,0.525,2.583,0.167,0.422,0.096,0.622,1.268,0.275,11.939,39.38,17.473,0.0,0.417,0.15,0.031,car
17.557,8.549,29.837,0.69,3.151,0.537,0.301,0.1,1.01,1.615,0.075,11.495,48.982,10.282,0.0,0.832,0.374,0.097,bus
22.419,11.081,49.41,0.989,1.102,0.083,0.275,0.216,0.642,1.157,0.164,8.935,64.045,17.323,0.0,0.339,0.191,0.007,car
40.839,4.926,63.03,1.139,2.584,0.121,0.346,0.071,0.646,1.192,0.095,5.636,18.638,10.873,0.0,0.11,0.114,0.021,car
26.829,12.053,35.586,0.737,2.82,0.531,0.341,0.535,0.591,1.236,0.12,12.216,53.633,20.762,0.0,0.76,0.323,0.753,bus
23.673,1.688,34.159,0.931,3.045,0.189,0.354,0.06,0.414,1.751,0.086,10.033,51.185,17.715,0.0,0.209,0.134,0.03,scooter
15.241,3.329,20.728,0.807,6.348,0.171,1.343,0.342,1.354,2.876,1.133,40.848,213.952,52.581,77.0,0.347,0.099,0.04,cycling
61.536,20.047,83.444,0.713,0.906,0.395,0.441,0.172,0.351,0.954,0.029,3.639,11.563,10.383,0.0,0.942,0.213,0.45,metro
11.888,2.594,17.613,0.501,5.428,0.091,0.631,0.472,1.39,4.794,1.371,19.657,94.66,54.937,66.5,0.305,0.06,0.023,cycling
28.076,10.536,47.506,0.927,2.106,0.064,0.208,0.272,0.397,2.015,0.069,14.266,45.811,19.049,0.0,0.438,0.13,0.017,car
16.941,2.384,26.843,0.933,2.01,0.084,0.444,0.184,0.704,1.968,0.137,11.434,84.638,31.988,0.0,0.1,0.094,0.002,scooter
62.994,3.587,73.403,0.594,4.614,0.238,0.606,0.224,0.498,1.546,0.264,8.738,66.626,13.884,0.0,0.087,0.071,0.02,car
21.241,3.341,25.027,0.603,2.706,0.075,0.328,0.171,0.617,1.439,0.067,11.449,44.274,19.624,0.0,0.292,0.176,0.029,scooter
28.802,2.641,40.773,0.91,5.523,0.172,0.361,0.226,0.687,2.084,0.39,13.493,23.206,25.265,0.0,0.164,0.051,0.025,scooter
17.87,8.631,30.504,1.119,4.872,0.406,0.738,0.368,0.967,2.95,0.13,13.647,55.346,19.572,0.0,0.924,0.362,0.7,bus
34.944,6.286,65.752,1.509,1.079,0.326,0.473,0.083,0.54,0.899,0.096,5.573,20.432,11.13,0.0,0.932,0.338,0.158,metro
0.566,0.005,0.778,0.039,0.279,1.0,0.042,0.008,0.04,0.176,0.0,0.033,0.968,0.448,0.0,0.191,1.0,0.078,stationary
52.69,2.703,79.879,0.499,4.464,0.144,0.29,0.09,0.577,1.901,0.283,15.159,42.315,16.33,0.0,0.353,0.091,0.019,car
32.543,19.916,64.427,1.565,0.906,0.198,0.341,0.209,0.572,0.937,0.126,4.213,24.156,6.173,0.0,0.989,0.349,0.337,metro
0.043,0.012,0.764,0.041,0.311,1.0,0.008,0.008,0.057,0.121,0.0,1.486,0.005,2.396,0.0,0.168,1.0,0.037,stationary
16.011,14.677,33.232,1.343,1.719,0.557,0.514,0.471,1.021,3.153,0.175,8.277,16.516,14.254,0.0,0.757,0.532,0.81,bus
32.164,9.244,46.134,1.134,2.27,0.208,0.375,0.211,0.5,0.697,0.188,17.828,22.941,10.652,0.0,0.412,0.15,0.003,car
51.485,19.672,80.194,0.649,0.258,0.221,0.185,0.263,0.357,0.767,0.091,2.143,27.195,9.708,0.0,0.932,0.433,0.22,metro
58.661,4.035,76.784,0.939,4.476,0.088,0.211,0.215,0.349,2.042,0.017,16.447,60.491,13.435,0.0,0.277,0.08,0.034,car
0.581,0.026,0.465,0.01,0.719,1.0,0.022,0.006,0.067,0.045,0.0,1.384,0.11,0.284,0.0,0.053,1.0,0.075,stationary
5.646,0.392,7.28,0.303,6.953,0.017,1.435,0.834,2.396,6.412,2.153,58.086,262.861,39.959,111.8,0.121,0.02,0.019,walking
0.019,0.012,0.138,0.026,0.068,1.0,0.051,0.004,0.019,0.145,0.0,1.68,0.958,0.06,0.0,0.182,1.0,0.075,stationary
29.058,5.654,47.084,0.453,2.204,0.235,0.281,0.152,0.435,2.118,0.086,18.449,34.147,7.282,0.0,0.289,0.187,0.041,car
40.995,23.058,66.287,0.949,1.914,0.201,0.2,0.119,0.529,1.325,0.129,3.633,23.073,3.181,0.0,0.873,0.479,0.265,metro
36.943,9.903,62.242,0.42,5.635,0.186,0.206,0.161,0.482,1.07,0.245,13.619,63.397,20.49,0.0,0.226,0.08,0.012,car
12.345,2.598,19.415,0.818,3.852,0.176,0.958,0.716,1.854,2.776,1.231,18.903,151.356,30.947,84.3,0.212,0.028,0.026,cycling
3.93,0.483,4.994,0.226,9.582,0.07,1.547,2.223,2.487,4.68,1.92,25.699,272.418,35.698,108.1,0.028,0.077,0.018,walking
48.665,11.631,68.432,1.351,2.051,0.195,0.425,0.071,0.249,0.647,0.16,4.828,12.536,11.828,0.0,0.933,0.49,0.264,metro
18.425,2.52,25.122,0.693,7.226,0.086,1.052,0.304,0.863,5.958,1.266,27.309,61.695,42.856,86.1,0.265,0.08,0.004,cycling
23.401,5.108,40.621,1.485,1.859,0.367,0.513,0.304,1.032,2.319,0.068,13.031,10.697,19.582,0.0,0.945,0.508,0.531,bus
21.286,2.507,28.267,1.191,3.009,0.063,0.47,0.077,0.386,1.24,0.123,20.877,82.377,26.319,0.0,0.24,0.09,0.027,scooter
61.239,3.785,89.683,0.433,4.122,0.217,0.405,0.23,0.262,1.403,0.016,6.688,71.244,21.455,0.0,0.347,0.177,0.031,car
4.734,0.355,5.235,0.333,6.444,0.12,2.155,1.975,3.38,6.543,1.601,57.492,226.597,63.966,106.3,0.094,0.006,0.036,walking
21.161,1.833,25.806,0.726,5.229,0.11,1.423,1.061,1.771,5.644,1.226,36.438,209.231,45.411,70.7,0.262,0.093,0.033,cycling
53.931,8.523,79.968,1.399,2.057,0.25,0.183,0.184,0.602,1.438,0.013,8.492,20.589,5.115,0.0,0.899,0.205,0.455,metro
30.426,2.318,38.199,0.527,4.301,0.107,0.331,0.056,0.73,1.527,0.096,16.829,27.681,16.126,0.0,0.152,0.051,0.034,scooter
0.108,0.043,0.544,0.018,0.087,1.0,0.068,0.009,0.007,0.182,0.0,0.48,0.729,2.327,0.0,0.029,1.0,0.051,stationary
20.004,11.775,31.692,1.775,1.559,0.555,0.873,0.243,0.594,2.018,0.241,8.73,52.834,11.698,0.0,0.81,0.413,0.802,bus
58.594,3.895,82.461,1.151,1.138,0.133,0.419,0.334,0.773,1.812,0.282,7.483,59.854,16.838,0.0,0.129,0.188,0.043,car
37.389,4.043,50.703,1.345,4.034,0.394,0.766,0.498,0.417,2.66,0.225,11.125,28.719,16.497,0.0,0.86,0.34,0.436,bus
60.926,11.796,85.76,0.849,2.25,0.436,0.473,0.268,0.589,1.149,0.069,8.092,29.118,13.484,0.0,0.953,0.226,0.519,metro
5.729,0.235,6.24,0.312,4.057,0.094,1.333,2.596,2.462,8.923,1.965,20.921,140.488,25.649,108.3,0.029,0.012,0.027,walking
0.257,0.011,0.293,0.045,0.565,1.0,0.062,0.006,0.03,0.124,0.0,1.819,0.608,1.1,0.0,0.013,1.0,0.052,stationary
52.81,21.517,68.701,0.818,1.819,0.288,0.427,0.08,0.581,1.736,0.002,6.566,21.521,11.903,0.0,0.852,0.249,0.918,metro
64.577,5.643,83.561,0.9,1.859,0.189,0.542,0.292,0.439,1.611,0.287,7.75,65.979,10.339,0.0,0.099,0.19,0.009,car
18.789,1.866,29.059,0.508,5.504,0.216,0.548,0.18,0.568,2.312,0.339,18.942,20.966,24.286,0.0,0.179,0.076,0.027,scooter
0.111,0.01,0.059,0.021,0.429,1.0,0.065,0.009,0.064,0.003,0.0,0.684,0.992,0.654,0.0,0.156,1.0,0.096,stationary
4.158,0.485,5.936,0.309,9.836,0.037,1.346,2.94,2.324,9.212,1.82,28.243,218.871,50.031,110.6,0.092,0.029,0.012,walking
52.376,2.699,66.023,0.537,4.123,0.19,0.642,0.274,0.38,1.609,0.147,5.068,20.422,17.361,0.0,0.411,0.163,0.011,car
36.844,14.845,47.75,1.752,3.781,0.447,0.606,0.567,0.739,1.804,0.038,5.655,22.209,20.783,0.0,0.769,0.514,0.697,bus
0.306,0.015,0.061,0.011,0.427,1.0,0.079,0.008,0.037,0.055,0.0,0.647,0.997,1.044,0.0,0.15,1.0,0.054,stationary
62.03,11.697,73.183,0.975,5.626,0.176,0.554,0.304,0.367,0.986,0.158,18.116,64.849,10.576,0.0,0.34,0.065,0.041,car
0.127,0.041,0.882,0.03,0.855,1.0,0.052,0.006,0.042,0.153,0.0,0.513,0.099,1.04,0.0,0.141,1.0,0.08,stationary
74.768,10.742,102.427,1.502,2.495,0.357,0.211,0.212,0.345,1.078,0.029,7.223,21.195,8.982,0.0,0.961,0.296,0.691,metro
22.32,1.315,29.795,0.6,2.063,0.043,0.91,1.179,1.893,5.738,1.385,35.851,116.713,36.381,64.7,0.064,0.088,0.013,cycling
0.135,0.007,0.077,0.017,0.092,1.0,0.009,0.002,0.046,0.168,0.0,1.407,0.381,0.452,0.0,0.051,1.0,0.062,stationary
5.606,0.501,6.77,0.154,7.991,0.018,1.66,1.369,1.652,7.074,1.8,52.289,392.985,57.761,124.0,0.203,0.078,0.026,walking
13.945,1.805,19.175,0.755,4.558,0.067,1.451,0.744,1.225,4.362,1.032,32.488,110.861,45.721,93.6,0.299,0.081,0.02,cycling
0.239,0.033,0.778,0.017,0.029,1.0,0.076,0.006,0.006,0.094,0.0,0.228,0.936,2.085,0.0,0.11,1.0,0.026,stationary
70.236,5.444,104.27,1.395,0.634,0.188,0.523,0.098,0.334,1.611,0.048,2.322,5.829,6.437,0.0,0.921,0.3,0.715,metro
48.077,15.549,68.283,1.021,2.277,0.369,0.158,0.064,0.339,1.671,0.065,9.169,9.951,11.807,0.0,0.884,0.36,0.877,metro
34.105,9.516,49.666,1.136,3.868,0.288,0.578,0.471,0.956,1.499,0.156,14.132,45.168,8.659,0.0,0.8,0.408,0.792,bus
46.995,9.562,72.332,1.291,3.459,0.169,0.299,0.116,0.346,0.794,0.253,6.145,34.491,23.314,0.0,0.184,0.166,0.046,car
69.818,12.078,102.022,1.399,1.108,0.432,0.384,0.274,0.394,0.941,0.026,9.91,13.207,7.089,0.0,0.868,0.475,0.638,metro
3.645,0.585,5.065,0.344,7.45,0.054,2.329,1.966,3.41,9.942,2.026,27.789,306.161,39.361,101.3,0.194,0.043,0.013,walking
4.735,0.269,6.032,0.146,5.402,0.064,1.267,3.075,3.348,7.11,2.067,32.141,374.083,66.135,105.4,0.001,0.059,0.012,walking
0.124,0.008,0.323,0.031,0.226,1.0,0.025,0.004,0.064,0.155,0.0,1.792,0.466,0.854,0.0,0.166,1.0,0.009,stationary
42.844,10.625,57.895,0.653,2.243,0.355,0.392,0.164,0.692,1.213,0.151,8.495,10.719,3.425,0.0,0.939,0.304,0.762,metro
19.399,5.189,36.258,0.705,4.836,0.341,0.409,0.543,0.407,1.967,0.144,16.105,37.38,21.856,0.0,0.928,0.54,0.84,bus
23.962,12.736,32.631,1.428,1.013,0.41,0.728,0.327,0.585,3.206,0.068,8.451,27.373,13.478,0.0,0.726,0.473,0.701,bus
20.576,2.138,24.783,0.961,4.639,0.084,0.482,0.242,0.534,1.154,0.06,14.156,39.561,11.168,0.0,0.182,0.071,0.008,scooter
0.184,0.034,0.503,0.044,0.6,1.0,0.05,0.0,0.087,0.138,0.0,1.646,0.379,1.835,0.0,0.05,1.0,0.07,stationary
16.39,9.945,34.779,1.551,3.785,0.365,0.751,0.549,0.414,1.247,0.119,4.835,42.45,8.434,0.0,0.939,0.312,0.692,bus
4.637,0.288,5.978,0.129,5.188,0.059,2.336,1.726,2.62,4.705,1.781,34.676,393.008,65.147,127.9,0.072,0.045,0.045,walking
33.899,10.242,42.028,1.418,4.335,0.467,0.389,0.396,0.786,2.076,0.155,13.174,32.776,11.574,0.0,0.774,0.252,0.094,bus
37.153,13.802,54.411,1.613,4.784,0.406,0.66,0.124,1.065,2.856,0.098,4.563,34.481,10.343,0.0,0.768,0.477,0.574,bus
0.157,0.02,0.028,0.004,0.239,1.0,0.072,0.006,0.017,0.045,0.0,0.778,0.278,0.31,0.0,0.042,1.0,0.051,stationary
0.372,0.049,0.146,0.01,0.688,1.0,0.038,0.001,0.014,0.031,0.0,0.954,0.775,0.953,0.0,0.1,1.0,0.029,stationary
11.92,2.439,14.548,0.523,6.44,0.196,0.897,0.649,1.808,4.923,1.127,27.802,197.219,42.054,61.5,0.175,0.113,0.049,cycling
0.071,0.037,0.502,0.049,0.47,1.0,0.015,0.004,0.028,0.161,0.0,1.061,0.911,1.299,0.0,0.154,1.0,0.054,stationary
40.649,10.556,62.076,0.964,2.318,0.153,0.423,0.154,0.364,0.762,0.161,15.852,59.814,24.982,0.0,0.153,0.134,0.011,car
5.334,0.122,6.082,0.279,7.593,0.112,2.003,1.87,1.6,5.806,1.665,50.85,182.776,48.878,121.7,0.156,0.002,0.047,walking
0.47,0.021,0.351,0.027,0.827,1.0,0.032,0.0,0.055,0.16,0.0,0.678,0.864,1.984,0.0,0.052,1.0,0.019,stationary
28.35,3.336,31.688,1.173,3.939,0.17,0.38,0.15,0.663,2.213,0.28,8.005,46.01,11.379,0.0,0.155,0.194,0.004,scooter
23.716,1.498,29.352,0.349,4.455,0.176,1.544,0.6,1.293,5.819,1.446,19.436,50.211,30.409,94.2,0.131,0.138,0.014,cycling
49.051,6.76,60.934,1.248,2.273,0.249,0.259,0.176,0.579,1.194,0.149,10.93,26.097,18.02,0.0,0.146,0.076,0.007,car
21.148,1.751,25.798,0.413,3.706,0.068,1.408,0.798,0.841,5.026,1.237,21.605,54.193,41.009,65.2,0.077,0.139,0.021,cycling
21.087,14.039,35.368,0.724,3.625,0.303,0.739,0.539,1.086,1.248,0.245,5.67,16.95,15.048,0.0,0.78,0.343,0.097,bus
22.421,3.112,32.761,0.86,2.906,0.186,0.562,0.146,0.466,1.409,0.389,15.237,88.79,11.139,0.0,0.07,0.165,0.037,scooter
61.286,5.475,84.357,0.493,4.745,0.215,0.425,0.194,0.416,1.895,0.058,10.382,19.85,9.341,0.0,0.434,0.161,0.025,car
3.787,0.216,4.334,0.314,8.234,0.046,1.863,3.068,2.065,5.265,1.883,43.456,352.58,61.845,96.4,0.224,0.078,0.003,walking
52.391,3.235,70.922,0.481,4.237,0.13,0.521,0.14,0.432,0.983,0.227,11.591,43.036,19.691,0.0,0.21,0.188,0.044,car
3.686,0.187,4.295,0.226,10.691,0.048,2.203,3.118,2.866,8.896,1.84,23.894,175.316,59.73,108.5,0.029,0.024,0.041,walking
17.959,1.683,25.867,0.912,4.044,0.106,0.598,0.249,0.653,2.169,0.189,16.748,63.761,20.246,0.0,0.271,0.055,0.027,scooter
19.252,1.807,22.866,0.514,7.624,0.033,1.096,0.701,1.579,5.346,1.161,18.484,219.453,24.926,74.6,0.215,0.031,0.006,cycling
56.341,13.949,90.826,0.933,1.668,0.313,0.499,0.151,0.292,0.5,0.101,3.45,9.936,13.624,0.0,0.957,0.459,0.306,metro
35.903,20.822,59.604,0.838,1.301,0.3,0.279,0.229,0.691,1.426,0.12,6.447,14.151,5.075,0.0,0.989,0.24,0.76,metro
56.78,2.599,77.112,1.118,3.756,0.062,0.563,0.24,0.439,1.004,0.219,7.616,65.535,24.937,0.0,0.078,0.149,0.012,car
0.127,0.047,0.41,0.002,0.911,1.0,0.012,0.003,0.051,0.118,0.0,1.572,0.598,1.353,0.0,0.189,1.0,0.008,stationary
28.076,2.295,37.55,1.077,2.512,0.141,0.299,0.055,0.383,1.849,0.217,20.564,25.496,27.825,0.0,0.134,0.159,0.042,scooter
0.298,0.011,0.867,0.019,0.34,1.0,0.043,0.008,0.01,0.042,0.0,1.967,0.782,1.144,0.0,0.097,1.0,0.051,stationary
14.629,3.235,19.598,0.96,3.38,0.056,0.559,0.084,0.376,2.082,0.29,10.81,22.974,25.333,0.0,0.07,0.133,0.018,scooter
17.884,2.619,21.421,0.699,7.14,0.148,1.31,0.951,1.999,3.59,1.208,28.616,175.583,44.706,63.5,0.188,0.124,0.037,cycling
39.511,13.877,54.583,1.024,1.088,0.213,0.331,0.165,0.476,1.25,0.068,2.972,12.039,11.744,0.0,0.956,0.434,0.315,metro
52.883,24.609,73.658,1.269,2.43,0.2,0.459,0.124,0.216,1.787,0.196,2.447,15.687,6.618,0.0,0.872,0.352,0.673,metro
64.049,20.26,89.837,1.229,1.857,0.303,0.236,0.239,0.246,0.825,0.14,9.738,6.179,8.282,0.0,0.993,0.319,0.741,metro
3.101,0.162,4.272,0.399,10.641,0.01,1.762,1.101,1.839,8.104,1.846,26.585,212.664,60.755,95.7,0.165,0.091,0.023,walking
67.055,24.418,101.981,1.348,1.53,0.378,0.368,0.067,0.6,1.182,0.013,7.636,29.51,9.73,0.0,0.99,0.208,0.584,metro
24.119,14.751,35.433,0.85,1.052,0.557,0.735,0.589,0.733,3.273,0.273,11.082,20.128,21.18,0.0,0.775,0.334,0.616,bus
4.054,0.48,5.547,0.237,3.553,0.086,2.005,2.668,2.579,7.1,2.101,39.512,397.412,69.295,121.2,0.118,0.021,0.033,walking
0.548,0.04,0.739,0.021,0.825,1.0,0.079,0.001,0.057,0.018,0.0,0.409,0.952,1.141,0.0,0.143,1.0,0.04,stationary
63.899,7.997,93.625,0.805,2.416,0.22,0.62,0.154,0.469,0.769,0.271,17.18,48.971,16.368,0.0,0.212,0.161,0.036,car
3.894,0.256,4.863,0.287,8.98,0.014,1.396,2.649,3.224,5.495,1.823,32.939,245.175,56.698,120.1,0.248,0.056,0.043,walking
33.87,8.987,59.401,0.773,3.678,0.117,0.459,0.223,0.261,2.132,0.206,12.097,21.623,12.841,0.0,0.339,0.157,0.048,car
17.8,7.833,33.345,0.948,3.227,0.391,0.794,0.368,1.002,1.853,0.153,6.197,15.699,21.031,0.0,0.926,0.488,0.424,bus
5.373,0.468,7.021,0.395,7.473,0.092,1.818,2.53,3.454,6.215,2.078,52.015,393.878,68.614,98.4,0.072,0.037,0.025,walking
21.667,2.196,30.896,0.958,5.89,0.182,0.388,0.069,0.557,0.919,0.054,20.21,46.401,10.193,0.0,0.308,0.066,0.002,scooter
23.978,10.33,32.189,0.936,4.288,0.402,0.336,0.434,0.934,1.318,0.003,8.162,20.512,13.82,0.0,0.795,0.252,0.087,bus
57.879,23.589,92.625,1.049,2.238,0.175,0.383,0.148,0.67,1.486,0.106,9.971,22.657,5.376,0.0,0.863,0.371,0.535,metro
17.737,1.087,20.87,0.762,2.234,0.076,0.805,0.961,1.444,4.784,1.114,44.883,84.474,45.601,82.0,0.209,0.147,0.049,cycling
38.228,19.61,58.633,0.979,1.732,0.237,0.379,0.286,0.26,1.247,0.005,6.737,11.509,11.147,0.0,0.913,0.401,0.861,metro
13.748,2.654,19.141,0.607,5.304,0.077,1.162,0.692,0.87,5.533,1.298,29.821,108.173,25.123,77.4,0.257,0.103,0.046,cycling
57.471,24.088,75.548,0.967,1.381,0.169,0.366,0.087,0.547,0.809,0.17,6.306,11.682,4.618,0.0,0.892,0.473,0.597,metro
0.292,0.014,0.023,0.022,0.834,1.0,0.063,0.003,0.055,0.074,0.0,0.709,0.202,1.967,0.0,0.123,1.0,0.028,stationary
31.545,7.578,47.959,0.758,3.083,0.242,0.502,0.051,0.727,1.215,0.129,18.617,33.158,8.275,0.0,0.368,0.169,0.04,car
32.966,13.315,64.864,1.26,1.968,0.341,0.431,0.249,0.243,1.611,0.003,6.948,23.721,5.927,0.0,0.881,0.363,0.5,metro
67.769,17.6,85.049,1.463,1.837,0.378,0.535,0.223,0.428,1.427,0.105,6.037,25.758,12.645,0.0,0.884,0.223,0.847,metro
14.909,1.01,18.155,0.451,7.689,0.14,0.899,1.267,0.821,5.853,1.437,25.296,53.626,38.111,71.1,0.349,0.08,0.012,cycling
0.085,0.041,0.75,0.004,0.032,1.0,0.072,0.005,0.015,0.04,0.0,1.295,0.206,2.394,0.0,0.189,1.0,0.052,stationary
0.455,0.025,0.362,0.037,0.573,1.0,0.062,0.002,0.069,0.1,0.0,1.683,0.839,0.246,0.0,0.018,1.0,0.056,stationary
3.553,0.205,5.176,0.348,4.887,0.046,2.019,2.777,3.279,6.824,1.729,24.578,365.235,65.278,114.3,0.037,0.052,0.001,walking
30.799,1.89,39.109,0.666,5.932,0.236,0.415,0.171,0.337,1.525,0.091,19.769,67.476,16.223,0.0,0.052,0.149,0.008,scooter
11.617,1.557,16.103,0.502,5.369,0.077,1.304,0.884,1.245,2.461,1.082,18.574,234.601,35.565,75.6,0.083,0.044,0.016,cycling
14.239,6.471,22.812,1.443,1.002,0.481,0.476,0.343,0.526,2.868,0.112,8.261,25.64,17.314,0.0,0.938,0.319,0.334,bus
21.137,10.468,38.758,1.588,1.944,0.385,0.803,0.402,0.415,2.966,0.053,9.254,56.936,19.991,0.0,0.93,0.497,0.248,bus
5.272,0.224,6.417,0.322,3.568,0.032,2.496,2.618,2.867,9.145,1.611,35.347,234.146,58.208,96.6,0.177,0.036,0.015,walking
23.411,0.832,28.939,0.887,5.57,0.093,0.793,1.194,1.538,3.136,1.435,38.142,62.462,37.095,82.4,0.083,0.12,0.025,cycling
16.514,2.45,23.126,0.59,3.926,0.117,1.194,1.033,1.779,4.833,1.07,21.374,225.925,29.925,67.6,0.308,0.036,0.03,cycling
25.458,3.377,36.46,1.193,2.748,0.084,0.25,0.197,0.462,1.389,0.064,9.972,78.285,26.302,0.0,0.24,0.126,0.041,scooter
21.44,11.696,33.733,0.972,2.121,0.423,0.326,0.318,0.505,1.967,0.125,5.078,10.21,16.818,0.0,0.755,0.391,0.735,bus
0.597,0.044,0.521,0.027,0.797,1.0,0.015,0.006,0.038,0.192,0.0,0.459,0.454,1.936,0.0,0.101,1.0,0.024,stationary
19.184,11.588,33.073,1.331,3.045,0.362,0.479,0.417,0.509,1.874,0.204,4.856,58.426,7.3,0.0,0.727,0.488,0.837,bus
20.779,1.937,27.93,1.172,5.355,0.073,0.52,0.222,0.618,1.998,0.096,18.734,52.136,31.745,0.0,0.154,0.116,0.009,scooter
16.657,3.554,19.62,0.423,3.876,0.083,1.539,1.399,1.898,3.766,1.475,35.907,69.893,39.652,78.7,0.18,0.021,0.007,cycling
14.024,9.414,23.388,1.293,1.813,0.465,0.416,0.398,0.425,1.313,0.103,7.706,25.156,16.183,0.0,0.761,0.305,0.029,bus
4.194,0.169,4.846,0.246,4.227,0.055,2.299,2.848,2.296,7.989,1.605,28.443,207.575,57.143,118.5,0.169,0.01,0.028,walking
50.991,5.149,73.008,0.99,1.727,0.45,0.314,0.272,0.441,1.299,0.065,7.432,6.333,13.637,0.0,0.875,0.421,0.851,metro
14.529,2.977,17.735,1.078,4.595,0.117,0.383,0.141,0.288,2.131,0.218,13.769,27.902,25.713,0.0,0.166,0.159,0.038,scooter
29.732,0.77,39.289,0.671,3.21,0.225,0.571,0.059,0.516,2.36,0.083,9.257,34.548,20.189,0.0,0.283,0.161,0.032,scooter
47.176,5.509,67.4,0.67,0.325,0.352,0.369,0.21,0.573,1.235,0.024,5.734,11.552,4.524,0.0,0.92,0.456,0.912,metro
41.739,17.172,64.058,1.417,2.092,0.439,0.488,0.083,0.389,1.661,0.165,9.837,20.793,4.643,0.0,0.985,0.213,0.838,metro
18.791,2.15,26.582,0.713,6.463,0.179,1.516,0.704,1.597,5.78,1.064,43.232,181.317,52.333,66.1,0.074,0.027,0.004,cycling
16.175,2.673,20.065,0.666,4.287,0.124,0.986,1.392,1.217,3.398,1.055,40.518,93.179,51.673,94.3,0.172,0.026,0.017,cycling
17.256,9.212,25.538,1.315,3.593,0.461,0.818,0.446,0.952,2.317,0.228,17.494,31.232,10.324,0.0,0.76,0.423,0.62,bus
32.181,7.985,44.508,0.683,3.757,0.27,0.333,0.237,1.013,3.25,0.112,6.253,30.931,12.265,0.0,0.97,0.289,0.329,bus
5.452,0.532,6.716,0.217,6.116,0.07,1.957,2.021,2.798,6.248,1.609,36.863,298.815,37.047,117.5,0.004,0.062,0.014,walking
35.494,10.593,52.642,0.807,4.196,0.059,0.254,0.275,0.708,1.93,0.023,9.523,29.447,24.651,0.0,0.209,0.061,0.046,car
48.341,17.679,70.706,0.812,2.107,0.378,0.233,0.205,0.21,0.537,0.112,7.266,26.687,13.955,0.0,0.94,0.454,0.901,metro
16.2,2.116,22.993,1.023,4.416,0.194,0.599,0.153,0.429,1.753,0.239,14.477,56.269,21.346,0.0,0.086,0.191,0.01,scooter
19.515,1.542,30.481,1.165,1.823,0.177,0.434,0.132,0.738,2.171,0.194,9.489,51.028,21.108,0.0,0.377,0.187,0.035,scooter
4.45,0.474,5.154,0.198,6.339,0.08,1.563,2.131,2.544,4.701,2.151,24.078,215.499,54.748,98.4,0.128,0.046,0.014,walking
31.188,0.756,38.369,1.188,2.134,0.183,0.224,0.152,0.749,1.192,0.346,22.475,63.657,17.0,0.0,0.158,0.127,0.035,scooter
0.327,0.027,0.64,0.013,0.87,1.0,0.059,0.006,0.07,0.013,0.0,0.46,0.274,2.028,0.0,0.053,1.0,0.077,stationary
62.363,19.863,79.987,1.339,1.05,0.204,0.433,0.194,0.33,0.654,0.136,5.636,21.519,10.404,0.0,0.925,0.417,0.551,metro
14.254,1.894,24.348,0.44,3.482,0.058,0.397,0.193,0.626,1.735,0.275,22.531,40.455,10.446,0.0,0.168,0.136,0.016,scooter
5.445,0.332,7.211,0.315,9.872,0.007,2.116,2.536,3.362,4.618,1.831,23.758,368.214,39.433,113.2,0.072,0.026,0.005,walking
26.258,1.227,31.53,0.899,3.5,0.056,0.302,0.229,0.664,1.96,0.191,9.596,29.09,24.548,0.0,0.249,0.145,0.017,scooter
46.848,6.404,60.541,1.115,3.349,0.209,0.371,0.243,0.544,0.854,0.162,9.322,34.642,7.65,0.0,0.163,0.122,0.006,car
16.77,3.732,19.081,0.602,7.956,0.194,1.09,0.603,1.169,2.658,1.198,34.824,94.532,21.849,83.5,0.307,0.083,0.015,cycling
51.122,8.492,73.3,0.769,4.373,0.088,0.443,0.081,0.263,0.877,0.258,12.423,33.555,12.403,0.0,0.4,0.189,0.031,car
3.437,0.148,3.939,0.277,8.56,0.048,1.799,2.783,2.908,5.362,2.067,37.118,330.039,31.613,109.0,0.23,0.095,0.029,walking
46.434,5.953,68.565,0.692,2.598,0.151,0.504,0.061,0.658,1.843,0.244,17.277,42.561,13.473,0.0,0.116,0.199,0.031,car
35.472,11.638,58.641,1.592,2.396,0.442,0.162,0.121,0.23,1.426,0.174,4.026,14.786,8.535,0.0,0.917,0.269,0.933,metro
55.617,9.096,83.31,1.112,1.211,0.362,0.468,0.105,0.202,0.571,0.086,2.323,28.804,11.057,0.0,0.946,0.307,0.283,metro
26.609,7.851,41.976,0.65,3.952,0.556,0.81,0.329,0.661,2.3,0.113,14.35,15.494,10.134,0.0,0.971,0.548,0.208,bus
0.577,0.03,0.817,0.001,0.189,1.0,0.06,0.007,0.058,0.115,0.0,0.273,0.149,2.22,0.0,0.056,1.0,0.046,stationary
18.825,11.067,37.096,1.777,4.551,0.391,0.412,0.502,0.445,1.669,0.254,15.965,49.26,21.972,0.0,0.764,0.501,0.141,bus
58.599,13.447,78.627,0.724,2.038,0.161,0.442,0.299,0.447,1.552,0.172,6.74,19.966,6.389,0.0,0.854,0.228,0.737,metro
23.561,3.944,25.601,0.314,3.096,0.048,0.992,0.425,1.658,5.701,1.034,44.008,161.559,40.074,65.6,0.296,0.096,0.042,cycling
33.258,3.683,56.848,1.216,4.693,0.097,0.322,0.277,0.3,1.224,0.295,16.92,51.796,24.824,0.0,0.073,0.135,0.04,car
14.199,2.528,23.278,0.708,3.938,0.201,0.236,0.188,0.41,1.71,0.214,16.292,68.092,14.043,0.0,0.354,0.101,0.02,scooter
30.851,14.629,48.753,0.745,2.813,0.279,0.521,0.42,0.706,1.648,0.296,17.552,48.769,9.232,0.0,0.971,0.281,0.444,bus
54.369,7.478,74.301,0.928,2.077,0.197,0.523,0.276,0.504,1.358,0.198,14.744,20.725,8.001,0.0,0.142,0.161,0.035,car
14.766,10.085,28.923,0.772,2.406,0.252,0.442,0.204,0.649,3.195,0.138,5.095,53.939,15.815,0.0,0.758,0.376,0.06,bus
37.672,13.905,56.759,1.333,4.258,0.398,0.76,0.303,0.747,1.52,0.046,16.447,22.355,13.751,0.0,0.733,0.304,0.144,bus
15.801,2.447,22.565,0.506,5.522,0.195,0.491,0.124,0.384,1.476,0.199,8.778,55.434,20.395,0.0,0.083,0.143,0.026,scooter
19.811,3.311,22.31,0.704,6.193,0.141,1.49,0.417,1.479,4.84,1.273,17.076,223.139,32.468,75.3,0.074,0.044,0.004,cycling
21.041,3.359,23.788,0.538,2.794,0.115,1.466,0.589,1.601,5.811,1.19,33.492,57.637,36.668,95.0,0.15,0.023,0.005,cycling
0.298,0.035,0.337,0.009,0.636,1.0,0.057,0.002,0.077,0.161,0.0,0.157,0.679,2.436,0.0,0.126,1.0,0.097,stationary
14.635,0.866,24.008,0.452,4.433,0.089,0.513,0.082,0.469,2.447,0.231,21.537,76.768,11.081,0.0,0.082,0.101,0.021,scooter
28.122,1.305,32.955,0.44,2.857,0.114,0.265,0.187,0.672,0.944,0.363,19.197,58.766,31.66,0.0,0.197,0.12,0.037,scooter
15.347,2.244,21.46,0.778,3.346,0.16,0.775,0.599,1.274,3.806,1.08,39.354,214.667,41.264,69.3,0.057,0.07,0.014,cycling
11.324,2.675,16.576,0.891,5.762,0.085,1.178,0.565,1.214,4.034,1.006,31.137,63.947,34.302,83.8,0.283,0.048,0.003,cycling
31.201,5.758,39.954,0.668,2.801,0.576,0.484,0.578,0.676,2.825,0.025,13.061,24.119,19.803,0.0,0.813,0.447,0.206,bus
17.195,1.914,20.803,1.192,5.351,0.067,0.365,0.162,0.447,1.966,0.141,13.221,48.044,18.564,0.0,0.27,0.051,0.005,scooter
31.214,4.734,51.116,1.248,2.373,0.355,0.634,0.352,1.047,1.548,0.227,5.174,31.095,16.162,0.0,0.871,0.412,0.419,bus
17.277,14.799,26.697,1.54,3.727,0.453,0.305,0.268,0.499,2.797,0.002,15.6,19.497,19.111,0.0,0.895,0.439,0.186,bus
59.177,14.525,88.144,1.506,1.861,0.441,0.4,0.237,0.573,0.584,0.013,6.909,17.456,4.598,0.0,0.945,0.434,0.352,metro
0.427,0.047,0.819,0.043,0.79,1.0,0.046,0.007,0.071,0.1,0.0,1.363,0.37,0.114,0.0,0.028,1.0,0.043,stationary
15.041,0.966,19.127,0.9,2.979,0.187,1.362,1.256,1.807,5.313,1.295,16.04,179.062,36.08,77.2,0.32,0.137,0.007,cycling
34.431,8.707,56.742,0.654,0.556,0.183,0.391,0.054,0.52,1.686,0.129,4.643,13.646,7.577,0.0,0.911,0.287,0.153,metro
26.931,1.198,34.965,1.082,1.639,0.144,0.516,0.161,0.421,1.225,0.275,18.943,66.572,30.344,0.0,0.256,0.149,0.036,scooter
14.045,3.12,16.237,0.551,7.541,0.162,1.129,1.012,1.863,5.249,1.283,42.674,180.305,25.741,77.0,0.275,0.023,0.041,cycling
24.276,10.835,42.537,1.682,3.112,0.552,0.769,0.263,0.654,3.493,0.182,5.942,49.821,10.08,0.0,0.833,0.362,0.356,bus
19.602,14.594,27.811,1.746,3.793,0.297,0.452,0.58,1.046,3.43,0.173,8.016,55.348,10.717,0.0,0.865,0.282,0.628,bus
44.22,17.577,73.15,1.305,0.76,0.151,0.525,0.284,0.646,1.436,0.135,2.279,26.322,4.559,0.0,0.981,0.383,0.183,metro
25.364,5.961,39.038,0.583,4.972,0.223,0.447,0.077,0.567,1.742,0.018,9.812,55.898,9.35,0.0,0.195,0.103,0.004,car
3.476,0.361,4.896,0.385,4.182,0.045,2.399,1.889,1.44,5.784,1.757,59.437,283.644,57.408,96.9,0.199,0.048,0.024,walking
19.297,2.77,24.053,0.589,7.641,0.11,1.464,0.337,1.597,5.464,1.071,31.562,117.301,24.191,86.9,0.156,0.064,0.027,cycling
39.131,11.052,65.693,1.554,1.273,0.217,0.272,0.209,0.245,1.639,0.03,2.292,11.13,4.107,0.0,0.95,0.365,0.165,metro
37.254,10.852,53.883,0.935,4.978,0.504,0.808,0.363,0.822,2.334,0.151,17.755,17.811,14.736,0.0,0.95,0.454,0.705,bus
0.502,0.011,0.267,0.041,0.698,1.0,0.022,0.004,0.064,0.111,0.0,0.562,0.862,1.21,0.0,0.167,1.0,0.064,stationary
23.669,2.964,27.016,0.46,2.427,0.04,0.658,0.57,1.77,4.734,1.443,39.005,133.787,38.414,81.8,0.2,0.021,0.005,cycling
33.112,18.162,64.216,0.6,1.389,0.246,0.508,0.236,0.4,0.695,0.197,8.444,9.554,11.673,0.0,0.916,0.457,0.362,metro
12.316,1.851,23.559,0.415,2.268,0.059,0.535,0.084,0.507,1.255,0.333,22.45,69.496,24.861,0.0,0.319,0.064,0.041,scooter
57.775,7.799,81.317,0.598,3.964,0.241,0.578,0.246,0.777,1.109,0.108,19.357,65.651,17.507,0.0,0.395,0.095,0.034,car
20.251,2.468,25.046,0.383,5.331,0.112,1.039,0.648,1.903,5.31,1.112,21.728,178.809,36.938,64.7,0.131,0.144,0.037,cycling
33.009,7.565,67.649,1.257,0.351,0.244,0.215,0.268,0.687,1.254,0.019,2.549,28.586,9.891,0.0,0.989,0.415,0.248,metro
0.024,0.003,0.749,0.006,0.26,1.0,0.053,0.009,0.074,0.199,0.0,0.991,0.134,2.147,0.0,0.08,1.0,0.008,stationary
22.32,2.996,27.925,0.804,2.522,0.094,1.338,0.735,1.429,4.521,1.146,17.324,197.053,42.765,74.6,0.291,0.098,0.025,cycling
54.313,5.589,66.219,0.599,3.044,0.236,0.539,0.286,0.5,1.887,0.057,11.078,51.053,14.888,0.0,0.335,0.145,0.006,car
51.078,9.313,77.613,1.202,2.004,0.195,0.424,0.173,0.622,0.854,0.231,16.847,25.471,24.816,0.0,0.449,0.06,0.006,car
49.543,10.615,73.514,1.232,4.664,0.082,0.41,0.179,0.607,1.595,0.216,7.468,26.088,9.707,0.0,0.373,0.093,0.048,car
5.253,0.335,6.112,0.28,7.285,0.136,2.118,1.083,1.587,6.023,1.851,51.985,350.353,58.059,122.1,0.016,0.026,0.037,walking
32.459,3.922,59.301,1.125,2.486,0.199,0.417,0.149,0.785,1.546,0.014,11.503,21.521,18.849,0.0,0.305,0.12,0.03,car
3.896,0.307,5.05,0.277,5.913,0.02,1.679,3.134,2.577,9.974,1.894,24.639,266.268,50.453,119.8,0.147,0.076,0.032,walking
12.603,2.344,15.77,0.486,6.765,0.047,1.008,0.594,0.873,2.3,1.413,27.198,116.291,23.399,74.5,0.055,0.076,0.007,cycling
16.08,14.618,27.199,0.788,4.856,0.323,0.38,0.32,0.557,1.652,0.08,15.851,37.344,14.219,0.0,0.884,0.254,0.343,bus
22.595,0.73,30.746,0.657,5.114,0.219,0.302,0.087,0.746,2.164,0.399,13.318,47.587,11.293,0.0,0.324,0.189,0.047,scooter
20.681,13.045,31.815,1.57,4.343,0.364,0.892,0.493,0.626,2.561,0.068,9.617,52.601,11.165,0.0,0.934,0.3,0.365,bus
64.591,2.205,89.592,0.835,1.157,0.237,0.403,0.242,0.298,1.961,0.248,10.221,47.522,16.344,0.0,0.175,0.121,0.04,car
40.616,4.107,54.963,0.655,1.891,0.221,0.554,0.056,0.647,2.172,0.18,9.696,60.076,23.633,0.0,0.286,0.14,0.019,car
0.222,0.012,0.376,0.036,0.387,1.0,0.065,0.01,0.02,0.035,0.0,1.338,0.693,0.544,0.0,0.05,1.0,0.099,stationary
22.481,2.758,27.048,0.379,6.738,0.069,1.491,1.375,1.736,4.011,1.484,30.408,222.379,38.907,93.5,0.104,0.112,0.039,cycling
31.514,0.818,42.815,0.468,2.152,0.084,0.397,0.176,0.697,1.98,0.327,9.052,87.625,16.283,0.0,0.296,0.097,0.048,scooter
26.492,10.589,41.11,1.072,4.441,0.274,0.444,0.567,0.662,2.068,0.146,10.163,21.393,18.588,0.0,0.93,0.377,0.514,bus
23.138,7.968,31.701,0.954,3.7,0.417,0.633,0.392,1.055,1.205,0.183,16.049,21.621,10.461,0.0,0.946,0.346,0.405,bus
4.888,0.531,6.152,0.277,10.339,0.124,2.479,1.746,2.096,9.219,1.609,22.598,241.194,57.321,128.6,0.193,0.086,0.035,walking
14.654,2.791,23.739,0.45,5.681,0.166,0.412,0.099,0.581,1.167,0.289,23.144,21.752,30.531,0.0,0.376,0.094,0.047,scooter
74.88,24.195,107.892,1.122,1.772,0.427,0.156,0.14,0.259,1.797,0.007,8.528,12.594,10.064,0.0,0.919,0.459,0.507,metro
24.478,2.351,31.508,0.59,3.494,0.115,0.353,0.19,0.627,1.483,0.355,17.114,63.761,17.88,0.0,0.298,0.142,0.034,scooter
0.496,0.027,0.822,0.035,0.334,1.0,0.076,0.009,0.066,0.142,0.0,1.983,0.22,0.436,0.0,0.158,1.0,0.084,stationary
16.546,10.621,36.047,0.918,1.314,0.378,0.886,0.563,0.945,1.336,0.148,8.091,22.933,19.732,0.0,0.786,0.393,0.573,bus
34.377,3.992,62.853,0.951,2.25,0.181,0.597,0.275,0.491,1.356,0.01,16.298,21.609,24.276,0.0,0.063,0.089,0.003,car
0.562,0.049,0.048,0.028,0.937,1.0,0.075,0.009,0.001,0.006,0.0,0.025,0.718,2.16,0.0,0.14,1.0,0.067,stationary
23.222,1.665,25.786,0.395,2.032,0.185,0.725,0.599,1.762,3.779,1.279,20.918,246.483,21.705,84.3,0.258,0.029,0.044,cycling
28.452,2.85,35.561,0.494,5.436,0.149,0.346,0.225,0.599,1.832,0.099,20.646,58.814,21.355,0.0,0.344,0.147,0.023,scooter
14.074,2.726,18.316,0.512,2.383,0.059,1.512,0.332,1.352,3.546,1.062,22.527,104.68,42.27,85.7,0.154,0.121,0.023,cycling
4.515,0.452,5.163,0.175,5.542,0.021,1.78,1.159,2.678,7.22,1.855,22.902,307.666,37.405,104.2,0.178,0.096,0.036,walking
63.921,5.524,89.629,0.566,5.517,0.123,0.346,0.085,0.452,0.848,0.125,19.589,19.8,24.659,0.0,0.23,0.095,0.022,car
18.785,1.078,23.274,0.345,2.871,0.135,1.43,0.495,1.555,4.763,1.425,35.019,61.921,44.58,85.6,0.145,0.075,0.027,cycling
52.929,14.317,75.392,1.094,0.291,0.323,0.308,0.242,0.535,1.085,0.008,9.64,16.076,10.837,0.0,0.958,0.441,0.217,metro
59.144,2.283,80.213,1.187,3.087,0.229,0.524,0.207,0.702,0.618,0.246,17.811,55.561,11.807,0.0,0.144,0.073,0.013,car
17.301,1.646,25.766,0.786,4.417,0.135,0.311,0.109,0.598,1.095,0.365,19.299,59.282,22.883,0.0,0.259,0.072,0.043,scooter
0.398,0.004,0.81,0.005,0.334,1.0,0.066,0.005,0.079,0.08,0.0,1.666,0.6,1.007,0.0,0.094,1.0,0.038,stationary
24.104,1.061,30.296,0.653,3.983,0.213,0.3,0.166,0.403,2.499,0.336,15.575,50.498,19.791,0.0,0.294,0.104,0.036,scooter
18.723,3.787,22.3,0.367,3.861,0.086,1.556,0.998,1.406,5.305,1.254,31.896,193.41,32.832,94.0,0.262,0.129,0.034,cycling
41.42,6.615,53.996,1.122,2.854,0.231,0.33,0.071,0.301,1.235,0.125,9.751,61.052,8.391,0.0,0.444,0.122,0.003,car
15.866,2.842,25.915,1.061,2.971,0.208,0.237,0.159,0.698,2.331,0.204,23.576,74.142,27.953,0.0,0.107,0.171,0.0,scooter
5.604,0.115,6.668,0.362,3.554,0.054,2.709,1.966,2.685,8.289,2.109,36.227,233.296,43.175,120.6,0.05,0.032,0.008,walking
44.787,5.809,64.316,0.467,5.221,0.155,0.466,0.302,0.59,0.686,0.144,10.813,56.235,24.478,0.0,0.396,0.071,0.006,car
14.403,2.477,23.69,0.722,3.749,0.159,0.205,0.197,0.575,2.296,0.051,21.647,22.891,20.967,0.0,0.122,0.159,0.031,scooter
16.897,11.893,31.789,1.008,4.967,0.287,0.847,0.393,0.667,2.957,0.142,5.028,16.517,9.581,0.0,0.942,0.493,0.538,bus
4.352,0.3,4.897,0.113,10.779,0.149,1.845,2.011,3.455,7.448,1.859,32.645,219.729,41.084,109.9,0.093,0.098,0.027,walking
5.618,0.457,6.124,0.318,7.426,0.086,1.907,2.612,2.469,5.041,1.982,40.802,326.269,59.472,108.6,0.004,0.031,0.025,walking
21.753,3.544,24.787,0.736,3.568,0.119,0.912,0.537,1.758,3.261,1.497,28.29,166.739,26.814,61.8,0.183,0.075,0.014,cycling
17.018,3.18,24.467,0.37,3.618,0.181,1.442,0.889,1.899,5.227,1.094,40.376,91.434,35.915,82.4,0.235,0.043,0.001,cycling
0.099,0.033,0.624,0.016,0.907,1.0,0.011,0.001,0.016,0.052,0.0,0.827,0.423,1.095,0.0,0.138,1.0,0.08,stationary
3.1,0.426,4.642,0.155,6.702,0.047,2.411,0.865,2.954,5.075,2.05,29.262,298.273,53.751,109.4,0.206,0.045,0.001,walking
0.204,0.034,0.79,0.007,0.728,1.0,0.021,0.009,0.073,0.026,0.0,0.127,0.089,0.283,0.0,0.04,1.0,0.036,stationary
64.431,10.982,89.644,0.619,3.949,0.051,0.321,0.133,0.285,1.625,0.032,16.894,38.64,9.266,0.0,0.067,0.054,0.036,car
26.156,8.408,43.771,1.697,1.792,0.281,0.541,0.432,0.876,2.67,0.02,15.048,52.106,16.088,0.0,0.775,0.316,0.622,bus
57.013,8.15,80.635,0.66,1.855,0.108,0.256,0.233,0.719,1.708,0.102,14.05,21.349,20.805,0.0,0.125,0.121,0.041,car
38.486,7.801,65.575,1.089,5.598,0.188,0.324,0.229,0.283,1.04,0.071,18.033,66.538,16.056,0.0,0.195,0.065,0.017,car
20.218,4.443,37.147,1.133,4.905,0.315,0.612,0.275,1.026,2.584,0.23,8.514,56.758,17.541,0.0,0.829,0.297,0.247,bus
23.358,3.279,29.606,0.502,3.676,0.247,0.243,0.097,0.469,1.11,0.198,9.051,89.099,21.138,0.0,0.24,0.08,0.014,scooter
19.813,0.569,28.931,0.522,2.377,0.129,0.393,0.173,0.469,0.983,0.304,24.035,47.623,15.362,0.0,0.246,0.178,0.026,scooter
0.042,0.021,0.611,0.049,0.817,1.0,0.035,0.003,0.016,0.189,0.0,1.592,0.349,0.916,0.0,0.1,1.0,0.046,stationary
25.261,2.004,33.629,0.965,3.964,0.163,0.337,0.166,0.392,0.974,0.272,11.885,32.599,31.037,0.0,0.052,0.064,0.02,scooter
25.008,2.886,28.462,0.652,5.53,0.186,0.346,0.105,0.539,1.163,0.258,9.686,28.774,10.93,0.0,0.137,0.14,0.004,scooter
13.213,3.026,21.952,0.805,1.635,0.189,0.34,0.07,0.602,2.473,0.271,9.855,27.659,26.579,0.0,0.075,0.163,0.048,scooter
11.719,1.988,16.067,0.363,5.111,0.175,0.946,0.844,1.478,2.481,1.209,36.326,218.086,22.285,85.0,0.232,0.147,0.024,cycling
65.466,13.029,85.892,1.144,2.253,0.389,0.302,0.067,0.341,1.488,0.144,5.535,6.594,7.998,0.0,0.985,0.417,0.909,metro
52.202,3.422,67.838,1.287,5.765,0.175,0.495,0.153,0.751,1.51,0.07,10.888,30.772,24.88,0.0,0.43,0.08,0.012,car
0.531,0.047,0.146,0.019,0.396,1.0,0.058,0.005,0.035,0.184,0.0,1.459,0.277,1.306,0.0,0.024,1.0,0.052,stationary
58.863,2.313,76.094,1.019,1.342,0.199,0.486,0.09,0.422,1.458,0.286,13.774,72.905,13.715,0.0,0.109,0.065,0.014,car
3.694,0.145,4.746,0.253,7.491,0.007,2.427,2.115,1.437,9.846,1.651,42.824,357.181,42.545,111.8,0.09,0.061,0.02,walking
0.498,0.032,0.173,0.021,0.438,1.0,0.039,0.008,0.028,0.19,0.0,0.137,0.581,2.044,0.0,0.17,1.0,0.076,stationary
63.02,15.856,85.606,1.308,0.892,0.264,0.53,0.268,0.532,1.5,0.03,2.808,5.094,13.575,0.0,0.992,0.337,0.317,metro
30.465,3.316,38.583,0.608,5.477,0.171,0.427,0.179,0.553,2.408,0.09,23.167,38.171,28.644,0.0,0.316,0.075,0.027,scooter
36.94,6.012,53.277,1.204,5.668,0.13,0.366,0.15,0.719,1.747,0.152,9.81,69.064,16.911,0.0,0.204,0.077,0.049,car
24.519,2.544,35.308,0.726,5.429,0.159,0.247,0.071,0.641,0.834,0.063,21.258,55.56,24.64,0.0,0.166,0.194,0.026,scooter
13.957,1.63,20.34,0.739,5.136,0.137,0.419,0.226,0.528,2.466,0.284,22.107,37.908,17.327,0.0,0.351,0.109,0.004,scooter
26.672,7.454,39.61,0.826,3.895,0.46,0.81,0.375,1.076,2.609,0.201,15.57,47.155,9.935,0.0,0.743,0.426,0.104,bus
38.733,9.13,52.084,0.966,1.881,0.246,0.579,0.188,0.677,1.419,0.057,6.415,37.907,20.052,0.0,0.097,0.073,0.02,car
11.922,3.277,15.14,0.494,6.448,0.109,1.03,0.75,1.828,3.001,1.318,17.26,199.059,21.971,72.8,0.112,0.046,0.043,cycling
51.531,22.246,77.082,0.786,1.264,0.186,0.465,0.297,0.537,1.369,0.121,6.609,29.444,9.532,0.0,0.963,0.447,0.866,metro
5.432,0.552,6.871,0.351,7.314,0.062,1.264,1.945,2.373,6.066,2.126,33.207,127.599,52.04,104.1,0.105,0.035,0.01,walking
3.0,0.528,4.035,0.23,7.954,0.057,1.897,2.003,1.449,6.598,2.006,35.783,138.647,49.759,96.1,0.003,0.003,0.014,walking
21.789,2.186,25.841,1.082,4.857,0.107,0.503,0.162,0.656,1.648,0.334,12.57,78.261,16.19,0.0,0.237,0.14,0.016,scooter
14.033,1.428,18.176,1.004,3.471,0.186,0.35,0.234,0.635,1.547,0.214,11.234,81.898,17.587,0.0,0.398,0.171,0.038,scooter
37.744,13.297,45.761,1.046,4.397,0.444,0.365,0.431,0.534,2.839,0.06,17.478,27.943,21.132,0.0,0.829,0.27,0.687,bus
43.389,8.678,64.375,1.253,1.019,0.37,0.5,0.196,0.562,1.577,0.109,5.328,20.378,7.227,0.0,0.967,0.411,0.796,metro
21.373,1.089,27.98,1.05,2.357,0.202,0.533,0.122,0.439,2.049,0.096,16.581,71.92,13.501,0.0,0.293,0.147,0.049,scooter
5.405,0.489,6.015,0.346,6.697,0.027,2.349,3.179,1.951,4.268,1.659,51.326,145.224,44.988,102.2,0.056,0.024,0.02,walking
0.494,0.019,0.425,0.035,0.421,1.0,0.062,0.004,0.082,0.069,0.0,1.569,0.39,0.896,0.0,0.163,1.0,0.07,stationary
54.462,3.384,72.048,0.885,1.374,0.055,0.376,0.323,0.768,1.015,0.11,11.218,35.272,12.511,0.0,0.429,0.169,0.024,car
33.206,10.897,53.529,1.232,0.246,0.406,0.264,0.172,0.659,0.53,0.093,2.719,27.861,3.865,0.0,0.974,0.255,0.442,metro
19.887,2.825,23.504,0.69,6.829,0.192,0.792,0.491,1.574,2.134,1.239,16.346,133.926,48.444,64.2,0.179,0.126,0.035,cycling
62.765,9.546,88.364,0.471,4.009,0.218,0.362,0.264,0.587,1.819,0.005,6.578,69.097,20.237,0.0,0.425,0.19,0.049,car
0.01,0.038,0.328,0.027,0.336,1.0,0.023,0.006,0.028,0.189,0.0,0.044,0.456,1.232,0.0,0.089,1.0,0.024,stationary
69.681,17.913,95.112,0.978,0.276,0.211,0.237,0.059,0.526,0.655,0.125,9.95,20.548,4.43,0.0,0.861,0.269,0.535,metro
0.445,0.039,0.794,0.014,0.435,1.0,0.069,0.002,0.09,0.108,0.0,0.431,0.275,1.025,0.0,0.03,1.0,0.008,stationary
32.17,6.572,66.611,0.662,1.292,0.377,0.313,0.097,0.324,1.445,0.051,6.925,19.38,4.225,0.0,0.93,0.331,0.326,metro
18.831,2.257,27.436,0.78,2.683,0.248,0.463,0.209,0.659,0.86,0.242,21.995,36.517,11.311,0.0,0.229,0.108,0.009,scooter
0.536,0.003,0.565,0.013,0.584,1.0,0.071,0.006,0.06,0.169,0.0,1.816,0.138,0.238,0.0,0.027,1.0,0.059,stationary
19.546,2.137,23.608,0.471,5.519,0.165,0.542,0.208,0.331,1.6,0.399,24.092,51.134,25.51,0.0,0.221,0.095,0.041,scooter
29.997,8.703,46.632,0.991,2.497,0.373,0.6,0.382,0.655,1.224,0.157,5.286,37.428,15.92,0.0,0.918,0.28,0.208,bus
27.927,0.894,35.503,0.931,2.539,0.195,0.508,0.212,0.675,1.883,0.262,19.378,89.176,11.425,0.0,0.352,0.199,0.032,scooter
11.167,1.618,17.245,0.431,5.328,0.133,0.793,0.768,1.198,3.187,1.251,33.676,179.978,30.247,94.2,0.051,0.143,0.019,cycling
0.313,0.004,0.76,0.031,0.84,1.0,0.0,0.002,0.008,0.153,0.0,0.897,0.823,2.396,0.0,0.101,1.0,0.012,stationary
33.444,5.049,43.484,0.933,1.263,0.452,0.841,0.391,0.521,2.326,0.201,5.496,53.112,14.433,0.0,0.824,0.285,0.781,bus
21.987,2.865,33.601,0.477,5.926,0.167,0.505,0.131,0.534,0.804,0.153,14.387,41.589,10.493,0.0,0.246,0.069,0.032,scooter
0.085,0.04,0.262,0.021,0.962,1.0,0.04,0.004,0.05,0.125,0.0,1.525,0.388,2.471,0.0,0.084,1.0,0.08,stationary
0.088,0.034,0.02,0.04,0.8,1.0,0.068,0.005,0.086,0.146,0.0,1.715,0.507,0.605,0.0,0.063,1.0,0.09,stationary
32.159,11.296,57.032,0.576,4.138,0.178,0.333,0.112,0.299,1.009,0.05,16.798,53.468,18.551,0.0,0.059,0.157,0.01,car
73.93,13.558,100.394,0.724,2.405,0.245,0.463,0.12,0.443,1.468,0.115,4.197,27.756,9.405,0.0,0.861,0.467,0.882,metro
20.203,12.702,39.689,0.839,4.098,0.314,0.367,0.205,0.903,2.633,0.113,12.023,55.971,14.899,0.0,0.837,0.537,0.557,bus
26.181,12.013,42.715,1.029,1.434,0.444,0.324,0.471,0.89,1.592,0.094,5.147,40.024,20.792,0.0,0.873,0.38,0.486,bus
21.761,3.369,25.43,0.75,4.119,0.125,1.357,0.571,1.667,2.579,1.216,34.968,209.429,53.282,84.6,0.256,0.072,0.029,cycling
5.072,0.204,6.604,0.149,7.709,0.07,1.866,1.37,1.833,4.032,1.896,31.044,266.811,33.706,116.8,0.129,0.008,0.007,walking
63.715,4.418,77.455,0.464,4.077,0.247,0.521,0.319,0.266,1.88,0.066,15.835,60.211,19.263,0.0,0.43,0.087,0.026,car
17.152,1.443,22.179,1.188,2.665,0.106,0.304,0.06,0.381,1.316,0.182,19.18,58.225,16.626,0.0,0.212,0.089,0.048,scooter
15.476,2.141,21.067,0.781,4.961,0.132,0.252,0.229,0.508,0.838,0.168,20.299,62.854,13.613,0.0,0.181,0.103,0.018,scooter
4.195,0.32,5.861,0.373,6.981,0.076,1.855,1.907,2.2,7.366,1.924,23.257,219.654,39.915,122.2,0.132,0.013,0.018,walking
0.337,0.024,0.836,0.017,0.103,1.0,0.046,0.009,0.035,0.174,0.0,0.985,0.086,0.842,0.0,0.023,1.0,0.022,stationary
18.059,1.705,21.538,0.302,3.668,0.168,1.273,0.651,1.953,5.603,1.376,40.347,220.678,52.911,70.9,0.125,0.058,0.045,cycling
49.173,4.735,78.89,1.173,3.82,0.092,0.499,0.266,0.744,1.921,0.285,13.584,35.274,12.542,0.0,0.16,0.051,0.002,car
28.375,15.692,37.57,1.08,4.623,0.51,0.677,0.323,0.411,1.823,0.265,10.318,49.708,12.486,0.0,0.944,0.416,0.213,bus
11.949,1.001,16.418,0.506,3.103,0.178,0.854,0.791,1.547,5.632,1.106,30.772,194.698,41.716,91.9,0.203,0.139,0.035,cycling
0.06,0.036,0.539,0.026,0.81,1.0,0.069,0.008,0.086,0.055,0.0,1.219,0.362,1.868,0.0,0.005,1.0,0.009,stationary
28.31,9.664,53.016,0.834,4.388,0.167,0.275,0.25,0.388,1.876,0.084,9.934,27.382,15.492,0.0,0.382,0.106,0.02,car
60.491,13.001,83.842,0.964,0.794,0.312,0.226,0.193,0.313,1.037,0.074,8.129,18.225,10.092,0.0,0.94,0.492,0.18,metro
0.216,0.007,0.617,0.012,0.451,1.0,0.003,0.001,0.056,0.2,0.0,0.46,0.78,2.193,0.0,0.005,1.0,0.063,stationary
28.141,2.572,35.634,0.964,3.335,0.231,0.553,0.091,0.308,2.338,0.104,13.798,31.02,15.534,0.0,0.162,0.088,0.044,scooter
44.458,14.616,64.271,1.31,0.582,0.196,0.17,0.128,0.246,1.2,0.081,2.293,29.73,3.078,0.0,0.863,0.229,0.24,metro
41.379,13.221,57.582,0.83,0.943,0.202,0.416,0.212,0.54,1.486,0.066,6.263,29.228,4.039,0.0,0.896,0.237,0.255,metro
63.913,11.199,96.733,0.834,1.389,0.375,0.404,0.176,0.386,0.986,0.035,9.855,11.482,8.187,0.0,0.951,0.384,0.658,metro
58.216,6.51,76.077,0.535,3.603,0.146,0.507,0.286,0.725,0.703,0.255,14.612,26.005,22.723,0.0,0.202,0.075,0.002,car
4.642,0.186,6.263,0.344,11.293,0.095,2.745,1.337,2.744,5.785,1.805,59.425,300.197,27.613,119.1,0.143,0.008,0.01,walking
70.242,24.802,93.872,0.512,0.525,0.372,0.25,0.161,0.292,1.654,0.151,7.585,8.926,7.149,0.0,0.936,0.312,0.512,metro
14.486,12.982,33.144,1.347,1.229,0.322,0.672,0.4,0.88,3.076,0.21,13.253,55.693,20.986,0.0,0.854,0.543,0.573,bus
18.691,2.666,22.417,0.984,1.733,0.129,0.52,0.069,0.363,1.841,0.135,20.478,20.264,29.781,0.0,0.129,0.078,0.003,scooter
35.941,15.036,47.553,1.126,3.59,0.555,0.633,0.422,0.407,2.202,0.205,6.361,56.252,15.83,0.0,0.746,0.376,0.344,bus
45.555,11.914,58.776,0.467,3.384,0.165,0.272,0.075,0.293,0.664,0.049,17.631,52.327,12.659,0.0,0.194,0.194,0.008,car
64.676,19.016,90.231,1.339,0.461,0.38,0.389,0.26,0.337,1.307,0.018,3.153,15.905,3.023,0.0,0.973,0.307,0.438,metro
29.213,2.63,43.024,0.788,2.41,0.091,0.355,0.197,0.402,0.725,0.017,11.968,70.117,22.714,0.0,0.374,0.196,0.014,car
0.287,0.033,0.395,0.016,0.059,1.0,0.061,0.003,0.021,0.113,0.0,0.767,0.942,0.68,0.0,0.134,1.0,0.097,stationary
29.992,1.618,37.176,0.447,1.875,0.201,0.559,0.134,0.495,2.379,0.397,17.133,23.729,31.847,0.0,0.239,0.138,0.031,scooter
27.215,2.888,34.603,0.656,4.581,0.136,0.382,0.148,0.561,2.26,0.234,18.917,88.602,24.282,0.0,0.268,0.194,0.003,scooter
22.592,1.14,29.98,0.599,2.237,0.17,1.58,0.469,1.334,2.057,1.021,43.06,77.12,47.955,81.7,0.288,0.08,0.026,cycling
42.415,17.8,67.711,1.317,2.065,0.368,0.47,0.07,0.679,1.519,0.114,5.658,23.254,3.388,0.0,0.969,0.263,0.166,metro
14.616,10.841,32.887,1.231,4.823,0.408,0.623,0.206,0.739,1.311,0.089,11.493,52.737,11.061,0.0,0.718,0.407,0.431,bus
18.746,3.607,24.032,0.849,5.799,0.076,0.703,0.586,1.093,3.749,1.455,39.348,96.241,21.053,77.3,0.171,0.049,0.007,cycling
3.734,0.545,4.796,0.178,4.8,0.07,1.23,2.512,2.538,8.4,1.752,29.013,104.459,38.873,126.8,0.086,0.035,0.027,walking
0.442,0.014,0.669,0.014,0.185,1.0,0.056,0.003,0.041,0.015,0.0,0.488,0.417,0.649,0.0,0.177,1.0,0.05,stationary
0.154,0.003,0.838,0.026,0.682,1.0,0.001,0.004,0.003,0.172,0.0,1.118,0.675,0.843,0.0,0.044,1.0,0.084,stationary
66.227,18.589,91.397,1.208,1.876,0.239,0.301,0.177,0.347,1.038,0.085,7.654,26.095,8.526,0.0,0.974,0.464,0.146,metro
34.5,4.971,48.982,0.543,1.109,0.141,0.426,0.116,0.35,1.335,0.087,15.295,28.139,23.304,0.0,0.344,0.175,0.034,car
24.825,11.232,42.505,1.322,1.681,0.53,0.58,0.459,0.984,1.541,0.178,12.936,28.085,21.205,0.0,0.893,0.482,0.173,bus
54.464,13.445,69.552,0.733,1.35,0.372,0.363,0.058,0.654,1.297,0.049,8.636,19.326,8.615,0.0,0.861,0.484,0.38,metro
0.117,0.048,0.887,0.014,0.346,1.0,0.029,0.01,0.064,0.151,0.0,1.37,0.172,2.391,0.0,0.043,1.0,0.067,stationary
55.89,11.66,81.113,0.677,1.593,0.294,0.447,0.233,0.627,1.25,0.048,5.239,6.197,9.21,0.0,0.924,0.232,0.384,metro
0.226,0.046,0.806,0.009,0.264,1.0,0.057,0.007,0.088,0.019,0.0,1.652,0.927,2.143,0.0,0.098,1.0,0.032,stationary
20.401,1.428,24.504,0.476,2.626,0.114,1.12,0.54,0.879,3.447,1.225,33.485,136.257,28.538,71.7,0.266,0.035,0.014,cycling
21.073,3.494,25.826,0.719,5.257,0.045,0.892,0.556,1.862,5.4,1.321,44.845,191.229,40.8,92.2,0.19,0.04,0.01,cycling
34.662,11.082,49.959,0.607,0.424,0.405,0.267,0.175,0.241,1.491,0.108,4.01,25.037,13.173,0.0,0.864,0.424,0.314,metro
16.343,8.258,30.92,1.214,1.109,0.463,0.391,0.264,0.735,3.149,0.283,12.75,15.294,12.241,0.0,0.789,0.479,0.702,bus
33.73,5.791,46.568,1.538,2.913,0.257,0.819,0.509,0.439,1.565,0.117,13.739,42.566,14.904,0.0,0.818,0.442,0.566,bus
3.6,0.463,4.658,0.383,6.346,0.137,2.599,2.51,2.464,5.309,2.17,40.307,226.655,48.273,113.7,0.206,0.064,0.032,walking
16.883,3.905,21.375,0.735,7.719,0.128,0.76,1.297,1.011,2.921,1.484,25.107,205.743,42.273,69.8,0.135,0.092,0.036,cycling
5.307,0.511,5.888,0.248,3.158,0.082,2.583,3.128,2.666,4.246,1.795,38.195,318.273,55.21,110.1,0.195,0.083,0.022,walking
45.418,10.614,64.636,0.634,5.461,0.19,0.552,0.094,0.686,0.682,0.044,17.782,75.309,10.431,0.0,0.294,0.058,0.043,car
26.865,5.89,39.076,1.464,2.365,0.443,0.409,0.597,0.65,2.45,0.211,8.938,36.406,16.001,0.0,0.945,0.279,0.495,bus
5.46,0.277,6.263,0.368,9.706,0.15,2.494,1.568,3.378,7.032,1.755,26.338,243.195,36.002,98.1,0.205,0.029,0.045,walking
17.6,9.293,35.727,1.005,2.594,0.445,0.612,0.591,0.796,1.65,0.035,14.396,26.531,10.446,0.0,0.907,0.467,0.566,bus
55.428,4.446,74.596,1.058,2.478,0.201,0.35,0.331,0.275,1.075,0.065,9.027,44.47,10.318,0.0,0.152,0.081,0.018,car
17.3,2.079,23.94,0.779,5.824,0.196,1.083,0.473,0.908,3.521,1.063,32.908,168.017,49.632,94.6,0.248,0.045,0.037,cycling
0.282,0.028,0.661,0.022,0.724,1.0,0.035,0.002,0.044,0.005,0.0,1.513,0.474,1.582,0.0,0.058,1.0,0.085,stationary
40.873,8.942,52.278,1.199,1.159,0.108,0.266,0.346,0.268,1.973,0.15,18.972,29.131,7.81,0.0,0.146,0.063,0.026,car
0.023,0.047,0.656,0.01,0.978,1.0,0.064,0.008,0.08,0.041,0.0,1.658,0.133,0.565,0.0,0.122,1.0,0.064,stationary
13.44,1.446,16.256,0.627,6.069,0.145,0.717,0.585,1.78,5.487,1.063,26.336,106.318,36.543,69.5,0.065,0.124,0.04,cycling
69.338,22.448,91.618,0.549,1.666,0.297,0.273,0.058,0.566,1.479,0.06,7.686,28.391,4.513,0.0,0.938,0.309,0.207,metro
55.934,10.951,82.386,1.542,0.538,0.392,0.539,0.075,0.501,0.735,0.097,3.044,28.979,6.947,0.0,0.923,0.271,0.659,metro
19.792,1.249,26.865,0.685,3.356,0.065,1.084,0.965,1.006,5.866,1.062,15.243,104.105,45.964,71.8,0.293,0.023,0.032,cycling
15.222,1.686,22.063,0.784,2.966,0.123,0.641,1.154,1.909,4.141,1.102,42.769,127.668,43.822,73.2,0.159,0.133,0.038,cycling
18.346,1.817,25.239,0.434,2.137,0.037,1.09,1.284,1.312,3.176,1.264,19.893,104.118,28.218,68.9,0.129,0.081,0.04,cycling
57.42,7.673,81.443,1.254,1.944,0.226,0.276,0.185,0.69,1.811,0.027,6.121,25.648,22.59,0.0,0.154,0.123,0.026,car
11.573,3.032,13.966,0.468,5.281,0.141,1.138,0.82,1.602,4.144,1.341,24.005,232.497,33.735,62.8,0.06,0.059,0.026,cycling
4.824,0.185,5.386,0.115,7.961,0.108,2.143,2.125,2.401,6.687,1.772,26.214,332.907,45.138,95.6,0.144,0.039,0.044,walking
60.827,20.108,86.578,1.325,0.894,0.316,0.39,0.283,0.695,0.711,0.065,4.169,7.631,8.988,0.0,0.933,0.445,0.884,metro
30.671,11.719,42.583,1.45,2.114,0.428,0.345,0.505,0.545,2.627,0.088,6.625,53.181,12.347,0.0,0.98,0.531,0.622,bus
40.407,10.165,51.054,0.616,5.304,0.247,0.388,0.102,0.342,2.15,0.089,9.392,75.597,8.064,0.0,0.121,0.186,0.048,car
58.84,6.241,70.301,1.118,1.134,0.132,0.583,0.235,0.742,2.07,0.066,6.562,16.136,11.824,0.0,0.317,0.071,0.029,car
28.78,1.531,33.519,0.621,5.91,0.052,0.551,0.24,0.713,1.763,0.234,22.916,50.167,21.318,0.0,0.142,0.197,0.05,scooter
32.76,8.134,49.156,1.326,3.249,0.545,0.668,0.391,0.662,1.68,0.038,11.643,24.458,16.236,0.0,0.784,0.45,0.024,bus
21.855,2.974,26.496,0.56,5.541,0.073,1.492,0.434,1.461,2.291,1.182,28.252,61.694,34.058,91.1,0.24,0.137,0.029,cycling
36.948,7.28,61.394,0.69,1.663,0.299,0.408,0.295,0.485,1.732,0.035,8.144,29.319,11.819,0.0,0.936,0.312,0.576,metro
27.38,14.586,43.847,0.622,3.292,0.333,0.666,0.199,0.781,1.264,0.015,9.202,44.908,12.241,0.0,0.845,0.383,0.102,bus
0.396,0.02,0.538,0.041,0.017,1.0,0.066,0.006,0.082,0.011,0.0,1.778,0.412,1.604,0.0,0.162,1.0,0.03,stationary
22.142,1.956,29.213,0.439,5.406,0.196,0.923,0.975,1.948,4.153,1.154,17.412,174.324,22.887,72.4,0.225,0.042,0.026,cycling
23.163,0.71,29.522,0.863,5.204,0.072,0.207,0.219,0.562,0.954,0.109,19.397,49.664,17.67,0.0,0.392,0.136,0.008,scooter
31.113,11.982,52.49,0.969,4.686,0.067,0.491,0.142,0.373,1.457,0.299,19.083,62.028,11.721,0.0,0.336,0.197,0.024,car
62.94,7.363,80.155,0.725,1.291,0.258,0.353,0.293,0.355,1.412,0.039,9.068,18.575,7.476,0.0,0.974,0.409,0.724,metro
27.861,3.364,39.529,0.99,5.411,0.159,0.375,0.199,0.268,2.236,0.352,18.767,41.742,22.259,0.0,0.322,0.101,0.001,scooter
43.291,24.266,71.496,0.98,2.091,0.248,0.337,0.274,0.671,1.259,0.192,7.171,17.167,10.129,0.0,0.951,0.308,0.405,metro
42.677,6.135,73.8,1.031,0.514,0.434,0.261,0.063,0.425,0.791,0.11,5.389,16.578,11.509,0.0,0.917,0.262,0.352,metro
57.924,3.898,68.419,1.066,5.77,0.205,0.359,0.104,0.393,1.955,0.172,9.804,27.836,19.181,0.0,0.274,0.131,0.003,car
46.285,7.661,71.763,0.839,0.337,0.4,0.35,0.152,0.439,1.144,0.122,2.366,5.973,13.849,0.0,0.922,0.449,0.505,metro
27.355,11.771,40.982,0.963,5.349,0.197,0.281,0.211,0.658,1.176,0.052,13.155,22.119,21.571,0.0,0.11,0.194,0.028,car
60.773,5.841,80.932,0.971,5.672,0.105,0.526,0.119,0.553,1.166,0.144,15.006,51.366,17.392,0.0,0.132,0.068,0.005,car
0.436,0.025,0.399,0.044,0.624,1.0,0.056,0.009,0.072,0.086,0.0,0.159,0.252,0.676,0.0,0.004,1.0,0.039,stationary
25.535,12.096,38.356,1.582,2.667,0.436,0.863,0.512,1.063,1.398,0.062,16.512,29.687,13.687,0.0,0.73,0.307,0.044,bus
0.455,0.036,0.102,0.016,0.311,1.0,0.019,0.006,0.014,0.169,0.0,1.947,0.4,0.952,0.0,0.04,1.0,0.088,stationary
36.046,9.511,55.616,1.622,3.445,0.483,0.853,0.247,0.915,3.121,0.177,11.19,39.351,19.683,0.0,0.903,0.335,0.532,bus
20.059,12.99,29.375,1.79,3.286,0.311,0.624,0.156,0.86,1.271,0.086,16.226,45.424,11.425,0.0,0.911,0.526,0.175,bus
4.66,0.324,5.508,0.147,7.551,0.142,2.627,2.768,3.478,9.239,1.932,48.769,281.122,35.277,125.0,0.149,0.022,0.008,walking
34.03,9.102,48.644,1.726,3.273,0.255,0.366,0.418,0.7,1.77,0.04,6.268,31.674,16.054,0.0,0.961,0.492,0.016,bus
16.17,1.897,19.732,0.608,7.468,0.034,1.401,1.383,1.985,4.774,1.316,28.686,118.803,42.228,90.4,0.142,0.023,0.004,cycling
26.652,0.891,36.039,0.588,3.964,0.243,0.572,0.207,0.396,2.072,0.109,13.082,57.122,23.25,0.0,0.085,0.113,0.018,scooter
26.477,6.382,44.341,1.261,3.935,0.081,0.409,0.108,0.749,1.262,0.129,19.073,55.193,10.335,0.0,0.111,0.141,0.022,car
63.335,7.427,86.518,1.118,3.157,0.094,0.563,0.167,0.442,0.691,0.134,14.983,46.121,21.628,0.0,0.233,0.098,0.02,car
0.147,0.021,0.883,0.003,0.219,1.0,0.047,0.002,0.073,0.2,0.0,0.829,0.136,1.919,0.0,0.068,1.0,0.057,stationary
0.282,0.024,0.2,0.003,0.396,1.0,0.049,0.006,0.061,0.127,0.0,0.317,0.87,2.426,0.0,0.004,1.0,0.053,stationary
60.504,8.754,79.272,1.036,1.683,0.13,0.516,0.089,0.592,0.646,0.245,13.273,26.144,24.632,0.0,0.086,0.177,0.007,car
20.429,0.952,25.771,0.59,2.755,0.058,1.379,1.135,0.886,2.677,1.201,34.178,173.147,31.97,83.0,0.152,0.028,0.018,cycling
36.46,16.314,71.209,0.991,0.802,0.293,0.412,0.198,0.359,0.717,0.168,3.062,7.682,4.767,0.0,0.961,0.306,0.639,metro
39.079,17.159,61.045,1.509,1.558,0.296,0.16,0.175,0.511,1.62,0.171,9.672,28.213,8.558,0.0,0.964,0.232,0.238,metro
25.896,2.94,33.382,1.016,2.11,0.147,0.473,0.056,0.395,1.866,0.373,9.192,54.105,30.864,0.0,0.236,0.148,0.045,scooter
41.804,7.871,57.535,0.845,0.741,0.355,0.463,0.161,0.588,1.749,0.024,4.969,20.667,12.428,0.0,0.961,0.318,0.365,metro
58.418,4.022,83.594,0.504,3.624,0.11,0.452,0.204,0.705,0.991,0.203,15.926,61.929,22.292,0.0,0.19,0.051,0.048,car
20.12,1.587,28.496,1.193,2.813,0.063,0.262,0.236,0.646,1.431,0.054,11.581,24.864,19.694,0.0,0.304,0.062,0.035,scooter
0.004,0.008,0.837,0.037,0.517,1.0,0.067,0.008,0.055,0.066,0.0,1.51,0.959,1.513,0.0,0.032,1.0,0.083,stationary
53.562,18.521,74.73,0.801,0.31,0.159,0.228,0.168,0.274,1.598,0.098,2.835,24.345,3.703,0.0,0.927,0.246,0.818,metro
23.619,10.592,33.076,0.723,1.457,0.594,0.762,0.562,0.673,3.018,0.203,4.098,34.958,21.934,0.0,0.71,0.446,0.405,bus
27.646,1.618,31.895,0.566,3.083,0.197,0.333,0.166,0.338,1.46,0.338,11.515,60.195,14.345,0.0,0.179,0.141,0.014,scooter
0.497,0.041,0.318,0.035,0.249,1.0,0.052,0.002,0.005,0.112,0.0,0.405,0.916,0.961,0.0,0.167,1.0,0.072,stationary
15.564,3.542,19.233,0.89,5.057,0.093,0.756,0.393,1.396,2.7,1.277,34.622,238.898,23.909,87.3,0.247,0.131,0.027,cycling
22.575,3.891,47.492,0.668,1.103,0.141,0.567,0.125,0.667,1.903,0.119,6.587,69.837,18.025,0.0,0.38,0.155,0.014,car
66.066,12.293,91.3,0.694,1.359,0.337,0.26,0.139,0.646,1.476,0.075,8.737,10.115,11.587,0.0,0.897,0.202,0.326,metro
3.391,0.249,4.425,0.192,11.386,0.074,2.516,2.723,2.307,6.011,2.104,33.949,158.354,60.777,101.7,0.157,0.068,0.035,walking
53.172,6.782,82.375,1.44,2.037,0.232,0.16,0.193,0.668,0.59,0.119,3.96,9.207,3.64,0.0,0.928,0.346,0.166,metro
63.191,11.58,86.559,0.734,0.845,0.405,0.206,0.191,0.283,1.624,0.114,3.325,5.801,10.169,0.0,0.876,0.458,0.787,metro
35.092,4.038,54.015,0.946,1.699,0.289,0.495,0.229,0.554,3.09,0.063,13.932,44.267,11.346,0.0,0.724,0.258,0.583,bus
36.336,20.022,69.686,0.708,2.137,0.157,0.459,0.159,0.341,0.806,0.063,7.185,21.545,11.051,0.0,0.992,0.378,0.757,metro
16.396,10.365,27.336,0.74,2.876,0.507,0.409,0.178,0.765,1.882,0.24,13.543,26.081,14.07,0.0,0.764,0.373,0.765,bus
4.895,0.472,6.121,0.338,7.938,0.018,1.383,1.13,2.92,8.416,2.186,46.493,210.506,65.174,125.2,0.214,0.025,0.012,walking
65.426,20.425,83.872,1.216,0.304,0.301,0.159,0.069,0.631,0.823,0.151,8.305,12.788,3.493,0.0,0.962,0.436,0.414,metro
5.61,0.314,7.307,0.293,11.54,0.136,1.499,0.953,1.998,4.432,2.096,43.834,100.52,65.457,100.0,0.16,0.001,0.006,walking
23.911,11.346,41.745,0.792,4.816,0.393,0.336,0.264,0.481,1.252,0.206,10.367,52.722,21.369,0.0,0.72,0.473,0.159,bus
0.173,0.029,0.88,0.04,0.852,1.0,0.007,0.002,0.022,0.023,0.0,0.888,0.324,1.691,0.0,0.054,1.0,0.005,stationary
25.97,6.78,46.428,1.087,2.2,0.093,0.494,0.178,0.491,1.829,0.185,15.819,26.329,8.288,0.0,0.227,0.158,0.023,car
28.385,7.775,43.751,1.67,1.615,0.478,0.318,0.278,0.695,3.174,0.159,5.9,54.951,21.408,0.0,0.883,0.483,0.731,bus
47.267,6.901,65.908,1.04,0.522,0.155,0.183,0.132,0.582,1.506,0.138,5.366,19.411,12.862,0.0,0.901,0.253,0.628,metro
26.425,8.821,44.734,0.673,3.865,0.495,0.712,0.481,0.491,2.431,0.275,4.175,44.571,16.521,0.0,0.974,0.282,0.401,bus
0.332,0.001,0.723,0.048,0.643,1.0,0.043,0.001,0.004,0.111,0.0,0.211,0.872,1.821,0.0,0.039,1.0,0.081,stationary
15.374,2.215,20.9,0.403,4.767,0.149,0.862,0.355,1.749,5.525,1.399,19.102,138.321,18.521,80.8,0.21,0.121,0.019,cycling
14.767,7.319,25.301,0.915,1.566,0.43,0.681,0.396,0.821,2.462,0.108,15.931,13.004,7.037,0.0,0.893,0.365,0.137,bus
3.681,0.557,4.266,0.319,4.88,0.141,1.782,2.851,2.312,6.488,2.17,37.706,155.297,43.726,105.7,0.25,0.075,0.012,walking
31.468,7.559,49.553,1.775,4.707,0.298,0.545,0.178,1.051,2.494,0.004,11.407,16.348,21.825,0.0,0.708,0.453,0.489,bus
4.498,0.536,6.096,0.283,11.694,0.018,2.683,1.486,2.434,5.75,1.611,32.252,358.042,51.11,111.2,0.01,0.075,0.025,walking
20.419,5.355,35.433,0.802,1.541,0.553,0.407,0.234,0.885,2.682,0.13,10.638,45.359,20.21,0.0,0.945,0.294,0.447,bus
4.896,0.114,5.455,0.134,3.562,0.063,1.85,0.824,1.806,5.391,2.013,50.132,188.184,50.511,126.3,0.017,0.027,0.025,walking
65.652,5.164,88.672,1.146,1.474,0.291,0.327,0.057,0.643,0.891,0.115,6.49,9.812,10.981,0.0,0.869,0.483,0.737,metro
50.785,7.157,66.035,1.203,4.18,0.065,0.228,0.111,0.289,1.624,0.093,12.371,62.114,24.871,0.0,0.388,0.197,0.046,car
19.782,3.581,25.996,0.344,6.274,0.112,0.928,0.864,0.984,5.204,1.374,34.34,232.655,43.486,91.9,0.315,0.097,0.036,cycling
18.864,1.199,22.085,1.106,3.558,0.064,0.37,0.099,0.411,0.841,0.321,15.779,79.064,17.831,0.0,0.117,0.12,0.024,scooter
59.731,23.749,89.498,1.068,0.649,0.297,0.291,0.255,0.416,0.611,0.197,6.777,22.003,11.156,0.0,0.89,0.302,0.101,metro
5.461,0.369,6.378,0.124,8.646,0.059,1.879,1.528,1.915,6.957,2.117,34.916,241.756,36.511,122.4,0.057,0.085,0.01,walking
25.933,2.917,40.657,0.836,5.498,0.059,0.427,0.334,0.572,1.966,0.098,12.854,28.41,9.396,0.0,0.28,0.18,0.013,car
31.756,1.645,35.966,0.688,2.418,0.102,0.466,0.229,0.295,1.388,0.254,20.032,85.834,22.623,0.0,0.281,0.074,0.011,scooter
35.719,17.929,52.443,1.186,1.525,0.175,0.378,0.299,0.415,1.224,0.105,9.687,11.24,8.226,0.0,0.966,0.284,0.709,metro
45.122,12.041,67.428,1.294,1.41,0.42,0.479,0.237,0.647,1.127,0.126,9.416,21.074,11.376,0.0,0.962,0.347,0.858,metro
70.044,7.48,96.439,0.508,0.721,0.419,0.166,0.057,0.207,1.491,0.035,9.167,28.802,5.636,0.0,0.907,0.392,0.654,metro
46.3,20.957,65.499,1.275,1.028,0.272,0.543,0.193,0.427,1.648,0.11,5.758,25.367,12.82,0.0,0.999,0.321,0.941,metro
23.33,1.679,28.391,0.389,4.172,0.024,0.868,0.99,1.184,5.848,1.412,15.1,206.892,28.326,68.0,0.051,0.082,0.003,cycling
4.015,0.569,4.861,0.271,11.269,0.045,1.648,1.03,3.184,5.255,1.735,51.687,191.478,30.606,113.6,0.036,0.079,0.014,walking
30.417,1.103,37.664,1.001,5.939,0.207,0.494,0.18,0.328,2.434,0.248,19.933,78.278,14.453,0.0,0.284,0.143,0.014,scooter
19.437,7.075,35.48,1.046,2.515,0.388,0.339,0.225,0.559,2.46,0.106,4.094,20.127,7.504,0.0,0.801,0.459,0.429,bus
16.854,13.291,26.604,1.72,1.822,0.406,0.814,0.229,0.784,1.795,0.158,4.51,40.938,7.196,0.0,0.877,0.533,0.387,bus
0.297,0.005,0.165,0.048,0.168,1.0,0.003,0.008,0.086,0.088,0.0,0.148,0.327,1.535,0.0,0.181,1.0,0.063,stationary
21.622,3.432,28.785,0.485,5.078,0.049,1.106,0.94,1.855,3.485,1.182,43.933,51.087,43.16,69.1,0.271,0.1,0.032,cycling
36.977,22.708,53.37,1.242,1.355,0.199,0.358,0.153,0.296,0.95,0.177,7.827,7.007,4.384,0.0,0.868,0.488,0.934,metro
42.597,8.299,70.34,0.732,1.042,0.276,0.381,0.079,0.274,0.55,0.069,2.639,17.688,3.326,0.0,0.864,0.359,0.856,metro
59.863,8.799,71.229,1.099,2.263,0.243,0.41,0.183,0.643,1.535,0.191,16.77,50.802,18.072,0.0,0.3,0.055,0.05,car
3.692,0.266,5.409,0.346,10.541,0.093,1.49,1.232,2.635,4.467,2.187,23.475,293.284,61.495,106.2,0.077,0.068,0.048,walking
54.149,18.089,87.978,1.482,2.163,0.313,0.33,0.263,0.241,1.38,0.166,5.83,28.912,4.09,0.0,0.978,0.414,0.861,metro
28.2,4.89,52.279,1.218,3.671,0.084,0.317,0.187,0.45,1.736,0.217,19.732,67.304,16.338,0.0,0.315,0.072,0.033,car
0.587,0.043,0.323,0.01,0.026,1.0,0.05,0.006,0.039,0.063,0.0,0.934,0.318,1.692,0.0,0.001,1.0,0.087,stationary
0.436,0.005,0.09,0.022,0.306,1.0,0.034,0.001,0.037,0.151,0.0,0.817,0.597,1.446,0.0,0.028,1.0,0.036,stationary
0.064,0.05,0.436,0.008,0.139,1.0,0.063,0.005,0.074,0.197,0.0,1.873,0.432,1.212,0.0,0.004,1.0,0.059,stationary
32.843,8.427,50.102,1.118,2.235,0.143,0.302,0.168,0.3,1.967,0.247,14.319,35.423,21.882,0.0,0.134,0.167,0.011,car
0.36,0.021,0.551,0.046,0.034,1.0,0.007,0.003,0.087,0.154,0.0,0.245,0.024,0.521,0.0,0.013,1.0,0.024,stationary
5.773,0.465,6.63,0.305,7.791,0.06,1.345,0.857,3.449,4.401,2.077,34.951,360.102,29.735,98.2,0.028,0.077,0.023,walking
22.147,2.402,28.864,1.008,1.908,0.087,0.545,0.164,0.468,1.21,0.077,11.018,32.439,26.73,0.0,0.398,0.146,0.044,scooter
17.689,2.502,27.764,0.83,1.713,0.108,0.371,0.097,0.659,0.926,0.147,13.665,41.681,22.227,0.0,0.388,0.195,0.033,scooter
70.226,8.324,102.722,0.647,1.857,0.331,0.353,0.241,0.456,1.134,0.109,4.299,15.571,4.76,0.0,0.931,0.32,0.765,metro
15.266,3.293,19.274,0.529,3.546,0.057,1.587,1.155,0.843,3.105,1.487,38.244,120.035,53.198,90.8,0.29,0.051,0.025,cycling
41.954,7.251,59.624,0.944,1.747,0.191,0.329,0.169,0.541,1.974,0.037,10.954,45.247,21.829,0.0,0.303,0.139,0.015,car
18.551,5.893,35.161,1.084,1.302,0.411,0.571,0.221,0.92,3.258,0.235,7.952,49.534,17.349,0.0,0.816,0.4,0.67,bus
14.514,3.052,18.729,0.619,7.798,0.071,1.445,1.305,1.512,3.895,1.498,25.261,133.458,26.947,73.6,0.072,0.129,0.021,cycling
0.476,0.005,0.388,0.008,0.549,1.0,0.019,0.009,0.063,0.131,0.0,1.69,0.699,0.464,0.0,0.161,1.0,0.059,stationary
23.204,7.154,39.808,1.134,1.465,0.122,0.478,0.344,0.405,0.778,0.203,5.317,30.18,11.161,0.0,0.226,0.106,0.027,car
20.172,3.664,23.128,0.384,2.425,0.185,0.895,0.711,1.596,2.599,1.233,25.446,72.176,32.987,70.6,0.276,0.03,0.044,cycling
19.813,9.965,33.451,0.649,4.77,0.423,0.736,0.437,0.98,2.631,0.169,9.288,38.849,19.363,0.0,0.726,0.307,0.592,bus
21.107,6.103,29.939,1.739,2.927,0.371,0.708,0.29,0.539,3.418,0.116,10.086,11.175,20.001,0.0,0.856,0.536,0.563,bus
28.533,15.567,47.078,1.213,3.667,0.544,0.846,0.278,0.568,1.921,0.047,17.449,53.679,19.913,0.0,0.853,0.409,0.623,bus
12.226,2.821,17.467,0.388,4.49,0.114,0.913,0.971,1.002,5.098,1.019,40.078,139.857,30.361,82.9,0.281,0.032,0.049,cycling
0.321,0.022,0.66,0.016,0.48,1.0,0.024,0.001,0.067,0.072,0.0,1.476,0.874,1.754,0.0,0.068,1.0,0.076,stationary
28.916,5.419,53.922,0.939,5.954,0.236,0.531,0.148,0.411,1.964,0.04,19.183,54.206,15.531,0.0,0.193,0.176,0.014,car
5.635,0.358,6.621,0.392,10.381,0.125,1.458,1.03,3.14,4.022,2.015,36.964,388.128,28.054,117.5,0.069,0.073,0.02,walking
38.57,11.792,53.562,0.948,4.353,0.053,0.225,0.314,0.77,0.858,0.245,11.607,78.421,13.243,0.0,0.417,0.112,0.047,car
0.21,0.001,0.515,0.042,0.634,1.0,0.068,0.003,0.082,0.002,0.0,1.793,0.83,1.286,0.0,0.185,1.0,0.035,stationary
37.133,7.779,49.708,1.088,5.795,0.243,0.559,0.225,0.532,0.6,0.066,19.507,33.633,9.792,0.0,0.231,0.197,0.029,car
25.121,5.794,44.032,0.782,1.192,0.39,0.773,0.505,0.56,2.733,0.203,16.875,45.285,17.963,0.0,0.955,0.294,0.158,bus
15.743,3.817,19.445,0.485,6.636,0.188,1.037,0.875,1.521,4.264,1.213,26.378,77.748,46.693,63.9,0.13,0.103,0.03,cycling
23.91,2.755,31.037,0.886,3.751,0.209,0.376,0.166,0.252,0.991,0.208,19.611,82.393,17.238,0.0,0.34,0.148,0.014,scooter
63.622,23.708,94.485,0.903,1.273,0.376,0.41,0.09,0.31,0.648,0.147,6.795,19.148,8.332,0.0,0.868,0.403,0.669,metro
4.231,0.11,5.552,0.357,10.79,0.04,1.408,2.702,1.573,6.733,2.024,59.797,377.762,28.336,101.6,0.082,0.032,0.013,walking
3.481,0.59,4.32,0.229,6.722,0.012,2.117,1.222,3.227,5.044,2.155,39.336,157.729,57.734,108.8,0.133,0.073,0.049,walking
23.684,1.807,32.51,0.758,3.188,0.132,0.398,0.131,0.427,1.574,0.221,9.145,34.406,24.892,0.0,0.232,0.195,0.045,scooter
16.962,1.192,24.541,0.903,4.877,0.228,0.432,0.109,0.325,1.418,0.23,24.662,40.688,24.97,0.0,0.095,0.093,0.025,scooter
4.295,0.415,6.09,0.228,11.143,0.029,2.502,2.455,2.488,4.958,1.815,53.274,315.119,27.03,113.1,0.132,0.096,0.006,walking
4.044,0.451,4.737,0.193,3.582,0.115,1.259,2.888,1.566,5.695,1.716,25.002,309.392,30.723,128.7,0.129,0.097,0.02,walking
27.297,4.046,45.452,1.608,2.786,0.287,0.532,0.334,0.753,2.282,0.12,5.657,49.216,16.908,0.0,0.901,0.452,0.833,bus
18.834,13.844,28.416,1.387,4.127,0.255,0.557,0.533,0.497,1.908,0.028,5.041,22.438,6.742,0.0,0.764,0.255,0.294,bus
18.837,1.983,21.911,0.57,3.303,0.147,0.671,1.098,1.014,5.416,1.113,43.229,51.116,38.599,60.9,0.349,0.133,0.038,cycling
58.683,8.154,88.791,1.501,2.196,0.246,0.368,0.196,0.333,1.553,0.059,5.014,18.143,9.718,0.0,0.916,0.395,0.123,metro
37.828,8.933,52.252,1.482,1.176,0.324,0.699,0.329,0.938,2.856,0.219,15.502,20.03,13.435,0.0,0.924,0.527,0.247,bus
26.207,5.759,36.887,1.325,2.468,0.279,0.73,0.479,0.747,3.105,0.084,14.701,24.265,20.973,0.0,0.79,0.501,0.249,bus
37.61,13.024,57.159,0.99,2.052,0.284,0.368,0.326,0.76,2.451,0.076,11.075,32.942,21.236,0.0,0.958,0.303,0.329,bus
22.27,0.599,30.876,0.482,5.932,0.193,0.337,0.195,0.32,1.435,0.264,12.642,73.73,11.137,0.0,0.309,0.101,0.04,scooter
19.816,9.032,34.713,0.644,1.433,0.421,0.497,0.16,0.611,2.551,0.29,12.771,50.682,6.294,0.0,0.853,0.352,0.693,bus
24.395,8.553,40.818,1.068,2.829,0.418,0.674,0.339,0.854,2.628,0.185,4.536,30.233,20.874,0.0,0.819,0.361,0.212,bus
24.452,13.48,34.766,1.298,3.455,0.533,0.773,0.248,0.937,1.794,0.222,11.003,41.386,6.977,0.0,0.741,0.27,0.087,bus
55.773,7.783,72.017,1.418,2.007,0.391,0.546,0.219,0.386,1.517,0.023,8.405,13.49,8.779,0.0,0.906,0.414,0.158,metro
23.547,1.99,26.208,0.864,4.16,0.182,1.35,1.086,1.658,4.139,1.172,36.232,136.801,53.594,70.1,0.107,0.031,0.0,cycling
0.205,0.035,0.656,0.041,0.665,1.0,0.067,0.002,0.027,0.166,0.0,1.338,0.862,0.226,0.0,0.098,1.0,0.087,stationary
22.28,0.873,30.81,1.039,3.445,0.194,0.42,0.235,0.747,1.725,0.26,11.435,75.811,29.33,0.0,0.061,0.097,0.025,scooter
19.485,3.854,24.386,0.304,7.702,0.183,1.488,1.212,1.783,5.415,1.211,32.213,240.047,27.399,65.4,0.067,0.079,0.025,cycling
12.948,1.331,22.507,0.57,2.561,0.187,0.388,0.227,0.479,1.967,0.086,19.801,65.651,15.98,0.0,0.21,0.164,0.009,scooter
4.749,0.237,6.492,0.122,6.217,0.096,1.737,1.16,1.43,7.943,1.841,55.249,397.827,29.685,123.7,0.165,0.031,0.045,walking
4.499,0.495,5.715,0.175,4.396,0.089,2.608,1.523,2.704,4.803,1.798,55.816,157.241,56.105,100.7,0.041,0.07,0.047,walking
4.77,0.13,5.458,0.245,7.685,0.139,2.127,1.299,1.916,6.843,1.924,57.44,100.372,42.083,119.0,0.113,0.097,0.025,walking
23.81,1.638,32.627,1.136,3.361,0.219,0.487,0.131,0.626,2.26,0.158,9.179,61.277,28.282,0.0,0.366,0.085,0.027,scooter
11.328,1.159,13.995,0.631,7.219,0.178,1.49,0.833,1.293,3.581,1.184,31.353,160.153,23.38,85.0,0.077,0.141,0.016,cycling
29.469,1.397,39.056,0.878,1.69,0.156,0.295,0.095,0.312,2.418,0.305,23.942,62.11,12.891,0.0,0.221,0.116,0.045,scooter
12.646,1.982,19.627,0.851,3.647,0.173,1.495,0.391,1.968,4.919,1.217,43.948,245.452,28.32,80.4,0.154,0.148,0.013,cycling
47.954,9.141,79.445,0.505,1.879,0.224,0.229,0.107,0.458,1.14,0.062,9.653,16.479,4.834,0.0,0.859,0.241,0.595,metro
17.859,3.205,21.382,0.696,3.76,0.156,0.255,0.069,0.426,1.304,0.209,9.616,55.147,23.911,0.0,0.208,0.16,0.044,scooter
41.54,8.756,66.763,1.233,5.786,0.248,0.261,0.071,0.618,1.173,0.226,8.054,22.534,10.083,0.0,0.154,0.188,0.046,car
0.051,0.044,0.556,0.025,0.919,1.0,0.03,0.009,0.022,0.084,0.0,0.215,0.031,2.417,0.0,0.13,1.0,0.014,stationary
0.554,0.03,0.817,0.047,0.762,1.0,0.01,0.006,0.058,0.031,0.0,0.195,0.401,1.712,0.0,0.187,1.0,0.073,stationary
21.374,2.294,29.083,0.732,4.172,0.23,0.444,0.226,0.632,1.51,0.22,18.084,44.466,12.164,0.0,0.23,0.175,0.008,scooter
29.699,5.752,40.034,0.402,1.908,0.071,0.436,0.285,0.282,1.93,0.093,12.296,70.774,18.802,0.0,0.226,0.195,0.036,car
19.273,9.691,38.465,0.664,1.384,0.548,0.628,0.122,0.811,1.593,0.008,6.873,58.314,7.153,0.0,0.722,0.303,0.479,bus
32.224,11.93,44.994,0.769,3.166,0.123,0.45,0.126,0.587,1.743,0.134,10.721,41.891,8.254,0.0,0.231,0.127,0.023,car
22.89,2.572,30.013,0.538,3.466,0.239,0.425,0.242,0.257,1.28,0.084,15.849,65.849,24.07,0.0,0.195,0.074,0.019,scooter
5.428,0.27,6.294,0.322,9.311,0.025,2.719,2.028,3.113,7.599,1.952,36.678,251.982,38.353,104.1,0.025,0.091,0.041,walking
12.878,1.744,19.906,0.415,3.229,0.167,1.505,0.465,1.353,2.525,1.299,43.039,153.392,18.025,78.3,0.189,0.054,0.001,cycling
51.334,7.452,78.545,0.729,5.146,0.124,0.294,0.135,0.395,1.134,0.033,18.0,18.664,11.416,0.0,0.107,0.138,0.04,car
3.807,0.254,4.537,0.183,9.771,0.076,1.95,1.068,1.57,7.435,1.681,54.163,386.302,31.747,127.9,0.173,0.083,0.039,walking
0.354,0.011,0.581,0.05,0.755,1.0,0.001,0.004,0.004,0.174,0.0,0.673,0.287,2.462,0.0,0.08,1.0,0.081,stationary
3.829,0.575,4.585,0.167,5.073,0.057,1.512,1.747,1.684,9.146,2.074,36.084,343.844,42.673,105.1,0.12,0.033,0.018,walking
36.758,10.073,49.688,1.036,1.809,0.136,0.21,0.275,0.716,2.045,0.15,7.007,21.561,10.981,0.0,0.166,0.155,0.036,car
50.049,7.04,83.761,1.051,1.024,0.316,0.46,0.161,0.466,1.333,0.165,4.378,12.28,6.096,0.0,0.95,0.412,0.837,metro
47.938,9.242,73.937,0.922,4.259,0.17,0.632,0.215,0.663,0.683,0.022,11.81,53.023,18.512,0.0,0.217,0.082,0.049,car
24.174,1.804,34.376,1.057,2.319,0.077,0.456,0.125,0.606,1.193,0.067,24.214,46.905,31.948,0.0,0.08,0.157,0.003,scooter
22.835,1.926,28.526,0.329,5.554,0.143,1.571,1.313,1.194,3.105,1.32,33.777,50.964,18.805,70.8,0.251,0.127,0.041,cycling
32.972,17.917,61.363,0.714,1.944,0.309,0.298,0.108,0.677,1.185,0.036,9.006,26.711,3.782,0.0,0.923,0.352,0.723,metro
20.412,0.832,24.928,0.714,5.475,0.024,1.327,1.341,1.442,3.109,1.213,20.553,64.885,52.098,88.1,0.246,0.03,0.036,cycling
52.061,11.31,65.543,0.413,5.328,0.073,0.476,0.226,0.274,2.0,0.06,17.798,68.679,12.614,0.0,0.375,0.075,0.021,car
40.387,7.56,52.909,0.633,1.354,0.25,0.551,0.268,0.534,1.628,0.099,6.189,29.929,19.839,0.0,0.184,0.178,0.048,car
22.838,13.773,32.848,0.911,4.786,0.341,0.31,0.423,0.794,2.888,0.115,13.476,23.266,19.164,0.0,0.882,0.438,0.346,bus
0.426,0.049,0.531,0.021,0.662,1.0,0.001,0.003,0.013,0.072,0.0,1.702,0.664,0.749,0.0,0.172,1.0,0.053,stationary
42.901,13.912,77.739,0.969,2.102,0.315,0.354,0.228,0.428,0.998,0.197,3.555,16.146,13.788,0.0,0.853,0.32,0.75,metro
0.395,0.019,0.266,0.001,0.141,1.0,0.043,0.007,0.012,0.15,0.0,0.702,0.616,0.824,0.0,0.128,1.0,0.026,stationary
0.458,0.009,0.718,0.05,0.042,1.0,0.04,0.003,0.063,0.054,0.0,0.22,0.4,1.797,0.0,0.017,1.0,0.066,stationary
5.264,0.487,5.994,0.31,11.783,0.03,2.661,2.554,2.412,8.536,1.726,28.024,371.03,41.564,116.0,0.25,0.039,0.001,walking
18.203,2.361,20.247,0.672,6.242,0.118,1.065,1.095,1.081,4.955,1.036,36.16,190.614,18.012,72.1,0.208,0.043,0.002,cycling
27.245,1.91,36.695,0.715,3.661,0.132,0.423,0.221,0.559,0.994,0.257,12.076,84.14,22.41,0.0,0.249,0.141,0.045,scooter
4.253,0.45,5.523,0.127,9.417,0.078,2.603,1.68,2.518,9.364,1.882,31.387,107.217,25.3,107.3,0.136,0.037,0.032,walking
62.924,2.381,77.562,0.645,3.933,0.211,0.214,0.166,0.733,1.468,0.252,6.254,70.89,14.367,0.0,0.262,0.178,0.007,car
0.229,0.05,0.793,0.0,0.374,1.0,0.071,0.008,0.027,0.016,0.0,0.132,0.072,2.386,0.0,0.123,1.0,0.047,stationary
70.247,22.974,97.719,1.241,2.283,0.278,0.428,0.118,0.639,1.3,0.06,7.489,24.014,7.425,0.0,0.978,0.282,0.134,metro
56.046,8.683,66.914,1.288,3.781,0.149,0.58,0.335,0.437,1.054,0.202,7.073,15.203,7.405,0.0,0.387,0.197,0.028,car
48.6,9.272,61.068,0.636,2.942,0.236,0.604,0.225,0.591,0.727,0.27,9.681,53.013,24.732,0.0,0.249,0.134,0.023,car
5.708,0.147,7.497,0.269,10.59,0.048,1.659,2.988,1.848,6.729,2.157,54.958,351.01,44.544,123.4,0.029,0.016,0.013,walking
4.204,0.311,4.759,0.252,8.128,0.078,2.178,1.364,2.042,6.896,1.891,30.224,305.711,41.521,110.8,0.049,0.069,0.005,walking
0.469,0.008,0.433,0.0,0.031,1.0,0.067,0.01,0.036,0.16,0.0,0.451,0.224,0.751,0.0,0.08,1.0,0.079,stationary
12.786,0.507,17.457,0.889,5.4,0.056,0.519,0.229,0.732,2.215,0.341,12.348,70.515,12.639,0.0,0.128,0.072,0.024,scooter
54.326,5.157,83.491,1.183,2.632,0.114,0.616,0.348,0.453,1.499,0.117,9.549,78.614,20.709,0.0,0.348,0.097,0.023,car
0.51,0.045,0.108,0.049,0.715,1.0,0.046,0.006,0.01,0.148,0.0,0.139,0.051,0.362,0.0,0.012,1.0,0.011,stationary
55.357,6.928,77.198,0.811,1.874,0.361,0.484,0.119,0.531,0.703,0.077,6.592,14.222,5.746,0.0,0.889,0.407,0.837,metro
4.765,0.557,5.42,0.244,5.935,0.002,2.353,2.952,1.957,8.727,1.608,56.816,316.79,63.009,98.0,0.199,0.02,0.019,walking
4.335,0.182,5.964,0.167,10.634,0.127,1.772,1.905,2.719,6.3,1.893,26.784,318.427,35.012,126.0,0.163,0.055,0.002,walking
5.328,0.147,7.074,0.374,5.934,0.052,1.953,2.34,2.345,9.35,1.944,47.481,222.407,34.607,96.6,0.16,0.07,0.032,walking
0.477,0.047,0.233,0.035,0.835,1.0,0.074,0.005,0.083,0.036,0.0,1.868,0.903,0.094,0.0,0.009,1.0,0.028,stationary
44.601,11.021,72.144,0.968,0.21,0.432,0.529,0.142,0.2,0.888,0.133,7.622,17.044,8.896,0.0,0.96,0.464,0.402,metro
27.383,4.394,41.357,0.797,2.506,0.482,0.897,0.338,0.509,1.277,0.003,6.662,30.065,8.078,0.0,0.806,0.513,0.401,bus
18.331,3.539,25.855,0.31,2.342,0.134,0.748,1.047,1.002,2.454,1.303,36.122,159.688,18.364,85.6,0.197,0.071,0.022,cycling
5.02,0.554,6.613,0.298,11.616,0.085,1.23,2.116,2.03,4.48,2.153,27.663,393.522,65.173,107.2,0.124,0.045,0.017,walking
5.379,0.547,6.585,0.376,3.105,0.12,2.237,0.952,1.869,6.089,1.701,20.697,189.115,28.532,117.0,0.096,0.043,0.02,walking
14.732,6.02,22.795,0.823,3.886,0.591,0.785,0.167,0.663,2.426,0.217,8.926,57.443,15.142,0.0,0.913,0.535,0.827,bus
5.124,0.257,6.905,0.188,4.031,0.051,2.667,2.72,3.096,4.582,1.716,21.755,388.453,26.795,107.9,0.238,0.06,0.044,walking
37.84,11.912,53.018,0.646,1.084,0.381,0.825,0.407,0.72,2.392,0.044,7.556,56.901,17.427,0.0,0.902,0.321,0.276,bus
22.6,5.177,48.846,0.403,2.269,0.051,0.585,0.328,0.456,1.23,0.292,19.144,26.534,9.99,0.0,0.227,0.124,0.003,car
3.796,0.463,4.414,0.172,9.015,0.035,2.091,1.536,2.889,9.853,1.694,35.971,351.712,47.869,109.5,0.051,0.054,0.032,walking
49.912,11.446,73.587,1.363,1.722,0.259,0.485,0.095,0.251,0.91,0.177,6.215,15.306,10.628,0.0,0.93,0.296,0.566,metro
12.622,1.646,19.327,0.404,1.794,0.228,0.312,0.184,0.729,1.058,0.279,10.205,71.763,10.127,0.0,0.1,0.161,0.04,scooter
52.779,3.663,64.751,0.941,4.7,0.134,0.57,0.275,0.654,1.853,0.252,18.345,39.474,15.813,0.0,0.263,0.107,0.034,car
19.681,1.747,22.04,0.342,7.402,0.105,0.644,1.222,1.043,4.734,1.086,27.977,160.935,28.108,61.8,0.252,0.029,0.018,cycling
15.44,2.145,21.94,0.574,2.019,0.109,0.737,0.377,1.829,3.106,1.483,39.83,134.386,33.942,62.1,0.18,0.114,0.018,cycling
14.396,3.442,22.352,0.434,5.588,0.107,0.562,0.086,0.608,1.623,0.064,9.164,20.874,28.374,0.0,0.274,0.133,0.017,scooter
26.198,1.669,30.152,0.949,3.398,0.099,0.557,0.166,0.64,1.544,0.199,12.5,75.225,19.052,0.0,0.155,0.18,0.001,scooter
17.087,5.224,31.034,1.371,4.168,0.325,0.651,0.174,0.802,1.435,0.007,10.925,21.455,9.096,0.0,0.728,0.398,0.527,bus
0.141,0.048,0.3,0.041,0.081,1.0,0.069,0.01,0.049,0.089,0.0,1.878,0.083,0.096,0.0,0.192,1.0,0.015,stationary
25.818,1.988,34.001,0.97,5.511,0.061,0.582,0.151,0.74,2.402,0.376,13.352,41.428,25.231,0.0,0.182,0.143,0.028,scooter
0.037,0.018,0.634,0.047,0.238,1.0,0.025,0.004,0.053,0.106,0.0,0.389,0.912,1.934,0.0,0.028,1.0,0.063,stationary
51.934,14.806,83.044,1.179,2.052,0.381,0.425,0.233,0.396,1.322,0.177,8.99,18.183,6.998,0.0,0.933,0.297,0.398,metro
28.151,15.109,38.478,0.646,2.514,0.358,0.379,0.33,1.073,3.342,0.104,15.89,34.029,15.491,0.0,0.71,0.283,0.145,bus
27.918,1.084,36.871,0.953,4.04,0.203,0.313,0.114,0.275,2.47,0.325,14.867,79.173,31.755,0.0,0.087,0.146,0.039,scooter
22.396,0.71,28.662,0.438,4.82,0.223,0.37,0.241,0.385,1.863,0.062,24.058,57.496,24.04,0.0,0.061,0.064,0.035,scooter
70.503,5.221,90.148,1.404,1.225,0.307,0.276,0.121,0.45,0.966,0.019,8.272,9.74,9.568,0.0,0.897,0.451,0.75,metro
52.138,11.167,75.629,1.205,3.035,0.158,0.4,0.245,0.406,0.62,0.159,17.95,69.573,19.733,0.0,0.414,0.071,0.004,car
0.2,0.013,0.255,0.026,0.914,1.0,0.028,0.004,0.05,0.02,0.0,0.108,0.625,0.911,0.0,0.162,1.0,0.071,stationary
44.009,20.668,75.789,1.208,1.726,0.192,0.331,0.147,0.224,0.74,0.128,5.627,14.888,11.761,0.0,0.981,0.211,0.275,metro
23.268,2.119,33.594,0.899,5.879,0.118,0.468,0.09,0.545,0.944,0.14,20.651,57.769,28.181,0.0,0.185,0.102,0.018,scooter
20.401,13.392,34.057,1.295,4.258,0.405,0.529,0.229,0.769,2.888,0.032,13.736,36.083,11.569,0.0,0.878,0.37,0.401,bus
0.239,0.02,0.827,0.004,0.028,1.0,0.001,0.003,0.016,0.022,0.0,0.092,0.734,1.434,0.0,0.181,1.0,0.027,stationary
58.239,19.243,82.434,0.79,1.236,0.381,0.391,0.273,0.637,1.122,0.049,6.053,24.502,7.985,0.0,0.896,0.253,0.79,metro
0.437,0.023,0.472,0.023,0.338,1.0,0.004,0.006,0.072,0.144,0.0,0.174,0.527,0.344,0.0,0.073,1.0,0.013,stationary
23.49,2.289,41.672,1.228,4.119,0.237,0.52,0.25,0.718,2.107,0.214,17.818,26.484,7.237,0.0,0.264,0.056,0.01,car
18.652,2.503,23.292,0.865,7.113,0.157,0.867,0.63,1.443,2.252,1.181,41.959,231.497,25.073,91.0,0.311,0.048,0.019,cycling
17.493,1.946,21.263,1.164,2.355,0.187,0.464,0.128,0.271,1.956,0.359,23.067,20.223,17.178,0.0,0.334,0.164,0.005,scooter
32.202,9.798,45.962,1.126,2.953,0.591,0.539,0.126,0.608,2.746,0.021,5.693,59.937,21.84,0.0,0.801,0.364,0.353,bus
18.366,2.992,21.368,0.623,5.032,0.111,0.891,0.785,1.639,2.15,1.372,25.444,69.401,44.86,67.7,0.155,0.144,0.046,cycling
4.592,0.303,5.747,0.32,6.261,0.109,1.736,2.553,1.584,4.089,2.126,25.784,242.991,42.912,124.9,0.198,0.038,0.037,walking
12.848,1.472,20.35,0.564,3.662,0.226,0.208,0.158,0.624,1.697,0.283,9.872,28.874,26.669,0.0,0.205,0.12,0.029,scooter
36.706,20.426,60.773,0.566,2.447,0.376,0.435,0.124,0.49,1.047,0.004,5.204,17.056,10.411,0.0,0.946,0.498,0.768,metro
17.615,3.668,21.716,0.452,6.745,0.173,1.451,1.121,1.856,3.578,1.208,39.6,104.177,43.007,80.4,0.059,0.128,0.005,cycling
3.482,0.551,4.992,0.198,11.126,0.123,2.739,1.405,3.47,8.189,1.846,47.182,340.491,48.468,102.7,0.105,0.08,0.037,walking
0.552,0.029,0.193,0.029,0.374,1.0,0.064,0.009,0.052,0.079,0.0,1.373,0.257,0.928,0.0,0.03,1.0,0.035,stationary
0.215,0.038,0.182,0.031,0.35,1.0,0.012,0.003,0.048,0.041,0.0,0.825,0.148,2.38,0.0,0.098,1.0,0.092,stationary
0.433,0.0,0.687,0.031,0.417,1.0,0.02,0.01,0.061,0.12,0.0,1.812,0.721,1.326,0.0,0.109,1.0,0.025,stationary
0.33,0.024,0.455,0.023,0.289,1.0,0.077,0.001,0.08,0.198,0.0,1.182,0.8,0.637,0.0,0.195,1.0,0.035,stationary
18.933,1.179,21.913,0.541,4.835,0.054,1.074,1.365,1.58,5.984,1.263,16.492,223.475,44.025,61.8,0.184,0.14,0.026,cycling
28.866,5.658,40.72,0.826,4.868,0.268,0.703,0.288,1.004,1.969,0.226,17.203,36.939,18.552,0.0,0.747,0.328,0.626,bus
21.368,1.073,27.67,0.722,7.87,0.175,0.637,1.304,1.095,4.435,1.149,36.831,138.794,18.063,86.5,0.103,0.049,0.016,cycling
27.687,7.445,38.736,0.944,4.518,0.365,0.587,0.105,0.533,3.459,0.027,11.114,50.324,16.896,0.0,0.771,0.266,0.445,bus
23.498,7.009,35.752,0.813,2.923,0.085,0.444,0.133,0.609,1.181,0.003,11.751,65.392,20.562,0.0,0.151,0.148,0.028,car
25.612,14.289,42.455,1.793,3.407,0.267,0.694,0.123,0.462,3.102,0.11,9.761,25.792,7.69,0.0,0.971,0.449,0.738,bus
5.101,0.555,5.905,0.21,3.938,0.136,1.825,2.639,2.303,8.565,1.74,51.519,387.664,55.754,122.9,0.037,0.019,0.031,walking
4.466,0.558,5.291,0.288,4.72,0.087,1.71,1.925,1.479,9.495,1.965,23.953,188.861,63.569,112.9,0.115,0.051,0.037,walking
36.59,7.04,47.998,0.544,5.214,0.129,0.25,0.259,0.569,1.177,0.137,6.547,22.05,14.218,0.0,0.07,0.111,0.049,car
14.953,2.555,23.892,0.846,3.425,0.144,0.341,0.19,0.324,0.949,0.087,9.401,20.021,23.094,0.0,0.144,0.122,0.038,scooter
0.506,0.009,0.858,0.033,0.267,1.0,0.028,0.005,0.065,0.044,0.0,1.368,0.77,1.737,0.0,0.172,1.0,0.08,stationary
22.777,2.474,27.587,0.736,5.06,0.062,0.844,0.587,1.329,2.033,1.22,41.338,149.764,23.247,66.4,0.251,0.119,0.01,cycling
22.417,0.868,29.961,0.485,3.321,0.09,1.525,0.492,1.418,4.577,1.414,39.564,170.576,34.056,94.5,0.078,0.04,0.024,cycling
11.3,2.715,14.952,0.34,4.204,0.057,1.51,1.262,1.255,5.799,1.333,24.831,239.049,53.233,88.9,0.337,0.135,0.015,cycling
20.307,4.964,29.94,1.754,2.346,0.35,0.419,0.414,0.78,2.747,0.277,12.803,31.703,21.273,0.0,0.736,0.436,0.74,bus
33.321,8.956,61.523,0.717,2.309,0.393,0.431,0.271,0.599,1.092,0.051,6.264,24.593,7.705,0.0,0.966,0.475,0.366,metro
31.299,10.673,50.49,1.479,1.793,0.294,0.87,0.399,0.483,1.528,0.002,11.161,55.923,10.717,0.0,0.906,0.409,0.339,bus
43.551,13.153,68.387,1.49,2.303,0.447,0.467,0.185,0.294,1.267,0.197,4.125,25.832,8.978,0.0,0.891,0.278,0.849,metro
0.208,0.031,0.784,0.035,0.183,1.0,0.058,0.005,0.065,0.18,0.0,1.359,0.595,0.023,0.0,0.145,1.0,0.021,stationary
26.254,2.833,36.35,0.735,3.867,0.155,0.541,0.147,0.57,1.662,0.174,20.273,77.126,21.95,0.0,0.225,0.194,0.046,scooter
3.736,0.362,4.656,0.239,3.442,0.129,1.638,1.39,2.502,9.555,1.612,59.156,278.16,54.697,125.0,0.057,0.005,0.01,walking
12.489,1.653,18.402,1.1,3.151,0.05,0.399,0.213,0.472,1.627,0.382,23.143,64.14,30.177,0.0,0.326,0.161,0.018,scooter
12.631,1.56,22.392,0.823,4.79,0.246,0.354,0.162,0.371,2.166,0.109,23.841,49.374,20.531,0.0,0.251,0.054,0.031,scooter
29.772,3.174,57.192,1.298,1.762,0.14,0.507,0.309,0.505,1.934,0.133,14.29,74.999,13.517,0.0,0.056,0.129,0.017,car
53.957,17.639,69.338,0.988,0.93,0.247,0.535,0.072,0.697,0.781,0.008,7.901,25.906,13.343,0.0,0.891,0.203,0.648,metro
31.927,1.939,37.931,0.574,4.215,0.144,0.526,0.214,0.695,2.078,0.095,23.584,52.755,22.194,0.0,0.393,0.178,0.008,scooter
3.329,0.558,5.053,0.113,6.934,0.096,1.481,2.675,3.39,9.968,1.835,25.622,115.456,48.891,129.0,0.249,0.077,0.044,walking
29.318,1.689,32.71,0.517,4.23,0.108,0.325,0.235,0.27,2.359,0.139,13.873,30.458,22.954,0.0,0.131,0.152,0.006,scooter
25.384,1.489,28.712,0.854,4.235,0.074,0.548,0.216,0.388,1.094,0.331,11.79,27.572,25.275,0.0,0.338,0.178,0.023,scooter
62.516,4.427,74.096,0.718,1.422,0.246,0.404,0.119,0.676,0.943,0.283,17.157,70.532,23.543,0.0,0.216,0.182,0.048,car
64.026,8.602,92.42,0.758,0.392,0.306,0.269,0.167,0.512,0.771,0.126,8.571,15.803,13.43,0.0,0.968,0.397,0.677,metro
54.113,10.757,84.302,1.525,0.423,0.17,0.5,0.259,0.51,1.438,0.19,5.809,26.866,6.04,0.0,0.871,0.361,0.532,metro
20.918,2.048,26.904,1.178,1.571,0.217,0.53,0.151,0.504,2.397,0.079,24.875,50.455,21.562,0.0,0.148,0.085,0.032,scooter
21.164,2.062,28.046,0.466,6.431,0.161,0.614,0.345,1.5,3.248,1.052,39.968,152.266,46.622,86.8,0.107,0.111,0.022,cycling
4.044,0.502,4.621,0.367,3.053,0.075,2.502,1.16,1.795,9.99,1.858,24.541,110.691,53.978,128.3,0.109,0.081,0.008,walking
11.337,3.287,15.692,0.356,2.554,0.135,1.206,0.464,1.4,2.271,1.386,26.388,152.748,44.57,83.9,0.206,0.082,0.047,cycling
3.845,0.384,4.69,0.163,6.174,0.007,2.357,2.556,2.068,5.064,2.019,35.372,218.522,39.421,124.4,0.169,0.062,0.01,walking
17.247,2.584,23.835,0.607,4.616,0.197,0.443,0.233,0.519,1.17,0.289,14.792,49.362,15.942,0.0,0.108,0.133,0.048,scooter
31.541,1.249,38.973,1.105,2.686,0.149,0.251,0.198,0.361,0.801,0.251,16.778,68.62,31.231,0.0,0.244,0.128,0.03,scooter
24.735,5.941,34.979,1.703,4.653,0.566,0.871,0.143,1.071,1.756,0.146,6.123,43.89,10.076,0.0,0.814,0.536,0.73,bus
4.4,0.509,6.042,0.157,7.858,0.0,1.777,1.8,2.592,7.617,1.647,41.86,332.326,39.402,128.1,0.141,0.021,0.041,walking
63.241,3.319,73.896,1.202,2.578,0.099,0.203,0.178,0.613,1.25,0.117,16.033,41.644,7.437,0.0,0.133,0.096,0.022,car
45.126,6.673,78.892,1.556,2.039,0.212,0.234,0.23,0.663,1.783,0.196,2.21,15.816,6.028,0.0,0.868,0.239,0.92,metro
34.35,4.682,59.932,0.784,1.603,0.157,0.385,0.085,0.495,2.08,0.247,12.47,79.322,18.33,0.0,0.443,0.136,0.031,car
0.453,0.006,0.269,0.047,0.098,1.0,0.028,0.002,0.01,0.078,0.0,1.736,0.347,0.628,0.0,0.132,1.0,0.004,stationary
3.057,0.104,3.632,0.143,11.888,0.074,2.393,2.798,3.18,6.747,1.912,21.912,399.884,57.692,111.8,0.222,0.087,0.026,walking
35.177,9.648,50.379,0.873,4.318,0.055,0.273,0.201,0.774,2.17,0.049,7.779,73.208,23.108,0.0,0.297,0.112,0.021,car
0.124,0.025,0.477,0.037,0.665,1.0,0.0,0.001,0.071,0.178,0.0,1.475,0.738,2.093,0.0,0.112,1.0,0.052,stationary
4.87,0.461,6.42,0.282,4.439,0.041,1.332,1.798,2.021,4.399,1.86,43.858,101.736,42.745,108.0,0.213,0.05,0.042,walking
0.108,0.01,0.686,0.011,0.406,1.0,0.032,0.007,0.059,0.03,0.0,0.59,0.204,0.455,0.0,0.073,1.0,0.075,stationary
29.287,0.617,32.693,1.181,4.213,0.19,0.387,0.16,0.353,1.745,0.388,15.258,63.776,28.613,0.0,0.234,0.171,0.012,scooter
36.05,6.68,56.721,0.979,3.316,0.107,0.429,0.175,0.33,1.259,0.292,12.359,75.824,17.83,0.0,0.306,0.053,0.038,car
0.123,0.038,0.852,0.043,0.717,1.0,0.019,0.002,0.002,0.129,0.0,1.618,0.009,0.369,0.0,0.109,1.0,0.063,stationary
13.922,1.385,21.0,0.688,6.293,0.164,1.17,0.422,1.852,3.351,1.147,20.994,102.558,33.907,82.5,0.217,0.03,0.036,cycling
0.119,0.031,0.761,0.042,0.397,1.0,0.003,0.002,0.048,0.025,0.0,1.967,0.184,2.226,0.0,0.03,1.0,0.093,stationary
60.59,23.425,75.829,0.607,1.296,0.241,0.357,0.298,0.657,1.756,0.023,9.213,17.93,6.188,0.0,0.88,0.445,0.258,metro
16.645,1.654,22.269,0.475,5.176,0.07,1.54,0.502,0.931,4.996,1.263,16.8,179.144,24.744,94.7,0.066,0.077,0.033,cycling
29.547,2.684,36.405,0.809,4.923,0.085,0.568,0.103,0.318,2.007,0.071,17.858,43.862,17.393,0.0,0.061,0.113,0.047,scooter
45.69,9.264,74.09,0.735,1.886,0.272,0.437,0.073,0.318,0.781,0.083,2.087,25.591,4.27,0.0,0.962,0.208,0.89,metro
35.151,10.878,55.127,1.77,3.621,0.511,0.572,0.205,0.694,2.008,0.286,15.459,27.665,13.615,0.0,0.862,0.523,0.817,bus
72.311,5.52,106.437,1.151,2.053,0.183,0.32,0.14,0.503,1.502,0.006,5.431,12.493,5.519,0.0,0.894,0.422,0.762,metro
0.209,0.038,0.522,0.033,0.609,1.0,0.013,0.0,0.072,0.075,0.0,0.918,0.375,0.271,0.0,0.007,1.0,0.046,stationary
0.226,0.014,0.891,0.046,0.296,1.0,0.07,0.006,0.084,0.193,0.0,1.0,0.625,1.491,0.0,0.147,1.0,0.035,stationary
25.159,2.74,36.596,0.782,5.342,0.066,0.265,0.087,0.676,0.875,0.283,9.142,82.546,22.988,0.0,0.077,0.066,0.01,scooter
48.607,13.947,83.412,1.332,0.894,0.23,0.357,0.078,0.406,1.332,0.005,8.19,14.197,6.24,0.0,0.881,0.361,0.15,metro
5.295,0.513,6.81,0.278,7.912,0.041,2.443,2.279,1.934,5.972,1.905,22.965,296.308,26.335,97.7,0.198,0.075,0.026,walking
4.611,0.263,5.276,0.333,5.093,0.059,2.748,2.41,1.684,4.867,2.0,26.499,298.432,43.32,100.3,0.016,0.061,0.048,walking
3.655,0.233,4.955,0.271,7.888,0.067,2.121,2.05,2.272,5.75,1.623,55.702,112.811,28.034,107.4,0.131,0.089,0.04,walking
12.282,2.973,18.828,0.343,3.431,0.148,1.403,0.667,1.12,2.539,1.271,18.319,248.632,34.767,93.6,0.271,0.025,0.011,cycling
0.262,0.021,0.13,0.039,0.736,1.0,0.045,0.003,0.066,0.191,0.0,1.324,0.736,2.142,0.0,0.13,1.0,0.006,stationary
44.99,11.912,77.314,0.847,2.213,0.357,0.416,0.21,0.665,0.605,0.118,5.395,7.114,11.39,0.0,0.908,0.465,0.672,metro
39.175,8.826,55.324,1.088,1.055,0.309,0.407,0.087,0.631,1.578,0.068,9.517,25.53,4.362,0.0,0.875,0.463,0.666,metro
0.518,0.033,0.046,0.018,0.033,1.0,0.069,0.0,0.02,0.009,0.0,1.886,0.763,0.2,0.0,0.148,1.0,0.009,stationary
53.513,24.22,71.899,1.554,2.026,0.217,0.293,0.299,0.557,1.242,0.052,5.211,23.875,3.928,0.0,0.922,0.332,0.711,metro
3.911,0.163,5.637,0.249,5.956,0.132,1.63,2.116,1.918,6.119,2.076,26.266,116.021,62.606,116.8,0.225,0.092,0.045,walking
0.153,0.033,0.445,0.045,0.413,1.0,0.009,0.006,0.083,0.168,0.0,1.263,0.242,1.772,0.0,0.107,1.0,0.025,stationary
28.47,15.519,48.0,0.809,1.338,0.39,0.88,0.488,0.923,1.607,0.172,9.782,28.486,18.672,0.0,0.815,0.529,0.814,bus
19.557,13.075,30.123,1.668,3.406,0.31,0.6,0.249,0.97,1.208,0.044,8.741,12.318,6.924,0.0,0.831,0.45,0.699,bus
61.036,2.918,79.369,0.495,5.497,0.249,0.341,0.203,0.342,2.073,0.125,15.716,50.857,8.436,0.0,0.068,0.098,0.025,car
42.894,11.104,67.814,1.143,5.174,0.185,0.557,0.185,0.254,1.23,0.117,14.335,75.428,19.503,0.0,0.264,0.125,0.039,car
19.021,14.731,31.679,1.495,1.667,0.416,0.528,0.388,0.889,1.824,0.283,8.632,26.105,11.929,0.0,0.902,0.535,0.064,bus
28.493,7.671,51.931,1.234,2.149,0.17,0.244,0.261,0.418,1.013,0.199,19.287,30.828,10.337,0.0,0.42,0.122,0.027,car
21.321,1.629,26.397,1.151,5.15,0.173,0.215,0.093,0.296,1.88,0.297,15.022,54.121,17.179,0.0,0.325,0.082,0.006,scooter
13.759,0.632,18.08,0.641,2.269,0.141,0.283,0.131,0.654,2.2,0.268,14.696,62.463,27.8,0.0,0.301,0.123,0.029,scooter
25.798,3.37,31.773,0.924,5.494,0.227,0.389,0.18,0.601,1.001,0.269,15.605,37.618,11.108,0.0,0.105,0.167,0.027,scooter
4.498,0.412,5.212,0.213,4.686,0.134,1.598,3.038,1.642,4.45,2.157,41.973,210.059,49.551,101.2,0.211,0.003,0.017,walking
25.434,5.76,42.091,1.069,2.416,0.494,0.554,0.548,1.094,2.931,0.214,15.81,36.091,17.029,0.0,0.942,0.534,0.234,bus
5.666,0.16,6.866,0.243,4.122,0.009,1.513,1.468,3.06,8.851,1.859,58.225,302.286,25.347,111.5,0.218,0.035,0.001,walking
62.955,10.739,94.589,1.505,1.854,0.347,0.151,0.181,0.361,1.439,0.07,2.072,22.098,12.277,0.0,0.932,0.326,0.442,metro
3.663,0.158,4.301,0.385,5.698,0.144,1.466,2.864,2.676,8.778,1.885,44.585,367.751,63.241,96.4,0.171,0.096,0.001,walking
21.397,1.922,26.262,0.506,2.213,0.154,0.673,0.528,1.883,4.283,1.291,43.231,172.674,33.062,65.1,0.138,0.11,0.043,cycling
15.638,2.479,20.12,0.795,3.308,0.192,1.016,1.3,1.809,5.454,1.22,31.543,151.367,46.761,76.5,0.227,0.111,0.003,cycling
20.596,3.181,26.515,0.806,6.054,0.052,1.498,1.01,0.929,4.645,1.247,25.161,181.977,20.916,92.8,0.099,0.049,0.045,cycling
33.374,19.721,56.289,1.306,1.182,0.257,0.474,0.1,0.459,1.305,0.154,2.525,28.782,3.44,0.0,0.884,0.34,0.615,metro
23.77,1.986,27.853,0.343,5.045,0.136,1.03,0.376,1.864,2.192,1.37,23.086,82.02,31.791,88.9,0.283,0.082,0.027,cycling
22.151,2.779,36.602,1.107,1.35,0.08,0.596,0.345,0.303,1.03,0.122,15.485,43.181,16.733,0.0,0.386,0.171,0.031,car
19.748,3.288,25.708,1.056,2.496,0.065,0.243,0.25,0.429,1.9,0.167,17.54,24.181,21.34,0.0,0.249,0.102,0.031,scooter
0.479,0.017,0.868,0.009,0.996,1.0,0.058,0.005,0.065,0.049,0.0,1.669,0.525,0.977,0.0,0.175,1.0,0.061,stationary
17.264,2.186,28.424,0.524,5.969,0.144,0.231,0.137,0.63,1.145,0.166,19.534,28.96,29.251,0.0,0.143,0.144,0.022,scooter
3.413,0.155,4.775,0.171,4.2,0.136,1.221,2.69,3.308,7.498,2.006,51.747,196.063,68.621,119.3,0.197,0.087,0.005,walking
41.568,6.648,76.524,0.931,1.85,0.276,0.229,0.221,0.251,0.637,0.093,5.223,11.695,12.121,0.0,0.891,0.324,0.341,metro
15.984,1.299,18.995,0.753,3.431,0.024,0.719,1.254,1.868,4.211,1.06,33.821,161.978,25.921,66.8,0.327,0.111,0.0,cycling
22.193,2.459,27.585,0.593,2.893,0.029,0.767,0.681,1.048,4.356,1.196,28.833,170.979,45.528,76.8,0.241,0.093,0.019,cycling
14.904,2.22,21.473,0.496,3.474,0.152,0.458,0.201,0.465,1.538,0.233,10.84,21.528,23.901,0.0,0.313,0.192,0.016,scooter
28.965,1.027,39.946,0.925,2.821,0.219,0.55,0.143,0.303,1.903,0.269,21.853,47.104,17.024,0.0,0.354,0.157,0.044,scooter
20.096,3.479,29.559,0.662,4.955,0.141,0.418,0.209,0.469,1.284,0.112,11.902,81.833,16.617,0.0,0.175,0.056,0.003,scooter
31.997,12.526,46.162,1.48,1.146,0.59,0.826,0.209,0.855,2.408,0.204,7.349,52.161,12.907,0.0,0.879,0.296,0.792,bus
0.362,0.045,0.036,0.014,0.101,1.0,0.026,0.006,0.031,0.184,0.0,1.081,0.626,1.839,0.0,0.175,1.0,0.077,stationary
0.05,0.043,0.414,0.02,0.098,1.0,0.002,0.006,0.035,0.164,0.0,1.171,0.913,1.05,0.0,0.139,1.0,0.079,stationary
64.402,4.913,87.168,0.773,4.65,0.158,0.564,0.103,0.577,1.058,0.19,18.532,35.577,9.982,0.0,0.239,0.061,0.025,car
15.844,3.819,18.404,0.332,7.616,0.094,1.418,0.726,1.572,5.64,1.111,19.316,95.726,46.721,77.6,0.28,0.028,0.05,cycling
21.53,8.096,31.642,1.518,1.938,0.336,0.867,0.293,0.646,1.387,0.263,13.06,36.42,21.28,0.0,0.885,0.257,0.253,bus
59.922,20.139,84.304,0.59,0.687,0.401,0.35,0.229,0.345,1.03,0.019,8.868,15.372,10.75,0.0,0.935,0.255,0.783,metro
49.844,21.993,84.175,0.535,0.66,0.377,0.364,0.134,0.413,0.672,0.112,2.435,20.13,12.557,0.0,0.862,0.276,0.727,metro
20.047,1.797,22.887,0.415,2.495,0.195,1.299,0.433,1.613,4.093,1.095,37.58,227.581,35.421,72.5,0.321,0.067,0.005,cycling
44.766,9.975,73.328,0.721,3.992,0.162,0.345,0.098,0.762,1.197,0.08,13.451,32.285,21.051,0.0,0.426,0.08,0.049,car
11.047,2.031,16.821,0.616,3.614,0.076,0.646,1.339,1.117,5.554,1.239,22.133,242.265,53.438,89.8,0.075,0.144,0.048,cycling
0.562,0.01,0.556,0.003,0.57,1.0,0.066,0.007,0.073,0.03,0.0,0.915,0.865,0.902,0.0,0.137,1.0,0.06,stationary
3.084,0.315,4.444,0.398,11.974,0.119,1.529,1.096,1.785,7.439,1.971,50.627,322.537,39.312,103.6,0.114,0.062,0.037,walking
14.349,10.957,23.556,1.133,3.781,0.508,0.884,0.156,0.667,2.422,0.299,13.427,16.675,19.494,0.0,0.961,0.301,0.01,bus
24.99,11.83,42.59,1.772,2.47,0.303,0.862,0.177,1.035,2.292,0.133,12.54,55.778,21.072,0.0,0.842,0.541,0.655,bus
3.924,0.163,5.285,0.397,4.1,0.135,1.464,1.31,2.727,6.113,1.608,43.114,284.721,27.837,100.0,0.028,0.033,0.041,walking
59.052,9.831,88.988,0.889,0.881,0.418,0.192,0.15,0.307,1.416,0.086,2.325,22.661,3.162,0.0,0.918,0.313,0.585,metro
29.24,10.337,42.6,0.912,3.689,0.311,0.688,0.335,0.457,1.47,0.257,9.896,23.494,15.63,0.0,0.707,0.496,0.395,bus
36.385,8.322,67.118,0.649,0.422,0.28,0.255,0.097,0.249,1.426,0.189,5.183,20.85,6.757,0.0,0.954,0.224,0.699,metro
14.163,2.07,18.816,0.45,5.286,0.173,0.714,0.311,0.83,4.441,1.27,21.678,123.403,33.619,81.2,0.187,0.121,0.022,cycling
12.04,4.0,19.909,0.403,7.106,0.068,0.977,0.366,1.891,4.23,1.106,15.708,245.08,38.84,76.2,0.143,0.082,0.046,cycling
4.315,0.184,5.21,0.342,9.597,0.082,2.507,1.426,2.559,8.992,1.895,59.325,372.499,32.674,123.3,0.112,0.099,0.001,walking
28.416,12.315,40.542,1.288,3.976,0.546,0.844,0.151,0.953,2.509,0.077,14.871,47.106,14.347,0.0,0.948,0.4,0.581,bus
0.259,0.015,0.43,0.037,0.788,1.0,0.004,0.002,0.085,0.123,0.0,0.114,0.658,1.091,0.0,0.087,1.0,0.026,stationary
3.626,0.197,5.265,0.135,10.968,0.094,1.877,2.501,1.91,8.297,2.068,29.175,107.818,49.679,122.0,0.181,0.006,0.033,walking
4.076,0.19,4.901,0.186,7.405,0.011,2.048,2.792,1.45,6.321,1.892,25.3,108.365,53.261,121.1,0.004,0.073,0.029,walking
0.478,0.046,0.859,0.002,0.807,1.0,0.03,0.006,0.08,0.01,0.0,0.806,0.87,2.383,0.0,0.038,1.0,0.1,stationary
47.901,5.969,74.434,1.115,5.26,0.063,0.344,0.246,0.658,1.028,0.122,10.196,15.87,13.461,0.0,0.401,0.184,0.048,car
70.915,22.747,94.752,1.104,0.306,0.338,0.271,0.272,0.487,0.609,0.035,4.159,29.668,6.06,0.0,0.913,0.225,0.12,metro
52.204,13.244,82.053,1.41,2.253,0.178,0.334,0.225,0.589,0.62,0.134,7.75,12.338,8.126,0.0,0.855,0.419,0.814,metro
23.187,1.366,34.521,0.56,3.306,0.185,0.516,0.214,0.666,2.253,0.335,12.998,66.307,21.836,0.0,0.364,0.09,0.048,scooter
23.439,0.795,34.766,0.87,3.274,0.17,0.599,0.19,0.565,2.05,0.337,14.589,56.174,16.399,0.0,0.362,0.121,0.025,scooter
23.174,2.843,30.611,0.707,7.479,0.032,1.244,0.531,1.582,2.322,1.101,41.384,61.565,19.497,88.5,0.177,0.137,0.022,cycling
17.813,1.033,25.575,0.674,5.574,0.053,0.884,1.026,1.253,4.912,1.494,19.167,108.168,25.124,70.9,0.21,0.077,0.029,cycling
12.874,3.719,18.174,0.365,3.9,0.032,1.521,1.038,1.762,3.133,1.141,28.62,210.889,36.485,86.1,0.291,0.085,0.026,cycling
12.747,1.079,19.002,0.662,5.461,0.102,0.483,0.164,0.656,1.139,0.172,17.921,26.881,17.098,0.0,0.16,0.132,0.014,scooter
0.159,0.001,0.572,0.002,0.261,1.0,0.064,0.001,0.07,0.184,0.0,1.525,0.869,2.156,0.0,0.161,1.0,0.018,stationary
23.849,7.409,35.0,1.158,2.935,0.136,0.311,0.084,0.609,1.777,0.227,7.062,53.883,17.565,0.0,0.218,0.077,0.005,car
0.406,0.03,0.775,0.04,0.329,1.0,0.019,0.002,0.018,0.152,0.0,1.305,0.828,1.971,0.0,0.083,1.0,0.086,stationary
3.691,0.12,4.297,0.301,8.014,0.119,2.122,2.887,3.186,4.489,1.874,31.131,177.173,34.495,123.0,0.111,0.019,0.029,walking
17.605,2.077,22.482,0.474,6.117,0.043,0.789,0.81,1.1,4.944,1.03,29.067,202.153,42.491,67.7,0.054,0.041,0.011,cycling
24.84,11.282,46.304,0.634,5.3,0.129,0.361,0.289,0.746,1.28,0.069,10.487,66.12,7.146,0.0,0.209,0.076,0.018,car
45.956,9.128,80.538,0.736,0.299,0.337,0.432,0.288,0.695,0.924,0.117,7.548,7.066,13.518,0.0,0.925,0.202,0.627,metro
62.211,10.127,85.734,1.04,4.035,0.105,0.453,0.076,0.288,1.162,0.004,12.992,15.748,17.335,0.0,0.194,0.062,0.012,car
4.17,0.44,5.485,0.221,6.48,0.124,2.249,2.78,2.909,8.445,1.856,56.744,139.581,50.879,123.5,0.25,0.048,0.023,walking
4.028,0.339,5.69,0.29,5.63,0.006,2.156,3.139,1.824,7.057,2.094,48.863,198.485,28.4,96.5,0.13,0.061,0.008,walking
3.295,0.315,4.932,0.124,7.523,0.082,1.987,2.785,3.275,9.337,1.649,35.918,269.783,60.61,120.2,0.123,0.03,0.039,walking
49.716,10.5,62.434,1.286,5.451,0.147,0.23,0.208,0.262,1.623,0.02,6.213,35.985,24.333,0.0,0.243,0.156,0.015,car
23.147,1.554,26.922,0.388,5.133,0.09,0.966,1.154,1.159,2.235,1.386,36.786,133.262,41.307,81.9,0.136,0.143,0.031,cycling
54.848,12.903,87.632,1.412,0.388,0.218,0.232,0.087,0.496,1.224,0.166,5.081,13.707,11.629,0.0,0.886,0.26,0.161,metro
16.121,1.867,20.329,0.323,4.346,0.18,1.47,1.376,1.176,3.104,1.008,29.826,112.462,24.366,93.5,0.138,0.036,0.048,cycling
41.021,7.088,67.475,0.714,4.721,0.206,0.392,0.102,0.327,1.951,0.095,9.367,67.763,23.396,0.0,0.337,0.156,0.001,car
0.143,0.046,0.766,0.039,0.79,1.0,0.024,0.009,0.023,0.128,0.0,1.168,0.387,0.609,0.0,0.132,1.0,0.067,stationary
0.133,0.001,0.333,0.003,0.651,1.0,0.039,0.006,0.072,0.039,0.0,0.966,0.262,0.199,0.0,0.062,1.0,0.04,stationary
29.552,8.078,42.755,1.53,3.595,0.556,0.542,0.211,0.694,2.689,0.059,6.124,19.794,18.49,0.0,0.883,0.304,0.169,bus
46.546,3.527,71.309,0.927,3.154,0.199,0.348,0.282,0.694,1.385,0.295,8.959,40.595,20.093,0.0,0.228,0.123,0.028,car
61.56,3.711,84.395,0.573,5.734,0.189,0.415,0.202,0.436,2.104,0.088,11.341,34.804,7.841,0.0,0.177,0.081,0.031,car
17.468,0.934,20.044,0.777,3.636,0.139,1.171,0.859,1.602,2.538,1.104,21.939,145.216,38.348,63.7,0.199,0.109,0.035,cycling
3.77,0.547,4.287,0.354,5.934,0.12,2.573,2.386,1.755,7.758,1.606,36.639,162.089,31.439,101.6,0.031,0.097,0.039,walking
4.374,0.472,5.359,0.343,3.907,0.104,1.201,2.004,2.11,5.335,2.138,56.0,109.172,34.854,124.9,0.209,0.011,0.019,walking
0.588,0.042,0.396,0.034,0.146,1.0,0.031,0.004,0.059,0.045,0.0,0.552,0.401,1.189,0.0,0.067,1.0,0.04,stationary
22.072,4.165,47.376,1.078,4.016,0.145,0.472,0.138,0.491,1.729,0.171,10.801,34.281,24.464,0.0,0.079,0.148,0.029,car
20.997,1.756,30.413,0.865,1.989,0.208,0.292,0.17,0.668,2.061,0.114,8.141,69.425,21.645,0.0,0.312,0.191,0.007,scooter
69.217,20.108,86.267,1.265,1.819,0.337,0.472,0.23,0.204,0.805,0.167,6.077,29.611,12.331,0.0,0.99,0.317,0.354,metro
51.019,12.237,83.3,0.791,0.883,0.442,0.405,0.268,0.271,1.39,0.121,7.618,23.623,6.272,0.0,0.963,0.262,0.288,metro
0.335,0.023,0.627,0.013,0.989,1.0,0.031,0.009,0.065,0.036,0.0,1.991,0.057,0.024,0.0,0.086,1.0,0.08,stationary
62.619,10.716,86.862,0.466,4.354,0.159,0.423,0.254,0.275,0.685,0.018,14.812,27.004,24.958,0.0,0.362,0.125,0.04,car
18.576,1.78,26.596,0.513,3.718,0.168,0.505,0.134,0.593,1.393,0.094,18.79,71.14,31.716,0.0,0.297,0.105,0.044,scooter
4.555,0.286,6.131,0.291,3.509,0.109,1.325,2.745,3.073,7.126,1.992,53.765,124.87,31.953,105.5,0.126,0.055,0.012,walking
21.904,10.064,38.664,1.316,3.337,0.323,0.583,0.136,0.868,2.77,0.049,4.992,57.33,10.875,0.0,0.847,0.358,0.791,bus
0.045,0.023,0.475,0.037,0.665,1.0,0.008,0.007,0.087,0.133,0.0,0.372,0.713,0.015,0.0,0.108,1.0,0.089,stationary
26.855,1.038,30.266,0.599,2.022,0.142,0.478,0.061,0.526,2.265,0.315,11.841,56.711,27.016,0.0,0.305,0.182,0.025,scooter
3.34,0.599,4.166,0.16,4.035,0.094,1.821,2.75,3.045,9.858,1.841,33.488,267.618,31.926,118.0,0.186,0.033,0.004,walking
13.218,1.506,18.761,0.6,4.206,0.113,0.986,0.427,1.391,2.092,1.451,37.331,115.606,21.443,65.3,0.265,0.123,0.019,cycling
0.217,0.001,0.745,0.028,0.624,1.0,0.015,0.009,0.07,0.109,0.0,1.095,0.439,1.34,0.0,0.013,1.0,0.077,stationary
27.48,6.362,42.811,0.598,4.517,0.055,0.608,0.094,0.761,1.585,0.287,13.877,56.914,24.968,0.0,0.147,0.092,0.035,car
5.064,0.487,6.226,0.287,9.027,0.084,2.673,1.032,2.058,8.653,2.003,22.842,203.668,64.742,104.6,0.162,0.074,0.014,walking
40.728,22.009,68.548,1.333,2.311,0.308,0.404,0.165,0.572,0.641,0.192,9.532,11.712,4.129,0.0,0.95,0.254,0.5,metro
31.852,1.584,36.677,0.497,3.639,0.156,0.525,0.172,0.421,1.564,0.074,24.969,43.898,20.67,0.0,0.35,0.142,0.03,scooter
0.038,0.044,0.128,0.02,0.87,1.0,0.059,0.002,0.005,0.049,0.0,0.132,0.605,0.807,0.0,0.104,1.0,0.052,stationary
3.727,0.304,5.414,0.316,10.761,0.13,1.407,1.445,2.405,5.521,2.093,55.478,183.602,31.314,96.6,0.024,0.03,0.016,walking
46.656,6.276,74.719,0.89,1.699,0.115,0.549,0.089,0.259,0.968,0.184,6.031,77.938,16.7,0.0,0.315,0.084,0.004,car
33.817,21.956,52.064,0.904,0.59,0.429,0.523,0.078,0.329,1.229,0.199,6.143,17.54,13.227,0.0,0.854,0.277,0.852,metro
16.157,2.729,20.707,0.83,3.202,0.067,1.295,1.16,1.256,3.887,1.114,35.85,130.171,38.919,94.6,0.107,0.044,0.01,cycling
5.587,0.32,6.665,0.353,10.084,0.114,2.064,3.194,1.988,6.948,1.843,54.003,327.993,41.376,115.6,0.206,0.028,0.036,walking
31.824,0.501,35.312,0.91,3.903,0.146,0.407,0.174,0.328,0.956,0.147,9.163,35.562,24.434,0.0,0.273,0.08,0.01,scooter
13.083,0.665,20.936,0.998,2.311,0.107,0.383,0.239,0.644,1.405,0.39,22.434,71.001,19.929,0.0,0.313,0.15,0.019,scooter
15.515,1.76,17.653,0.549,3.268,0.164,1.46,0.894,1.463,3.203,1.244,29.415,98.27,33.251,60.6,0.128,0.021,0.006,cycling
53.818,7.612,70.267,0.692,1.225,0.081,0.267,0.293,0.364,1.116,0.241,16.575,41.974,18.435,0.0,0.21,0.095,0.045,car
16.839,5.712,28.997,1.678,3.126,0.372,0.759,0.428,1.022,1.34,0.013,4.918,32.09,9.662,0.0,0.706,0.51,0.037,bus
21.661,3.588,28.498,0.574,4.992,0.112,0.638,0.729,1.978,5.18,1.029,21.043,75.149,48.327,60.0,0.088,0.125,0.025,cycling
14.317,3.269,20.101,0.744,5.713,0.041,0.703,0.879,1.165,4.052,1.09,28.727,87.837,30.528,62.7,0.217,0.111,0.019,cycling
48.721,21.946,75.051,1.017,0.752,0.168,0.523,0.189,0.361,0.908,0.07,3.862,18.512,12.776,0.0,0.889,0.435,0.243,metro
0.384,0.007,0.24,0.024,0.69,1.0,0.079,0.003,0.069,0.021,0.0,0.138,0.596,0.393,0.0,0.078,1.0,0.054,stationary
22.689,15.784,42.039,1.171,4.259,0.471,0.749,0.265,0.496,1.928,0.159,17.062,35.225,20.612,0.0,0.844,0.252,0.309,bus
17.136,13.614,29.044,0.838,2.955,0.503,0.408,0.528,1.054,2.232,0.12,14.124,19.992,6.016,0.0,0.966,0.317,0.645,bus
37.224,8.326,48.206,0.514,2.5,0.227,0.385,0.122,0.413,0.994,0.257,6.464,23.295,10.706,0.0,0.184,0.157,0.047,car
0.192,0.04,0.237,0.046,0.613,1.0,0.057,0.009,0.015,0.146,0.0,1.321,0.829,1.329,0.0,0.066,1.0,0.028,stationary
37.026,9.088,48.992,1.482,4.989,0.419,0.349,0.556,0.913,2.616,0.136,6.137,39.4,17.556,0.0,0.787,0.528,0.772,bus
26.545,8.497,45.885,0.636,1.294,0.376,0.821,0.418,0.891,2.928,0.177,16.601,36.471,6.27,0.0,0.714,0.337,0.491,bus
0.035,0.027,0.069,0.016,0.145,1.0,0.038,0.009,0.01,0.112,0.0,0.427,0.232,0.796,0.0,0.117,1.0,0.072,stationary
21.478,1.824,26.969,1.172,2.168,0.194,0.592,0.197,0.736,2.154,0.363,13.906,59.062,10.736,0.0,0.232,0.084,0.006,scooter
0.451,0.04,0.89,0.006,0.454,1.0,0.073,0.004,0.06,0.124,0.0,1.165,0.445,0.127,0.0,0.061,1.0,0.077,stationary
41.952,21.046,66.486,0.551,0.314,0.382,0.404,0.295,0.664,1.412,0.184,4.874,19.159,7.373,0.0,0.952,0.463,0.205,metro
68.133,19.06,84.588,0.853,1.001,0.318,0.545,0.258,0.542,1.464,0.176,4.126,5.301,11.165,0.0,0.98,0.287,0.899,metro
3.036,0.528,3.663,0.397,10.907,0.051,1.461,2.215,2.79,6.737,1.852,41.745,238.139,53.354,100.8,0.247,0.023,0.027,walking
23.328,2.179,28.876,0.779,2.333,0.172,0.872,0.391,1.195,5.475,1.162,43.485,120.629,29.686,63.1,0.227,0.099,0.019,cycling
48.033,9.785,64.209,0.534,0.393,0.29,0.451,0.111,0.297,1.254,0.187,5.858,12.995,6.941,0.0,0.986,0.322,0.263,metro
14.287,3.95,21.184,0.524,3.236,0.026,1.533,0.703,1.615,5.944,1.183,20.1,191.401,47.74,68.8,0.193,0.048,0.005,cycling
16.431,0.931,21.788,0.853,7.921,0.198,1.047,1.239,1.75,4.527,1.467,18.325,249.973,34.12,84.4,0.204,0.055,0.012,cycling
4.304,0.45,5.339,0.306,9.302,0.069,1.865,2.152,1.812,7.915,1.947,20.617,276.693,56.886,118.1,0.197,0.034,0.016,walking
4.806,0.498,5.35,0.371,3.517,0.022,2.666,0.886,2.566,5.64,2.107,35.162,370.032,63.08,118.1,0.032,0.028,0.011,walking
32.563,10.273,48.919,1.659,1.692,0.538,0.55,0.189,0.745,3.081,0.035,12.963,34.509,21.646,0.0,0.73,0.47,0.164,bus
58.442,22.745,79.929,1.034,1.129,0.244,0.486,0.27,0.229,1.792,0.036,6.129,26.783,5.989,0.0,0.981,0.254,0.41,metro
13.894,2.6,16.287,0.592,6.109,0.161,1.435,1.136,1.72,3.877,1.46,30.465,193.687,42.285,87.3,0.169,0.044,0.035,cycling
16.673,3.574,21.547,0.539,6.49,0.068,0.622,0.937,1.578,5.616,1.438,20.255,97.032,50.753,67.1,0.169,0.046,0.005,cycling
15.28,2.536,24.409,0.497,3.089,0.203,0.223,0.06,0.705,1.503,0.249,11.337,59.132,13.146,0.0,0.105,0.127,0.045,scooter
38.535,5.244,57.54,0.461,4.648,0.183,0.593,0.332,0.45,1.525,0.038,11.291,46.977,10.283,0.0,0.291,0.122,0.015,car
3.229,0.343,4.768,0.291,6.074,0.013,2.682,2.297,3.492,5.406,1.794,34.379,164.009,67.744,112.9,0.112,0.048,0.002,walking
0.515,0.049,0.581,0.036,0.278,1.0,0.04,0.007,0.06,0.043,0.0,0.523,0.492,1.152,0.0,0.031,1.0,0.007,stationary
15.103,11.298,35.061,1.771,3.942,0.388,0.687,0.493,0.588,1.822,0.299,15.59,53.586,19.965,0.0,0.757,0.3,0.639,bus
34.642,7.65,45.735,0.615,4.089,0.459,0.584,0.244,0.989,2.785,0.159,8.398,49.042,7.964,0.0,0.767,0.25,0.161,bus
29.62,2.295,40.18,1.022,2.443,0.24,0.516,0.087,0.606,1.656,0.095,9.039,33.294,24.673,0.0,0.314,0.131,0.008,scooter
54.536,17.344,86.328,1.312,1.409,0.177,0.207,0.227,0.495,1.767,0.124,5.707,10.291,9.036,0.0,0.953,0.4,0.164,metro
14.953,1.497,21.674,0.684,6.241,0.16,0.664,0.725,1.767,5.79,1.408,41.978,122.066,29.371,90.0,0.28,0.106,0.022,cycling
5.353,0.226,5.935,0.246,7.562,0.095,2.568,2.139,2.562,5.183,1.674,25.441,399.948,29.012,95.6,0.134,0.089,0.002,walking
15.647,1.933,25.77,1.135,1.847,0.138,0.496,0.135,0.55,2.158,0.151,18.416,43.89,17.24,0.0,0.178,0.14,0.023,scooter
38.388,8.975,71.293,1.595,1.652,0.188,0.3,0.118,0.499,1.43,0.01,7.512,16.518,12.394,0.0,0.926,0.359,0.683,metro
16.816,3.473,23.242,0.478,3.107,0.081,0.954,1.306,1.266,4.306,1.304,31.56,158.978,24.445,61.7,0.07,0.062,0.003,cycling
13.248,3.042,16.621,0.551,4.247,0.03,1.127,1.143,1.43,4.217,1.311,18.73,223.105,24.681,73.9,0.221,0.125,0.024,cycling
3.395,0.12,5.098,0.303,8.041,0.042,2.14,2.865,3.342,7.488,2.156,59.302,358.729,68.398,116.8,0.039,0.008,0.04,walking
12.253,0.801,15.413,0.341,4.23,0.109,0.785,1.378,1.831,5.263,1.382,44.594,195.395,49.089,61.2,0.256,0.118,0.033,cycling
35.686,20.53,51.198,0.702,0.236,0.416,0.44,0.148,0.494,1.672,0.092,4.524,23.203,3.937,0.0,0.99,0.491,0.334,metro
11.793,3.074,13.816,0.607,5.609,0.146,1.229,0.422,1.33,5.913,1.249,44.008,198.071,21.729,64.1,0.326,0.026,0.031,cycling
23.26,3.233,28.247,1.105,4.694,0.163,0.299,0.18,0.312,1.917,0.294,8.286,89.685,30.121,0.0,0.386,0.147,0.034,scooter
22.638,3.607,25.557,0.623,3.303,0.126,0.725,0.634,1.968,4.846,1.446,29.711,121.509,40.742,61.6,0.237,0.107,0.022,cycling
0.196,0.021,0.633,0.023,0.845,1.0,0.054,0.002,0.012,0.062,0.0,1.739,0.517,2.402,0.0,0.061,1.0,0.033,stationary
62.342,8.616,81.486,1.428,2.343,0.16,0.362,0.075,0.467,0.955,0.149,8.331,19.772,6.98,0.0,0.953,0.223,0.423,metro
0.181,0.016,0.572,0.021,0.813,1.0,0.071,0.008,0.027,0.007,0.0,0.337,0.03,1.366,0.0,0.156,1.0,0.079,stationary
62.959,22.434,94.246,1.337,1.462,0.4,0.353,0.114,0.487,1.363,0.058,4.775,10.861,8.483,0.0,0.865,0.416,0.134,metro
33.361,12.191,50.795,1.46,1.414,0.261,0.317,0.187,0.45,3.437,0.17,12.525,56.053,17.934,0.0,0.906,0.466,0.84,bus
0.436,0.007,0.73,0.003,0.818,1.0,0.043,0.01,0.079,0.073,0.0,0.125,0.244,0.231,0.0,0.047,1.0,0.035,stationary
17.514,1.651,20.701,0.775,2.452,0.181,0.813,1.158,1.504,3.858,1.464,16.448,77.595,47.608,84.8,0.311,0.075,0.0,cycling
14.128,11.819,24.522,1.413,3.777,0.547,0.354,0.317,0.978,2.003,0.261,13.864,23.78,11.069,0.0,0.704,0.393,0.317,bus
46.602,15.06,63.402,0.829,0.279,0.217,0.522,0.259,0.41,1.639,0.164,7.965,17.839,11.288,0.0,0.972,0.214,0.632,metro
13.048,1.922,18.15,0.851,2.711,0.143,1.189,1.078,1.292,5.494,1.316,30.363,119.209,37.985,87.3,0.31,0.089,0.008,cycling
0.362,0.008,0.552,0.042,0.69,1.0,0.041,0.004,0.063,0.1,0.0,0.481,0.589,1.694,0.0,0.016,1.0,0.052,stationary
3.785,0.59,5.006,0.204,3.624,0.126,2.405,2.821,2.212,8.325,1.665,39.195,208.143,26.089,127.5,0.093,0.078,0.042,walking
30.944,2.876,41.057,0.746,1.891,0.127,0.539,0.079,0.576,1.814,0.172,18.633,24.712,27.016,0.0,0.138,0.091,0.046,scooter
22.925,3.263,27.763,0.878,4.206,0.187,1.503,1.372,1.94,3.495,1.348,39.354,61.834,37.638,79.3,0.209,0.022,0.024,cycling
0.054,0.022,0.801,0.033,0.882,1.0,0.025,0.007,0.006,0.016,0.0,0.192,0.578,1.201,0.0,0.114,1.0,0.073,stationary
67.572,11.779,96.803,0.746,0.384,0.235,0.517,0.267,0.59,0.521,0.185,8.09,17.3,10.954,0.0,0.883,0.236,0.803,metro
0.272,0.006,0.44,0.024,0.55,1.0,0.066,0.008,0.008,0.196,0.0,1.25,0.016,1.359,0.0,0.145,1.0,0.081,stationary
50.478,19.247,80.197,1.032,0.828,0.425,0.427,0.106,0.446,1.423,0.131,4.656,19.361,12.249,0.0,0.86,0.287,0.781,metro
11.45,3.032,17.266,0.417,6.578,0.136,0.644,0.644,1.72,2.653,1.264,34.764,122.631,22.929,91.4,0.301,0.112,0.043,cycling
23.293,11.103,40.701,1.214,5.908,0.225,0.286,0.094,0.39,1.689,0.157,6.785,51.984,7.962,0.0,0.291,0.149,0.011,car
27.948,9.682,42.14,1.496,2.356,0.313,0.476,0.266,0.5,1.232,0.161,11.052,16.831,20.93,0.0,0.855,0.383,0.381,bus
39.534,6.469,53.983,0.869,5.071,0.14,0.45,0.338,0.352,0.652,0.235,17.701,72.154,10.474,0.0,0.407,0.15,0.027,car
0.006,0.042,0.478,0.045,0.733,1.0,0.018,0.002,0.086,0.047,0.0,0.03,0.434,1.879,0.0,0.017,1.0,0.017,stationary
72.995,7.895,97.845,0.922,0.803,0.413,0.327,0.099,0.323,0.691,0.17,8.946,26.344,7.619,0.0,0.903,0.35,0.531,metro
11.508,3.131,13.642,0.641,5.917,0.066,1.412,1.254,0.915,2.337,1.312,42.375,72.015,34.222,66.8,0.063,0.095,0.019,cycling
50.654,7.103,70.386,0.906,1.002,0.057,0.622,0.244,0.328,1.616,0.265,18.705,47.768,7.126,0.0,0.098,0.154,0.044,car
40.947,4.975,67.578,0.579,5.501,0.106,0.358,0.141,0.764,2.186,0.173,11.37,33.512,17.951,0.0,0.329,0.088,0.024,car
19.185,2.915,27.105,0.343,6.819,0.163,1.145,0.577,1.041,3.779,1.323,35.433,94.695,33.586,94.1,0.126,0.085,0.029,cycling
73.362,8.365,105.924,0.61,1.093,0.393,0.261,0.215,0.343,1.008,0.057,6.294,12.813,3.561,0.0,0.993,0.337,0.369,metro
3.191,0.324,4.649,0.361,6.788,0.075,1.583,1.948,2.055,9.283,1.981,29.992,294.903,53.177,96.3,0.085,0.056,0.046,walking
23.374,0.62,28.982,1.04,4.714,0.1,0.468,0.163,0.397,2.37,0.132,22.007,52.905,12.594,0.0,0.105,0.059,0.048,scooter
30.993,1.621,34.246,0.671,4.084,0.224,0.271,0.063,0.375,1.187,0.179,23.767,51.205,22.228,0.0,0.359,0.198,0.036,scooter
35.968,5.78,62.277,0.605,2.171,0.395,0.418,0.227,0.675,0.8,0.138,9.289,21.348,8.389,0.0,0.963,0.232,0.741,metro
17.712,1.15,26.614,0.901,5.486,0.194,0.502,0.15,0.622,2.317,0.191,14.623,50.221,23.444,0.0,0.333,0.136,0.024,scooter
48.58,12.174,78.356,0.938,1.687,0.315,0.302,0.133,0.327,0.523,0.138,5.864,8.709,12.811,0.0,0.904,0.483,0.829,metro
30.536,6.921,46.336,0.861,2.493,0.335,0.601,0.366,0.934,1.207,0.19,13.976,52.928,21.49,0.0,0.708,0.261,0.443,bus
34.641,11.268,43.534,1.017,4.873,0.387,0.371,0.542,0.48,1.677,0.23,7.329,46.407,18.777,0.0,0.975,0.471,0.624,bus
29.989,6.738,41.503,0.845,4.74,0.583,0.871,0.159,0.789,2.849,0.119,9.262,17.329,17.759,0.0,0.809,0.263,0.376,bus
0.206,0.038,0.682,0.03,0.954,1.0,0.043,0.005,0.055,0.081,0.0,1.173,0.307,2.417,0.0,0.181,1.0,0.062,stationary
11.737,2.3,19.182,0.685,2.161,0.152,0.839,0.526,0.823,3.86,1.024,26.055,62.038,31.184,64.5,0.318,0.098,0.028,cycling
20.777,2.272,31.729,0.957,2.523,0.247,0.232,0.143,0.446,2.428,0.146,9.571,82.68,24.583,0.0,0.063,0.094,0.038,scooter
43.489,15.2,77.138,0.618,0.446,0.234,0.349,0.1,0.65,0.968,0.085,7.064,9.085,3.234,0.0,0.981,0.411,0.855,metro
14.642,3.4,21.992,0.554,3.562,0.094,0.37,0.066,0.266,1.763,0.059,19.268,84.713,13.574,0.0,0.094,0.084,0.002,scooter
16.96,2.364,24.255,0.827,4.809,0.129,1.098,0.802,1.404,4.942,1.044,31.217,89.553,54.656,68.3,0.124,0.082,0.008,cycling
23.313,2.947,26.375,0.349,6.795,0.144,1.269,1.15,1.403,5.706,1.394,18.384,133.362,54.318,80.4,0.197,0.063,0.033,cycling
27.05,7.067,52.93,0.689,2.963,0.193,0.47,0.121,0.641,1.47,0.107,16.695,31.265,9.69,0.0,0.158,0.157,0.034,car
5.214,0.127,6.17,0.372,4.899,0.127,2.29,1.105,2.679,6.876,2.043,55.754,307.379,61.391,118.8,0.178,0.089,0.031,walking
3.334,0.549,4.585,0.288,3.87,0.065,2.357,2.535,2.142,4.608,2.179,48.818,162.906,28.013,125.8,0.207,0.012,0.028,walking
13.814,1.231,19.841,0.304,3.996,0.092,1.585,0.492,1.179,2.906,1.223,26.767,169.154,30.164,76.0,0.346,0.126,0.032,cycling
3.59,0.311,4.302,0.139,7.91,0.007,2.489,1.646,2.209,5.863,2.025,45.094,397.263,60.092,113.5,0.001,0.047,0.038,walking
23.131,3.17,34.447,0.447,2.986,0.241,0.296,0.14,0.58,2.398,0.372,10.933,74.571,20.204,0.0,0.373,0.184,0.033,scooter
0.142,0.046,0.395,0.031,0.542,1.0,0.047,0.007,0.007,0.191,0.0,0.174,0.047,2.2,0.0,0.152,1.0,0.046,stationary
74.199,12.5,106.635,0.866,0.235,0.436,0.53,0.145,0.381,1.68,0.193,3.712,14.285,4.717,0.0,0.994,0.445,0.938,metro
11.187,2.583,16.48,0.454,6.3,0.093,1.507,1.287,1.49,2.152,1.244,35.966,62.138,46.073,71.9,0.104,0.122,0.048,cycling
58.992,16.804,85.691,1.429,0.327,0.36,0.293,0.253,0.366,0.873,0.18,6.387,25.885,7.518,0.0,0.995,0.234,0.893,metro
47.766,3.74,62.287,0.944,5.971,0.153,0.567,0.227,0.513,0.997,0.086,12.183,64.08,13.465,0.0,0.18,0.089,0.026,car
36.6,7.338,51.012,0.952,1.489,0.109,0.209,0.16,0.608,0.747,0.136,6.802,18.151,7.78,0.0,0.096,0.101,0.018,car
3.14,0.122,4.649,0.149,4.439,0.114,2.116,1.371,2.56,8.654,1.968,34.522,120.872,35.537,96.8,0.112,0.1,0.016,walking
26.319,8.372,36.223,0.646,1.705,0.38,0.874,0.514,0.968,2.927,0.222,13.219,22.444,11.093,0.0,0.742,0.291,0.728,bus
40.986,23.554,68.348,0.871,1.786,0.233,0.188,0.185,0.665,1.439,0.103,8.193,5.043,5.646,0.0,0.96,0.424,0.287,metro
13.805,1.587,18.584,0.67,5.58,0.166,0.389,0.193,0.279,1.469,0.356,18.383,31.55,24.142,0.0,0.183,0.168,0.021,scooter
29.651,11.617,47.555,1.079,3.885,0.476,0.522,0.591,0.484,3.403,0.042,11.389,16.125,16.533,0.0,0.77,0.446,0.496,bus
59.519,5.472,80.078,1.279,4.955,0.244,0.539,0.267,0.264,1.914,0.185,12.319,45.769,13.62,0.0,0.234,0.053,0.006,car
42.648,22.661,69.971,0.822,1.474,0.269,0.181,0.081,0.32,0.768,0.088,4.086,10.47,6.49,0.0,0.99,0.298,0.209,metro
35.217,19.523,63.445,1.407,2.259,0.304,0.399,0.097,0.386,0.643,0.1,5.46,27.662,10.923,0.0,0.879,0.489,0.612,metro
19.445,14.808,36.724,0.959,3.431,0.457,0.636,0.281,1.005,2.895,0.185,16.489,41.812,21.687,0.0,0.734,0.455,0.221,bus
17.456,0.537,27.599,0.673,4.89,0.248,0.53,0.121,0.432,1.182,0.228,16.468,71.162,28.064,0.0,0.232,0.172,0.038,scooter
40.413,6.929,68.873,0.555,5.562,0.141,0.297,0.151,0.5,1.946,0.056,7.708,42.782,10.438,0.0,0.218,0.12,0.039,car
16.87,3.088,20.573,0.695,7.89,0.046,1.514,0.43,0.996,2.325,1.406,40.504,61.07,45.582,80.4,0.098,0.027,0.008,cycling
46.63,24.933,65.819,1.47,0.402,0.269,0.429,0.263,0.356,0.751,0.081,7.941,24.149,5.307,0.0,0.858,0.402,0.838,metro
12.942,1.139,16.875,0.837,2.945,0.138,0.216,0.129,0.46,1.093,0.181,21.309,72.911,25.341,0.0,0.166,0.126,0.026,scooter
31.675,9.135,50.657,1.037,1.848,0.176,0.33,0.244,0.565,2.045,0.049,6.449,19.541,20.469,0.0,0.326,0.187,0.029,car
25.844,4.058,43.613,0.861,1.835,0.176,0.464,0.059,0.725,1.296,0.267,15.588,50.425,18.989,0.0,0.359,0.096,0.018,car
39.554,10.442,55.781,0.631,2.772,0.101,0.593,0.166,0.599,1.784,0.069,15.493,19.93,12.493,0.0,0.157,0.168,0.031,car
23.288,3.397,26.518,0.419,7.04,0.104,1.123,0.507,1.355,5.066,1.271,32.022,104.225,31.09,89.5,0.313,0.051,0.0,cycling
0.566,0.04,0.01,0.038,0.018,1.0,0.055,0.004,0.058,0.026,0.0,0.438,0.978,1.086,0.0,0.103,1.0,0.038,stationary
61.757,24.939,92.986,1.11,1.911,0.288,0.43,0.298,0.248,1.667,0.076,8.656,24.502,13.232,0.0,0.867,0.434,0.608,metro
27.79,5.855,53.643,0.953,1.364,0.11,0.464,0.334,0.753,0.964,0.209,16.724,35.433,13.666,0.0,0.166,0.053,0.023,car
28.513,2.193,32.048,0.754,3.315,0.207,0.598,0.209,0.378,1.1,0.212,8.055,42.979,31.722,0.0,0.199,0.064,0.027,scooter
0.08,0.018,0.442,0.008,0.149,1.0,0.057,0.0,0.028,0.084,0.0,0.88,0.311,2.474,0.0,0.035,1.0,0.025,stationary
20.325,15.465,29.332,1.293,4.258,0.524,0.561,0.123,0.445,1.619,0.129,4.206,14.029,19.306,0.0,0.919,0.532,0.755,bus
72.761,22.348,96.017,0.977,1.686,0.292,0.219,0.082,0.67,0.978,0.15,2.003,22.049,7.421,0.0,0.93,0.237,0.659,metro
0.573,0.032,0.075,0.015,0.899,1.0,0.028,0.007,0.034,0.002,0.0,0.804,0.747,0.447,0.0,0.166,1.0,0.034,stationary
30.985,1.817,37.852,0.753,4.975,0.132,0.339,0.071,0.593,1.279,0.295,22.836,73.039,23.953,0.0,0.364,0.11,0.037,scooter
3.336,0.196,4.341,0.265,10.434,0.055,2.309,2.954,1.737,6.838,1.947,36.865,302.455,38.449,124.4,0.179,0.086,0.043,walking
13.992,0.948,17.637,0.463,4.662,0.171,0.87,0.548,1.451,2.645,1.089,20.498,159.183,29.954,80.2,0.32,0.031,0.004,cycling
71.132,5.429,90.263,1.067,0.973,0.378,0.448,0.076,0.258,1.78,0.129,9.586,13.832,11.477,0.0,0.925,0.281,0.729,metro
63.907,17.606,95.955,0.514,1.244,0.161,0.427,0.066,0.606,0.563,0.125,2.49,11.601,12.854,0.0,0.975,0.35,0.599,metro
59.97,11.567,76.715,1.04,2.095,0.158,0.501,0.058,0.518,0.707,0.03,17.228,28.083,20.032,0.0,0.275,0.087,0.024,car
25.681,3.246,29.388,0.602,2.408,0.221,0.345,0.147,0.601,2.314,0.193,10.866,40.317,26.065,0.0,0.374,0.125,0.0,scooter
49.714,2.914,64.324,0.691,2.053,0.16,0.373,0.336,0.679,1.606,0.261,5.251,78.142,10.758,0.0,0.328,0.183,0.028,car
0.007,0.013,0.593,0.028,0.472,1.0,0.006,0.003,0.013,0.024,0.0,1.296,0.692,2.415,0.0,0.11,1.0,0.029,stationary
4.462,0.242,5.502,0.174,10.165,0.113,1.715,0.987,1.943,8.258,2.192,47.797,153.309,45.883,118.9,0.009,0.015,0.023,walking
0.111,0.046,0.477,0.007,0.636,1.0,0.033,0.003,0.086,0.163,0.0,1.77,0.628,2.039,0.0,0.01,1.0,0.012,stationary
36.122,12.775,68.511,1.443,0.978,0.304,0.283,0.221,0.464,1.796,0.104,4.666,17.433,11.721,0.0,0.894,0.25,0.515,metro
0.294,0.048,0.736,0.01,0.786,1.0,0.071,0.004,0.024,0.002,0.0,1.528,0.82,2.403,0.0,0.041,1.0,0.099,stationary
11.441,2.726,14.513,0.717,6.68,0.086,1.436,0.989,1.666,5.909,1.207,16.756,94.226,34.035,85.5,0.13,0.062,0.007,cycling
3.532,0.208,4.789,0.263,8.428,0.011,1.218,1.877,2.944,4.757,2.147,40.46,354.88,35.112,97.7,0.038,0.063,0.014,walking
4.269,0.559,5.716,0.316,7.643,0.017,1.926,1.348,2.86,4.129,1.969,32.771,375.052,30.615,128.1,0.101,0.001,0.001,walking
28.987,1.114,33.675,0.852,5.482,0.083,0.39,0.161,0.648,1.287,0.385,16.492,76.115,23.877,0.0,0.057,0.12,0.013,scooter
0.552,0.047,0.762,0.036,0.027,1.0,0.009,0.004,0.038,0.152,0.0,1.94,0.276,1.666,0.0,0.115,1.0,0.083,stationary
14.741,1.5,20.03,0.545,5.693,0.22,0.521,0.063,0.559,1.269,0.296,14.104,80.635,20.387,0.0,0.267,0.076,0.027,scooter
16.739,2.672,25.797,0.89,4.729,0.088,0.232,0.081,0.318,2.332,0.312,21.791,75.397,27.175,0.0,0.05,0.119,0.014,scooter
4.668,0.285,5.277,0.365,7.3,0.119,2.314,1.37,3.188,6.429,1.754,45.421,168.605,34.32,107.9,0.092,0.007,0.034,walking
52.979,6.423,87.964,1.243,1.068,0.346,0.358,0.284,0.272,1.239,0.175,9.942,8.804,12.024,0.0,0.893,0.447,0.592,metro
27.463,5.529,47.575,0.985,3.738,0.234,0.292,0.123,0.62,1.889,0.024,17.45,45.524,22.812,0.0,0.33,0.118,0.041,car
28.219,11.618,41.444,0.819,2.74,0.101,0.634,0.274,0.629,0.692,0.007,6.538,48.86,19.696,0.0,0.096,0.183,0.032,car
32.923,6.099,60.879,1.063,1.841,0.385,0.501,0.054,0.452,1.773,0.148,5.563,15.234,12.055,0.0,0.926,0.392,0.795,metro
0.356,0.023,0.829,0.028,0.905,1.0,0.007,0.008,0.018,0.071,0.0,0.631,0.727,2.378,0.0,0.015,1.0,0.056,stationary
21.46,2.334,27.843,0.798,3.814,0.187,1.543,0.466,0.853,5.625,1.19,32.277,213.914,32.263,77.7,0.125,0.04,0.005,cycling
12.466,1.277,15.342,0.347,4.509,0.141,0.692,1.049,1.868,3.06,1.061,32.291,232.148,27.691,72.4,0.171,0.103,0.03,cycling
0.572,0.019,0.393,0.04,0.455,1.0,0.031,0.005,0.074,0.023,0.0,1.108,0.382,1.83,0.0,0.111,1.0,0.051,stationary
22.363,3.432,33.056,0.704,1.549,0.082,0.261,0.143,0.283,0.856,0.388,17.521,49.449,21.443,0.0,0.325,0.187,0.013,scooter
22.565,2.749,27.315,0.721,2.45,0.096,0.309,0.19,0.674,2.465,0.394,18.558,66.73,23.377,0.0,0.357,0.097,0.028,scooter
20.556,3.459,24.155,0.569,5.783,0.072,0.315,0.195,0.41,1.913,0.313,18.868,47.968,24.753,0.0,0.325,0.139,0.05,scooter
0.24,0.031,0.499,0.028,0.948,1.0,0.074,0.009,0.075,0.08,0.0,1.657,0.713,2.16,0.0,0.079,1.0,0.066,stationary
0.327,0.006,0.898,0.043,0.145,1.0,0.024,0.001,0.033,0.168,0.0,1.026,0.464,1.169,0.0,0.024,1.0,0.023,stationary
5.422,0.334,6.822,0.214,7.595,0.099,1.854,1.309,2.287,4.65,1.964,24.686,266.435,33.704,128.1,0.228,0.01,0.001,walking
20.967,1.527,25.14,0.45,6.706,0.11,1.009,0.926,1.303,3.638,1.416,37.367,200.452,22.873,78.5,0.15,0.113,0.044,cycling
19.578,7.999,39.134,0.739,1.385,0.514,0.766,0.503,0.884,2.842,0.178,9.809,31.759,13.977,0.0,0.914,0.258,0.294,bus
40.851,22.2,61.752,0.877,1.367,0.296,0.324,0.245,0.465,0.617,0.182,9.191,26.728,9.433,0.0,0.921,0.211,0.655,metro
28.805,11.634,46.962,0.874,4.952,0.494,0.474,0.24,0.575,3.308,0.089,5.403,42.829,10.401,0.0,0.967,0.404,0.514,bus
45.167,9.55,65.716,1.214,0.712,0.167,0.283,0.109,0.544,0.992,0.094,7.294,12.558,13.594,0.0,0.926,0.417,0.353,metro
19.216,15.335,27.933,1.476,4.857,0.415,0.803,0.263,0.872,3.108,0.114,5.294,39.774,13.29,0.0,0.727,0.526,0.457,bus
61.276,13.059,81.462,0.855,0.77,0.247,0.527,0.138,0.654,1.722,0.021,6.237,6.954,8.306,0.0,0.964,0.314,0.83,metro
3.653,0.54,4.801,0.225,8.287,0.092,1.917,0.927,1.657,7.533,1.679,41.466,200.948,36.313,124.7,0.186,0.095,0.049,walking
36.809,7.368,47.454,0.827,2.005,0.244,0.575,0.182,0.444,0.73,0.04,15.842,30.505,20.687,0.0,0.197,0.121,0.042,car
0.43,0.028,0.352,0.035,0.584,1.0,0.075,0.003,0.038,0.164,0.0,1.809,0.185,1.527,0.0,0.036,1.0,0.088,stationary
26.219,3.161,35.779,0.554,5.295,0.23,0.424,0.084,0.444,1.82,0.134,11.361,70.216,31.905,0.0,0.234,0.17,0.006,scooter
56.601,17.692,75.378,1.523,0.464,0.166,0.262,0.134,0.696,1.292,0.006,2.927,16.789,8.191,0.0,0.995,0.47,0.771,metro
61.71,7.422,91.817,1.276,1.468,0.251,0.268,0.231,0.297,0.937,0.051,2.96,15.822,6.175,0.0,0.88,0.302,0.676,metro
29.418,11.759,44.006,1.08,4.143,0.49,0.726,0.572,0.652,2.392,0.264,5.693,16.87,19.894,0.0,0.803,0.423,0.15,bus
3.804,0.122,5.316,0.234,4.642,0.087,2.245,1.147,2.486,6.837,1.778,38.422,382.729,30.247,98.4,0.011,0.001,0.009,walking
30.285,8.683,51.202,1.245,4.608,0.107,0.546,0.32,0.708,1.248,0.178,19.277,59.936,7.427,0.0,0.298,0.144,0.035,car
40.407,5.118,57.528,1.137,1.461,0.071,0.425,0.21,0.354,1.562,0.079,9.643,23.28,16.96,0.0,0.074,0.061,0.031,car
5.238,0.33,6.907,0.112,4.674,0.025,1.605,2.702,3.028,6.564,2.053,36.908,197.473,57.188,95.3,0.209,0.051,0.007,walking
3.034,0.216,4.701,0.264,10.075,0.036,2.446,1.963,2.004,5.554,1.832,30.828,212.87,53.498,108.3,0.216,0.027,0.009,walking
0.474,0.024,0.426,0.036,0.016,1.0,0.069,0.008,0.089,0.018,0.0,1.935,0.404,0.167,0.0,0.116,1.0,0.075,stationary
21.668,3.323,28.648,0.413,2.844,0.173,0.546,0.167,0.499,1.763,0.211,15.087,36.899,13.893,0.0,0.392,0.171,0.035,scooter
20.612,1.073,24.975,0.792,6.42,0.175,0.675,1.393,1.024,3.996,1.484,32.959,245.645,19.488,76.4,0.218,0.055,0.024,cycling
66.834,20.777,87.966,1.382,2.39,0.359,0.274,0.169,0.384,1.246,0.076,5.582,23.126,11.862,0.0,0.914,0.218,0.22,metro
25.676,0.708,32.106,0.725,4.02,0.063,0.316,0.152,0.294,2.154,0.157,22.218,56.925,10.219,0.0,0.282,0.168,0.011,scooter
4.89,0.318,6.181,0.281,8.403,0.131,1.895,2.938,2.404,6.329,1.693,55.532,267.464,48.039,106.1,0.021,0.003,0.023,walking
25.77,0.915,32.233,0.443,5.97,0.145,0.442,0.218,0.272,1.385,0.212,20.746,62.693,29.604,0.0,0.276,0.111,0.001,scooter
4.894,0.36,6.608,0.193,5.007,0.067,2.402,1.593,1.87,6.669,2.088,34.343,345.157,34.412,103.8,0.232,0.097,0.044,walking
20.129,3.783,25.844,0.475,3.08,0.113,0.987,0.964,1.713,3.383,1.224,25.839,135.613,19.531,80.8,0.185,0.111,0.013,cycling
30.753,14.15,46.332,1.703,4.168,0.58,0.882,0.217,0.926,2.028,0.006,6.823,48.952,9.303,0.0,0.865,0.48,0.556,bus
5.247,0.599,6.189,0.214,10.578,0.148,2.373,2.875,2.552,8.108,1.715,30.614,121.348,44.387,109.7,0.16,0.014,0.033,walking
45.604,4.306,69.49,1.038,1.811,0.173,0.448,0.073,0.64,1.663,0.198,11.826,30.447,7.849,0.0,0.257,0.054,0.022,car
0.401,0.05,0.037,0.037,0.372,1.0,0.021,0.008,0.057,0.017,0.0,0.785,0.368,1.288,0.0,0.113,1.0,0.091,stationary
73.862,11.132,91.172,0.95,1.994,0.296,0.324,0.166,0.549,1.011,0.143,7.276,24.878,9.747,0.0,0.884,0.351,0.408,metro
0.329,0.05,0.857,0.04,0.225,1.0,0.072,0.004,0.068,0.098,0.0,1.167,0.112,1.53,0.0,0.135,1.0,0.087,stationary
30.5,8.94,50.367,1.079,3.572,0.101,0.46,0.14,0.263,0.654,0.206,13.353,63.728,8.969,0.0,0.417,0.063,0.021,car
0.078,0.04,0.207,0.042,0.246,1.0,0.058,0.001,0.026,0.007,0.0,1.621,0.951,1.725,0.0,0.176,1.0,0.086,stationary
19.05,3.031,26.399,0.422,5.1,0.1,0.212,0.195,0.497,1.205,0.212,10.134,86.874,31.75,0.0,0.388,0.087,0.031,scooter
15.888,7.328,35.573,1.738,1.247,0.576,0.855,0.587,0.768,3.338,0.092,9.059,12.72,11.81,0.0,0.885,0.304,0.071,bus
26.184,10.317,50.039,0.438,2.365,0.155,0.581,0.074,0.773,1.431,0.012,8.581,41.761,22.13,0.0,0.189,0.171,0.048,car
0.186,0.022,0.652,0.041,0.926,1.0,0.05,0.008,0.054,0.148,0.0,1.183,0.838,2.019,0.0,0.003,1.0,0.018,stationary
12.8,3.089,17.563,0.751,7.216,0.129,1.13,0.315,1.056,4.132,1.301,36.381,179.728,30.027,62.3,0.108,0.145,0.049,cycling
0.431,0.023,0.69,0.007,0.46,1.0,0.007,0.01,0.061,0.179,0.0,0.518,0.331,1.553,0.0,0.021,1.0,0.089,stationary
66.719,19.528,94.226,1.318,1.577,0.407,0.272,0.26,0.413,0.944,0.088,8.76,14.398,6.749,0.0,0.883,0.457,0.937,metro
18.264,11.437,29.377,1.15,1.721,0.398,0.42,0.467,0.944,1.417,0.015,11.75,36.381,6.677,0.0,0.816,0.489,0.132,bus
25.387,15.782,36.128,0.694,1.336,0.536,0.777,0.135,0.763,2.227,0.189,11.838,55.201,17.382,0.0,0.979,0.385,0.731,bus
29.947,11.956,42.838,1.121,3.367,0.411,0.452,0.337,0.823,2.347,0.299,5.1,12.075,17.007,0.0,0.893,0.47,0.182,bus
52.368,23.673,71.55,0.546,1.119,0.267,0.252,0.245,0.24,0.502,0.135,9.122,23.375,11.665,0.0,0.977,0.234,0.735,metro
0.575,0.04,0.134,0.009,0.649,1.0,0.018,0.004,0.008,0.012,0.0,1.635,0.635,1.006,0.0,0.078,1.0,0.009,stationary
41.76,23.486,56.908,0.661,1.561,0.229,0.174,0.26,0.515,1.652,0.055,5.191,21.441,9.204,0.0,0.929,0.24,0.537,metro
62.99,8.059,89.027,0.603,4.573,0.244,0.332,0.075,0.582,1.09,0.049,14.275,44.452,10.652,0.0,0.384,0.07,0.023,car
23.709,1.612,27.937,0.613,2.209,0.112,0.946,0.774,0.907,5.836,1.033,44.002,109.066,44.939,67.8,0.079,0.103,0.044,cycling
0.559,0.03,0.836,0.049,0.649,1.0,0.052,0.009,0.064,0.018,0.0,1.222,0.36,0.316,0.0,0.109,1.0,0.095,stationary
22.85,2.402,33.814,0.652,4.064,0.154,0.415,0.181,0.535,1.667,0.148,16.967,25.558,29.156,0.0,0.123,0.067,0.028,scooter
0.423,0.043,0.541,0.009,0.75,1.0,0.076,0.007,0.073,0.067,0.0,1.036,0.395,0.987,0.0,0.031,1.0,0.015,stationary
4.657,0.496,5.332,0.262,6.695,0.055,2.406,0.949,3.073,5.837,1.894,46.917,144.089,49.154,104.8,0.169,0.061,0.028,walking
12.633,3.103,20.177,0.852,2.755,0.186,0.376,0.162,0.497,2.434,0.093,24.624,52.794,13.849,0.0,0.379,0.198,0.018,scooter
37.223,19.063,66.148,0.53,1.57,0.256,0.345,0.177,0.279,1.731,0.006,6.679,7.48,6.609,0.0,0.853,0.324,0.664,metro
46.533,6.126,66.826,0.497,5.167,0.061,0.605,0.309,0.717,1.747,0.027,17.596,58.126,18.438,0.0,0.427,0.051,0.037,car
36.441,8.026,47.715,1.234,1.284,0.337,0.62,0.237,0.881,3.087,0.236,13.86,29.053,10.865,0.0,0.882,0.303,0.684,bus
3.61,0.518,5.28,0.187,7.754,0.135,2.279,0.847,1.733,5.818,2.009,58.792,218.354,39.656,118.0,0.207,0.008,0.018,walking
0.104,0.009,0.094,0.037,0.838,1.0,0.078,0.006,0.049,0.189,0.0,0.744,0.639,0.774,0.0,0.071,1.0,0.099,stationary
16.573,2.949,21.587,0.696,6.841,0.141,1.249,0.694,1.654,5.169,1.468,36.451,238.21,20.665,84.3,0.125,0.106,0.015,cycling
16.776,3.041,23.185,0.576,6.237,0.042,0.827,0.879,0.831,2.224,1.312,44.989,102.236,51.33,68.8,0.244,0.137,0.026,cycling
31.128,7.085,52.734,1.103,4.404,0.106,0.312,0.1,0.693,1.582,0.119,15.85,42.945,12.142,0.0,0.442,0.147,0.035,car
62.771,10.881,91.633,1.531,1.187,0.396,0.183,0.072,0.526,0.965,0.145,3.08,7.114,7.245,0.0,0.864,0.478,0.58,metro
18.648,2.765,24.93,0.472,2.474,0.099,1.538,0.694,1.186,4.007,1.046,34.66,217.139,24.679,93.8,0.271,0.037,0.011,cycling
22.748,5.672,36.695,0.635,2.867,0.553,0.692,0.375,0.815,3.012,0.041,5.508,15.004,6.441,0.0,0.862,0.266,0.75,bus
14.31,2.544,19.991,0.325,7.433,0.138,1.536,0.596,1.956,5.508,1.288,40.759,211.31,33.215,92.0,0.264,0.126,0.02,cycling
31.073,13.536,41.24,1.617,1.524,0.329,0.441,0.429,0.795,2.578,0.247,13.556,37.95,17.245,0.0,0.93,0.49,0.128,bus
29.63,11.56,40.215,0.429,2.931,0.206,0.24,0.18,0.346,1.812,0.29,10.469,55.467,15.391,0.0,0.428,0.145,0.035,car
0.218,0.015,0.13,0.025,0.833,1.0,0.024,0.002,0.073,0.066,0.0,1.304,0.356,2.336,0.0,0.074,1.0,0.059,stationary
19.577,8.284,38.824,1.765,3.452,0.297,0.662,0.422,0.491,1.987,0.177,11.793,56.803,8.991,0.0,0.948,0.541,0.804,bus
37.868,11.152,48.043,1.107,1.512,0.504,0.477,0.311,0.93,1.414,0.022,8.026,39.328,12.54,0.0,0.856,0.363,0.125,bus
39.327,21.761,54.362,1.388,1.786,0.33,0.307,0.159,0.497,1.303,0.183,4.71,15.904,10.689,0.0,0.992,0.304,0.922,metro
65.324,6.537,94.901,1.435,1.2,0.207,0.228,0.17,0.325,1.59,0.081,3.262,14.158,4.425,0.0,0.917,0.302,0.18,metro
31.587,13.884,40.195,1.151,4.232,0.511,0.827,0.193,1.084,1.356,0.169,13.17,30.757,21.51,0.0,0.76,0.339,0.234,bus
14.444,2.233,17.323,0.334,3.994,0.074,1.211,1.321,1.264,5.825,1.479,33.212,109.679,41.52,67.8,0.201,0.093,0.043,cycling
0.031,0.026,0.488,0.015,0.035,1.0,0.006,0.003,0.016,0.107,0.0,0.208,0.231,0.146,0.0,0.155,1.0,0.098,stationary
0.317,0.043,0.094,0.041,0.308,1.0,0.05,0.002,0.038,0.118,0.0,0.665,0.275,0.589,0.0,0.079,1.0,0.073,stationary
5.389,0.33,6.047,0.154,11.852,0.148,2.452,1.556,2.637,9.045,1.774,29.939,390.27,44.918,108.2,0.114,0.032,0.044,walking
17.911,2.594,24.682,0.466,2.628,0.175,1.096,1.238,1.55,4.293,1.115,17.819,136.458,53.799,63.0,0.113,0.149,0.024,cycling
67.012,9.325,101.884,1.57,1.284,0.206,0.322,0.135,0.291,1.791,0.167,5.467,9.519,5.106,0.0,0.875,0.44,0.244,metro
5.57,0.246,6.445,0.179,5.035,0.144,1.824,1.611,1.708,8.294,1.957,28.839,225.476,50.474,96.5,0.168,0.034,0.023,walking
70.235,23.115,88.981,0.609,0.312,0.246,0.252,0.269,0.514,1.085,0.033,2.68,18.539,10.652,0.0,0.981,0.291,0.873,metro
34.588,8.617,53.381,0.676,0.274,0.282,0.246,0.093,0.429,1.362,0.047,5.762,17.103,11.684,0.0,0.895,0.469,0.21,metro
22.935,0.885,34.763,0.538,1.895,0.053,0.492,0.167,0.256,2.184,0.178,24.552,85.785,23.076,0.0,0.085,0.058,0.028,scooter
3.623,0.35,4.788,0.277,6.803,0.046,1.606,2.786,2.369,7.596,1.702,42.818,276.609,30.41,103.4,0.2,0.006,0.039,walking
0.224,0.012,0.687,0.029,0.514,1.0,0.06,0.009,0.006,0.185,0.0,1.851,0.998,1.046,0.0,0.176,1.0,0.095,stationary
4.854,0.579,5.642,0.14,10.128,0.095,1.624,1.818,3.444,5.436,2.086,52.15,299.096,67.24,124.0,0.153,0.03,0.034,walking
31.251,13.58,50.293,1.683,4.868,0.576,0.851,0.149,0.956,2.229,0.047,10.227,54.562,11.825,0.0,0.864,0.449,0.698,bus
60.809,5.539,78.875,1.026,2.094,0.186,0.512,0.129,0.51,0.864,0.13,13.453,77.51,18.18,0.0,0.299,0.107,0.014,car
20.565,1.447,27.781,0.848,6.109,0.023,1.496,0.433,1.022,2.973,1.131,21.311,90.821,36.835,90.6,0.101,0.075,0.009,cycling
47.088,6.027,66.528,1.39,2.032,0.417,0.304,0.147,0.241,1.364,0.124,7.753,15.487,13.426,0.0,0.895,0.294,0.654,metro
19.992,1.748,23.85,0.632,2.725,0.101,0.369,0.166,0.663,1.053,0.162,11.566,29.527,27.691,0.0,0.089,0.195,0.031,scooter
60.534,14.438,91.807,1.009,1.492,0.27,0.423,0.134,0.497,1.248,0.068,6.539,10.831,7.676,0.0,0.887,0.205,0.834,metro
69.033,16.677,93.048,1.015,2.279,0.431,0.411,0.098,0.604,0.929,0.02,6.485,17.126,7.09,0.0,0.958,0.446,0.548,metro
4.772,0.484,5.974,0.288,8.606,0.003,1.648,2.046,2.273,7.179,2.176,42.188,271.274,33.306,115.8,0.042,0.055,0.025,walking
23.89,0.958,33.567,0.81,1.735,0.067,0.4,0.081,0.331,1.629,0.312,8.08,77.37,21.094,0.0,0.079,0.165,0.034,scooter
25.442,1.295,32.207,0.603,3.038,0.249,0.485,0.222,0.676,1.134,0.353,17.669,50.648,30.526,0.0,0.204,0.165,0.006,scooter
16.913,3.245,28.854,0.885,4.523,0.196,0.564,0.114,0.557,1.647,0.11,20.299,41.807,15.744,0.0,0.202,0.182,0.015,scooter
12.203,1.838,22.972,0.448,5.801,0.223,0.592,0.06,0.705,0.806,0.339,9.133,37.877,15.545,0.0,0.322,0.193,0.048,scooter
23.751,1.484,28.982,0.649,2.024,0.18,0.221,0.169,0.658,2.314,0.37,22.749,68.556,27.36,0.0,0.141,0.174,0.011,scooter
17.489,5.482,33.029,1.278,2.096,0.442,0.846,0.478,1.091,2.631,0.215,14.952,10.238,18.836,0.0,0.941,0.476,0.356,bus
17.427,3.767,20.32,0.562,3.533,0.105,0.663,0.802,1.353,3.758,1.431,43.412,56.935,29.775,76.4,0.284,0.13,0.02,cycling
4.667,0.252,5.225,0.341,3.28,0.113,2.025,0.842,2.007,6.371,1.89,43.271,235.449,33.082,109.7,0.234,0.011,0.03,walking
0.0,0.039,0.253,0.045,0.66,1.0,0.009,0.009,0.047,0.087,0.0,0.771,0.49,2.293,0.0,0.1,1.0,0.082,stationary
60.123,4.895,84.586,0.817,4.387,0.14,0.5,0.325,0.301,1.189,0.274,9.411,75.288,18.511,0.0,0.336,0.176,0.037,car
33.915,5.502,52.794,1.178,2.879,0.593,0.862,0.183,0.914,1.273,0.043,6.719,17.622,17.144,0.0,0.939,0.499,0.689,bus
21.172,2.463,26.633,0.865,5.346,0.207,0.201,0.085,0.634,1.216,0.274,11.535,50.641,24.734,0.0,0.11,0.197,0.01,scooter
31.903,2.37,35.615,0.401,2.939,0.107,0.333,0.214,0.728,1.691,0.059,24.35,78.631,29.046,0.0,0.141,0.156,0.025,scooter
18.234,15.673,29.96,1.102,4.679,0.505,0.386,0.233,0.971,1.936,0.265,13.233,53.704,18.721,0.0,0.865,0.363,0.447,bus
0.221,0.008,0.286,0.03,0.527,1.0,0.037,0.007,0.072,0.193,0.0,0.67,0.265,0.332,0.0,0.171,1.0,0.054,stationary
0.14,0.027,0.028,0.019,0.249,1.0,0.002,0.004,0.073,0.193,0.0,0.14,0.128,0.35,0.0,0.127,1.0,0.055,stationary
16.328,3.924,20.752,0.893,6.903,0.16,1.069,1.395,0.844,5.465,1.045,16.559,128.997,53.043,78.8,0.265,0.128,0.043,cycling
59.038,8.126,77.862,1.546,2.101,0.381,0.525,0.224,0.452,1.469,0.083,5.538,28.147,12.1,0.0,0.882,0.25,0.385,metro
18.773,1.022,23.48,1.077,1.661,0.143,0.548,0.213,0.569,1.603,0.359,21.923,21.218,15.668,0.0,0.135,0.196,0.038,scooter
5.548,0.415,6.603,0.164,5.884,0.06,1.281,2.628,2.038,9.842,1.618,24.315,160.946,68.823,125.6,0.115,0.072,0.041,walking
22.46,12.133,38.914,1.717,2.767,0.513,0.781,0.436,0.717,3.318,0.234,6.984,38.769,11.506,0.0,0.953,0.309,0.505,bus
25.221,6.29,35.826,0.776,3.84,0.184,0.521,0.159,0.609,1.051,0.276,9.438,39.734,16.937,0.0,0.3,0.076,0.005,car
41.616,17.37,58.44,0.865,0.844,0.203,0.162,0.083,0.273,0.835,0.098,6.516,13.359,4.44,0.0,0.899,0.464,0.132,metro
19.11,3.872,25.071,0.68,7.133,0.027,1.567,0.852,1.248,4.962,1.396,43.596,124.809,49.568,75.0,0.164,0.094,0.038,cycling
21.187,14.065,38.86,1.373,4.248,0.397,0.308,0.239,1.004,2.153,0.189,8.55,43.829,21.092,0.0,0.743,0.394,0.05,bus
5.547,0.215,7.233,0.167,8.586,0.045,2.105,0.976,2.307,8.824,1.921,34.525,289.342,50.556,116.4,0.212,0.086,0.022,walking
58.587,6.172,76.29,1.454,1.553,0.286,0.35,0.199,0.641,1.651,0.082,7.318,26.965,11.714,0.0,0.873,0.421,0.231,metro
26.182,3.254,38.09,0.693,4.506,0.055,0.284,0.166,0.616,1.21,0.176,24.787,48.814,16.563,0.0,0.342,0.081,0.015,scooter
26.583,2.495,31.498,0.47,2.351,0.11,0.265,0.189,0.704,0.898,0.147,19.384,75.132,15.945,0.0,0.108,0.121,0.009,scooter
57.581,17.196,77.607,1.198,2.095,0.304,0.329,0.055,0.484,0.933,0.087,8.192,12.933,7.911,0.0,0.994,0.476,0.112,metro
20.956,7.122,33.507,1.756,3.24,0.477,0.422,0.245,0.703,1.649,0.228,4.4,51.781,12.559,0.0,0.892,0.491,0.758,bus
22.174,3.496,28.735,0.862,2.155,0.075,1.019,0.336,1.523,4.38,1.138,42.633,154.757,26.255,93.6,0.149,0.056,0.045,cycling
15.315,3.092,23.268,1.147,4.23,0.165,0.491,0.174,0.694,1.403,0.106,24.079,45.158,17.729,0.0,0.367,0.189,0.041,scooter
39.982,10.458,61.147,0.676,4.625,0.229,0.353,0.139,0.505,1.66,0.296,6.825,75.509,20.496,0.0,0.117,0.19,0.033,car
53.128,9.167,80.221,0.646,2.386,0.356,0.387,0.256,0.628,1.35,0.025,9.975,16.366,6.282,0.0,0.929,0.255,0.849,metro
72.009,15.378,106.691,1.544,1.962,0.23,0.24,0.165,0.492,1.545,0.029,9.494,25.764,13.671,0.0,0.961,0.364,0.921,metro
28.476,2.893,38.657,0.524,2.839,0.126,0.265,0.075,0.54,2.3,0.122,21.506,25.321,12.372,0.0,0.229,0.172,0.026,scooter
47.567,17.867,82.182,0.661,0.543,0.377,0.255,0.177,0.577,1.636,0.026,6.37,13.659,5.732,0.0,0.881,0.336,0.711,metro
62.225,20.57,78.869,0.872,2.287,0.186,0.505,0.29,0.399,1.285,0.074,7.575,12.73,12.51,0.0,0.92,0.44,0.809,metro
22.033,10.078,37.067,0.443,5.382,0.188,0.56,0.257,0.671,0.969,0.203,14.08,66.65,19.192,0.0,0.193,0.103,0.002,car
19.788,3.321,22.889,1.14,4.55,0.118,0.522,0.075,0.738,1.581,0.062,22.721,67.254,22.577,0.0,0.353,0.057,0.025,scooter
24.891,11.181,34.161,1.651,2.121,0.54,0.752,0.443,0.419,1.899,0.103,5.547,31.447,12.684,0.0,0.703,0.409,0.484,bus
31.751,9.725,43.021,0.916,1.034,0.255,0.618,0.591,0.641,2.105,0.247,8.813,56.126,16.359,0.0,0.837,0.479,0.655,bus
28.438,2.746,48.337,1.078,4.762,0.209,0.231,0.079,0.541,1.784,0.166,19.118,47.918,16.389,0.0,0.052,0.111,0.004,car
42.341,5.064,63.884,0.797,0.47,0.383,0.517,0.119,0.245,1.488,0.149,2.368,21.738,5.016,0.0,0.934,0.401,0.41,metro
24.981,14.477,35.76,1.638,4.471,0.348,0.874,0.352,0.634,2.297,0.194,6.215,46.989,9.413,0.0,0.915,0.363,0.752,bus
3.479,0.565,4.476,0.122,8.672,0.042,2.235,2.282,2.583,9.494,1.896,58.16,163.623,34.709,111.1,0.029,0.055,0.026,walking
23.827,10.66,32.003,1.416,2.381,0.562,0.469,0.599,0.995,1.718,0.051,14.279,41.329,12.223,0.0,0.811,0.357,0.404,bus
0.206,0.004,0.712,0.016,0.288,1.0,0.003,0.007,0.066,0.113,0.0,1.758,0.982,1.378,0.0,0.044,1.0,0.004,stationary
5.629,0.347,6.418,0.282,10.404,0.073,1.874,3.014,2.116,4.33,1.675,25.204,289.611,69.788,129.4,0.239,0.043,0.031,walking
34.43,5.02,46.283,1.026,5.477,0.113,0.42,0.195,0.425,0.985,0.04,13.485,29.297,13.732,0.0,0.205,0.157,0.044,car
25.545,0.772,30.006,0.88,5.749,0.097,0.44,0.138,0.651,0.819,0.371,15.972,77.454,29.947,0.0,0.137,0.153,0.045,scooter
19.096,0.914,25.08,0.666,2.054,0.149,1.464,1.321,1.25,5.548,1.271,33.548,229.638,24.217,63.2,0.061,0.135,0.038,cycling
42.549,8.425,63.316,1.187,3.524,0.21,0.325,0.255,0.492,1.728,0.225,15.196,49.939,19.316,0.0,0.378,0.064,0.038,car
51.623,3.936,68.363,0.919,1.738,0.197,0.377,0.308,0.368,1.424,0.117,9.115,50.612,22.889,0.0,0.449,0.076,0.043,car
66.371,12.804,96.4,1.008,1.931,0.196,0.397,0.24,0.527,0.506,0.042,7.798,22.774,4.107,0.0,0.935,0.4,0.248,metro
15.762,0.546,26.869,1.041,5.895,0.196,0.486,0.055,0.341,0.951,0.054,19.482,54.1,11.585,0.0,0.085,0.085,0.044,scooter
21.782,2.948,29.699,0.735,4.648,0.178,0.612,0.984,1.408,5.149,1.21,29.36,173.77,18.514,77.7,0.086,0.063,0.027,cycling
21.874,3.061,25.993,0.73,6.731,0.022,0.692,0.361,1.848,2.608,1.34,16.476,80.823,33.805,77.0,0.114,0.079,0.002,cycling
19.987,2.558,26.06,0.405,7.99,0.143,1.273,0.433,1.09,3.255,1.459,38.474,238.233,18.297,60.7,0.316,0.135,0.014,cycling
26.25,9.944,53.78,1.002,2.984,0.114,0.328,0.325,0.422,0.931,0.166,5.245,74.087,15.998,0.0,0.45,0.171,0.003,car
3.204,0.553,4.737,0.25,11.182,0.017,2.514,2.623,3.094,6.29,2.146,31.258,265.039,52.988,110.9,0.109,0.092,0.042,walking
20.656,3.77,25.666,0.619,4.22,0.135,0.883,0.947,1.667,2.48,1.009,17.675,66.844,42.752,79.8,0.348,0.106,0.026,cycling
3.749,0.304,4.33,0.189,7.735,0.127,2.409,2.397,2.478,9.556,1.819,32.644,354.094,40.159,105.7,0.232,0.051,0.046,walking
0.328,0.012,0.084,0.004,0.559,1.0,0.007,0.005,0.067,0.133,0.0,1.658,0.948,0.501,0.0,0.084,1.0,0.043,stationary
13.886,2.902,18.369,0.796,5.301,0.052,0.284,0.159,0.662,2.042,0.36,12.845,47.497,29.918,0.0,0.058,0.177,0.002,scooter
63.672,16.186,93.344,0.801,0.587,0.263,0.382,0.281,0.532,0.52,0.101,7.246,6.417,5.752,0.0,0.854,0.22,0.874,metro
3.797,0.395,5.59,0.164,11.944,0.071,1.916,2.123,2.713,8.932,1.621,20.565,282.118,54.031,96.7,0.109,0.089,0.035,walking
70.111,7.205,89.356,0.896,2.428,0.183,0.494,0.092,0.584,0.566,0.133,9.134,23.324,11.97,0.0,0.983,0.464,0.726,metro
38.754,24.735,54.208,1.141,1.327,0.312,0.328,0.138,0.521,1.456,0.027,9.003,23.555,10.383,0.0,0.915,0.456,0.312,metro
65.314,9.994,86.018,0.975,0.692,0.218,0.398,0.064,0.524,0.743,0.179,8.154,19.893,3.376,0.0,0.985,0.486,0.321,metro
30.873,15.236,44.421,1.016,4.868,0.399,0.89,0.434,0.957,2.512,0.221,7.266,48.537,8.548,0.0,0.834,0.423,0.099,bus
0.507,0.009,0.16,0.049,0.121,1.0,0.042,0.001,0.077,0.072,0.0,1.651,0.235,1.052,0.0,0.117,1.0,0.062,stationary
0.379,0.034,0.696,0.023,0.081,1.0,0.069,0.01,0.016,0.121,0.0,0.178,0.764,0.103,0.0,0.11,1.0,0.085,stationary
25.549,13.708,34.009,1.342,3.777,0.399,0.61,0.305,1.005,1.595,0.015,10.467,39.984,14.304,0.0,0.973,0.26,0.369,bus
22.563,1.626,32.808,0.438,2.359,0.218,0.552,0.06,0.726,0.955,0.085,16.714,50.678,31.915,0.0,0.374,0.127,0.003,scooter
11.856,1.687,19.159,0.629,7.476,0.086,0.921,0.896,0.839,4.715,1.036,39.43,109.026,20.142,79.1,0.334,0.074,0.028,cycling
0.303,0.004,0.04,0.013,0.48,1.0,0.066,0.005,0.086,0.107,0.0,1.316,0.651,0.835,0.0,0.159,1.0,0.06,stationary
37.477,14.319,63.696,1.46,0.306,0.428,0.269,0.067,0.357,1.353,0.147,4.061,7.273,5.415,0.0,0.932,0.215,0.778,metro
68.856,18.593,91.174,0.517,2.42,0.209,0.2,0.055,0.328,1.119,0.123,3.279,8.573,13.765,0.0,0.852,0.36,0.87,metro
3.26,0.101,3.761,0.187,11.182,0.059,2.558,2.008,2.015,8.158,1.65,43.373,321.075,64.948,121.3,0.025,0.033,0.026,walking
21.242,1.507,24.728,0.631,3.327,0.109,0.214,0.138,0.611,1.497,0.387,19.288,49.787,18.701,0.0,0.288,0.131,0.05,scooter
15.205,3.365,23.152,0.839,7.265,0.042,1.091,0.824,1.293,2.636,1.302,44.063,205.561,35.262,62.7,0.118,0.065,0.007,cycling
61.131,22.815,80.897,0.572,0.708,0.19,0.288,0.127,0.228,1.154,0.16,7.773,22.755,8.57,0.0,0.888,0.468,0.891,metro
5.179,0.335,6.593,0.399,11.773,0.056,1.907,1.322,2.03,7.864,2.021,42.932,240.674,43.527,122.3,0.214,0.098,0.033,walking
60.141,9.576,78.815,1.073,5.503,0.127,0.601,0.162,0.708,1.813,0.21,17.177,62.004,8.201,0.0,0.293,0.143,0.047,car
32.017,7.279,66.986,1.314,0.733,0.212,0.163,0.198,0.695,0.786,0.194,4.726,29.35,11.891,0.0,0.984,0.31,0.402,metro
3.841,0.475,4.41,0.185,4.173,0.097,2.608,1.34,2.688,4.617,1.642,30.456,294.076,42.691,112.2,0.028,0.032,0.011,walking
12.846,2.255,18.183,0.644,4.213,0.131,1.251,1.227,1.028,3.197,1.245,27.482,131.879,30.012,85.9,0.342,0.088,0.003,cycling
48.918,7.149,66.296,1.068,2.979,0.164,0.352,0.326,0.768,1.289,0.041,11.726,68.245,16.097,0.0,0.236,0.155,0.011,car
21.739,1.344,31.558,0.524,4.017,0.182,0.56,0.06,0.656,1.943,0.072,23.374,48.859,17.028,0.0,0.078,0.17,0.008,scooter
46.273,19.964,65.687,0.827,0.643,0.287,0.536,0.113,0.345,0.781,0.085,3.381,6.888,4.799,0.0,0.854,0.339,0.607,metro
14.357,1.466,20.468,0.375,6.526,0.124,0.916,0.934,1.576,4.486,1.292,24.878,107.04,24.053,70.0,0.087,0.066,0.044,cycling
22.688,8.517,44.841,1.09,3.671,0.054,0.638,0.058,0.681,2.012,0.236,7.862,47.51,17.871,0.0,0.218,0.054,0.041,car
3.482,0.176,5.056,0.22,10.257,0.095,1.535,2.11,1.973,9.385,1.86,27.914,294.847,29.9,104.7,0.196,0.07,0.028,walking
16.826,2.324,21.78,0.494,5.051,0.206,0.369,0.173,0.3,1.953,0.273,21.918,86.987,21.636,0.0,0.09,0.056,0.032,scooter
3.836,0.313,5.274,0.287,4.17,0.056,1.665,2.3,1.977,9.345,1.914,38.717,268.243,59.124,115.4,0.086,0.072,0.025,walking
26.676,1.173,38.121,1.138,3.175,0.213,0.208,0.129,0.261,2.405,0.076,17.979,26.382,15.56,0.0,0.194,0.102,0.022,scooter
0.397,0.023,0.735,0.023,0.355,1.0,0.005,0.002,0.027,0.049,0.0,0.881,0.327,1.807,0.0,0.045,1.0,0.076,stationary
5.304,0.411,6.633,0.205,6.853,0.003,2.797,1.282,3.016,5.642,2.132,44.053,242.028,30.095,114.6,0.076,0.003,0.043,walking
40.327,4.065,61.042,1.064,4.506,0.109,0.336,0.283,0.4,1.942,0.027,9.554,52.943,14.683,0.0,0.226,0.155,0.012,car
0.207,0.026,0.072,0.017,0.073,1.0,0.045,0.0,0.05,0.105,0.0,0.92,0.728,0.365,0.0,0.14,1.0,0.019,stationary
26.974,5.668,45.304,1.014,2.471,0.417,0.342,0.532,1.038,1.233,0.178,4.885,46.996,8.191,0.0,0.803,0.288,0.609,bus
20.984,14.409,35.865,1.52,3.618,0.279,0.473,0.466,0.785,1.259,0.137,16.05,33.778,12.85,0.0,0.88,0.536,0.749,bus
53.769,20.469,86.989,1.35,0.578,0.25,0.341,0.06,0.448,0.943,0.146,4.171,28.624,3.568,0.0,0.893,0.21,0.393,metro
0.43,0.005,0.539,0.007,0.573,1.0,0.001,0.002,0.025,0.053,0.0,1.955,0.551,1.657,0.0,0.075,1.0,0.083,stationary
0.533,0.016,0.221,0.019,0.176,1.0,0.018,0.009,0.023,0.063,0.0,0.127,0.394,1.171,0.0,0.177,1.0,0.061,stationary
0.401,0.044,0.35,0.007,0.957,1.0,0.066,0.001,0.009,0.186,0.0,0.595,0.335,1.06,0.0,0.039,1.0,0.024,stationary
41.683,8.95,55.505,1.183,4.242,0.104,0.553,0.133,0.505,2.004,0.216,6.626,26.676,24.444,0.0,0.185,0.194,0.041,car
37.96,11.932,51.664,1.125,1.084,0.284,0.845,0.533,0.864,2.641,0.226,8.744,14.457,19.915,0.0,0.919,0.29,0.37,bus
0.381,0.045,0.002,0.041,0.603,1.0,0.072,0.003,0.031,0.002,0.0,1.514,0.851,0.163,0.0,0.159,1.0,0.051,stationary
27.257,3.11,30.735,1.101,3.716,0.147,0.563,0.111,0.625,1.162,0.21,23.028,72.76,16.62,0.0,0.36,0.115,0.022,scooter
22.142,8.111,39.878,1.08,3.105,0.367,0.613,0.527,0.945,3.118,0.116,8.492,10.256,7.182,0.0,0.8,0.514,0.214,bus
54.126,10.72,74.353,1.005,2.903,0.204,0.537,0.278,0.28,1.447,0.175,17.254,57.314,21.959,0.0,0.372,0.067,0.033,car
0.53,0.039,0.712,0.007,0.601,1.0,0.057,0.003,0.031,0.074,0.0,1.158,0.655,0.449,0.0,0.173,1.0,0.088,stationary
47.93,5.423,72.929,0.529,1.839,0.323,0.465,0.082,0.463,1.237,0.017,6.846,6.5,6.607,0.0,0.976,0.366,0.417,metro
15.14,2.155,22.299,0.883,3.958,0.051,0.212,0.15,0.334,1.66,0.341,23.953,73.352,29.683,0.0,0.37,0.191,0.049,scooter
28.306,5.899,46.665,1.251,5.298,0.134,0.395,0.266,0.49,1.902,0.092,6.479,38.109,7.074,0.0,0.069,0.198,0.004,car
22.639,3.064,33.205,0.647,2.313,0.073,0.419,0.113,0.736,1.875,0.353,12.556,28.395,29.502,0.0,0.245,0.051,0.03,scooter
23.246,2.685,34.639,0.62,4.0,0.202,0.247,0.2,0.366,0.831,0.263,8.764,48.763,16.427,0.0,0.185,0.197,0.037,scooter
22.741,0.528,30.52,0.541,2.477,0.123,0.332,0.186,0.505,2.358,0.383,18.376,58.698,15.784,0.0,0.226,0.104,0.02,scooter
23.253,3.977,26.787,0.897,2.711,0.153,0.992,1.007,1.43,3.779,1.359,21.763,103.027,54.004,79.5,0.146,0.127,0.024,cycling
28.444,14.793,41.256,1.152,1.079,0.319,0.349,0.544,0.547,2.758,0.017,4.653,41.045,11.062,0.0,0.703,0.327,0.001,bus
56.426,8.304,83.696,0.539,4.941,0.07,0.574,0.117,0.686,1.597,0.069,14.773,43.477,18.924,0.0,0.105,0.175,0.011,car
21.714,3.989,24.342,0.448,2.023,0.117,0.92,0.474,1.38,3.742,1.01,24.715,127.247,45.778,66.2,0.109,0.081,0.05,cycling
3.261,0.582,4.968,0.184,8.974,0.014,2.722,1.957,1.671,7.477,2.117,49.734,302.264,69.031,124.4,0.084,0.057,0.001,walking
12.224,2.567,17.18,1.132,1.872,0.151,0.341,0.22,0.389,2.1,0.215,8.303,83.615,31.71,0.0,0.337,0.165,0.038,scooter
28.358,6.313,38.914,0.663,2.663,0.524,0.475,0.114,0.545,1.282,0.037,15.542,47.929,9.997,0.0,0.761,0.446,0.549,bus
22.985,1.263,28.533,0.571,3.329,0.114,0.404,0.142,0.743,1.345,0.226,10.775,23.408,27.613,0.0,0.369,0.179,0.046,scooter
11.378,3.597,14.773,0.5,2.907,0.161,1.204,0.769,1.698,5.189,1.043,28.386,199.137,44.752,84.7,0.229,0.073,0.044,cycling
22.598,3.181,27.706,1.194,3.71,0.055,0.302,0.196,0.547,1.76,0.288,19.744,42.0,18.704,0.0,0.15,0.092,0.008,scooter
23.401,0.72,34.24,0.861,5.205,0.225,0.487,0.084,0.556,1.197,0.249,18.953,81.881,29.124,0.0,0.234,0.119,0.047,scooter
17.044,1.84,19.511,0.309,4.066,0.035,1.397,0.768,0.878,5.623,1.224,42.53,226.598,27.022,60.4,0.171,0.13,0.037,cycling
57.65,5.566,84.537,0.64,2.781,0.143,0.498,0.335,0.545,0.848,0.052,17.848,39.935,9.501,0.0,0.238,0.2,0.045,car
4.474,0.19,5.68,0.307,10.782,0.02,1.577,2.322,2.181,6.155,1.682,42.074,273.685,33.6,112.2,0.13,0.016,0.028,walking
4.704,0.441,5.878,0.254,6.137,0.034,2.418,2.769,2.697,4.511,2.126,49.57,140.501,36.294,114.3,0.073,0.048,0.047,walking
4.646,0.596,5.278,0.249,6.873,0.143,1.221,2.018,2.662,6.254,2.129,33.441,155.04,56.506,101.3,0.004,0.054,0.029,walking
0.581,0.021,0.791,0.009,0.986,1.0,0.078,0.007,0.029,0.137,0.0,1.502,0.396,1.438,0.0,0.026,1.0,0.046,stationary
38.264,6.766,53.504,1.26,5.341,0.085,0.63,0.256,0.375,2.126,0.148,6.899,46.728,15.247,0.0,0.344,0.151,0.04,car
40.919,6.75,66.555,1.205,1.576,0.246,0.514,0.054,0.264,1.545,0.194,13.846,35.967,23.535,0.0,0.241,0.107,0.048,car
17.414,3.467,25.2,0.463,5.513,0.131,0.299,0.209,0.485,1.479,0.375,8.497,47.59,20.88,0.0,0.308,0.17,0.011,scooter
41.592,10.793,55.32,0.739,2.531,0.127,0.366,0.12,0.754,1.808,0.057,15.199,24.353,8.217,0.0,0.176,0.134,0.019,car
68.504,24.528,89.796,1.236,1.138,0.439,0.333,0.143,0.638,0.724,0.164,6.92,8.031,9.63,0.0,0.975,0.398,0.751,metro
61.337,9.352,79.247,1.203,4.885,0.105,0.283,0.256,0.425,1.048,0.078,16.337,78.789,8.521,0.0,0.069,0.133,0.019,car
35.552,4.497,52.91,1.445,4.442,0.325,0.557,0.413,0.798,2.521,0.015,8.737,30.017,18.428,0.0,0.726,0.343,0.649,bus
0.183,0.009,0.737,0.017,0.242,1.0,0.078,0.005,0.032,0.053,0.0,0.466,0.175,1.742,0.0,0.191,1.0,0.069,stationary
28.375,3.067,32.42,1.14,5.464,0.145,0.396,0.151,0.657,2.066,0.397,19.085,55.142,24.41,0.0,0.279,0.171,0.037,scooter
5.454,0.128,7.171,0.276,5.523,0.078,2.037,1.109,2.67,4.841,1.877,57.874,194.954,32.813,116.1,0.036,0.04,0.036,walking
4.481,0.455,6.159,0.335,4.75,0.054,2.121,1.25,2.901,4.383,1.853,56.984,201.477,54.049,106.9,0.06,0.081,0.044,walking
4.714,0.352,6.463,0.201,10.057,0.14,2.665,1.69,3.408,4.278,1.779,38.646,151.815,62.174,122.0,0.2,0.012,0.032,walking
3.442,0.459,4.253,0.153,4.206,0.038,1.363,1.063,1.977,9.28,2.098,36.575,139.345,46.235,121.3,0.175,0.084,0.04,walking
3.191,0.166,3.693,0.325,4.999,0.11,1.44,2.586,3.37,8.044,1.983,29.754,381.37,47.54,123.4,0.142,0.087,0.007,walking
11.836,3.211,17.388,0.366,7.372,0.034,1.514,0.626,1.911,3.091,1.057,20.801,201.551,42.503,92.6,0.285,0.066,0.041,cycling
32.065,11.901,55.887,0.629,2.47,0.205,0.503,0.232,0.541,0.998,0.296,6.711,22.043,16.866,0.0,0.086,0.132,0.05,car
23.753,12.063,32.406,0.749,2.979,0.558,0.542,0.171,0.743,3.039,0.234,10.833,55.327,7.326,0.0,0.901,0.308,0.85,bus
0.396,0.009,0.305,0.013,0.93,1.0,0.076,0.008,0.058,0.112,0.0,0.735,0.17,0.181,0.0,0.049,1.0,0.066,stationary
23.17,3.327,25.238,0.885,6.932,0.122,1.093,0.609,1.813,4.817,1.46,22.064,236.893,31.739,81.6,0.17,0.068,0.016,cycling
59.9,17.775,87.508,1.067,0.319,0.369,0.228,0.081,0.479,1.516,0.043,7.164,22.817,5.612,0.0,0.928,0.266,0.218,metro
17.96,2.695,24.938,0.601,7.273,0.074,1.259,1.193,1.791,2.937,1.302,32.512,163.0,25.286,72.4,0.332,0.067,0.015,cycling
5.022,0.53,5.551,0.32,7.776,0.125,1.996,2.714,3.245,8.407,2.011,21.243,227.094,36.78,125.9,0.249,0.033,0.014,walking
14.926,2.358,21.032,0.464,5.243,0.181,1.548,1.013,1.157,4.733,1.394,44.278,140.938,43.612,82.6,0.349,0.052,0.017,cycling
42.559,10.265,69.559,0.512,5.135,0.159,0.379,0.068,0.386,1.733,0.194,16.531,71.459,13.81,0.0,0.208,0.161,0.039,car
15.376,2.148,22.819,0.493,6.648,0.097,0.922,1.33,1.765,3.305,1.302,24.221,152.086,35.483,83.6,0.211,0.129,0.032,cycling
0.409,0.022,0.517,0.013,0.145,1.0,0.002,0.001,0.025,0.173,0.0,0.476,0.664,0.493,0.0,0.138,1.0,0.034,stationary
54.46,11.39,77.403,0.594,1.881,0.29,0.454,0.155,0.647,0.665,0.197,2.146,25.943,10.801,0.0,0.894,0.389,0.254,metro
15.629,2.485,19.871,0.657,7.761,0.042,0.959,0.509,1.867,4.12,1.441,27.161,80.307,44.796,67.7,0.258,0.052,0.045,cycling
4.792,0.454,6.026,0.271,11.401,0.025,2.152,1.697,2.058,4.146,1.754,43.681,332.884,26.183,124.5,0.091,0.011,0.049,walking
4.494,0.276,5.416,0.268,7.782,0.008,1.822,1.35,2.884,6.404,2.006,26.729,318.58,69.489,106.4,0.045,0.031,0.013,walking
17.695,0.803,24.692,0.757,6.622,0.171,0.828,1.04,1.273,4.716,1.461,37.382,99.983,18.126,64.3,0.079,0.056,0.024,cycling
30.016,5.601,39.873,1.795,4.0,0.469,0.354,0.17,0.976,3.36,0.267,15.792,14.274,7.413,0.0,0.767,0.476,0.301,bus
59.792,16.546,81.097,1.085,1.176,0.182,0.186,0.067,0.595,1.583,0.194,3.264,25.3,3.138,0.0,0.933,0.223,0.263,metro
21.18,0.749,29.694,0.72,3.663,0.08,0.296,0.109,0.702,2.472,0.223,23.211,74.493,23.542,0.0,0.14,0.2,0.002,scooter
18.754,3.136,23.161,0.366,2.861,0.04,1.108,1.023,1.184,5.515,1.166,28.409,152.383,29.241,60.6,0.338,0.138,0.038,cycling
74.937,24.129,109.759,1.132,0.856,0.438,0.174,0.08,0.531,1.235,0.086,2.107,15.969,8.39,0.0,0.927,0.372,0.11,metro
4.884,0.521,5.834,0.126,3.055,0.043,1.678,1.879,1.525,6.897,2.123,34.927,212.461,33.078,128.3,0.148,0.1,0.034,walking
16.266,3.03,24.11,1.031,3.331,0.061,0.555,0.234,0.486,2.245,0.341,15.723,68.952,15.46,0.0,0.193,0.109,0.043,scooter
5.481,0.382,7.244,0.342,11.417,0.128,2.704,3.162,1.756,9.96,1.859,26.407,372.363,26.11,110.1,0.239,0.025,0.022,walking
29.606,0.575,33.313,0.491,3.69,0.2,0.546,0.236,0.283,1.855,0.087,14.204,38.084,17.275,0.0,0.315,0.144,0.048,scooter
0.266,0.028,0.216,0.042,0.146,1.0,0.07,0.0,0.05,0.021,0.0,0.044,0.712,1.46,0.0,0.163,1.0,0.072,stationary
13.826,1.015,19.976,0.81,5.518,0.023,1.588,0.874,1.488,4.46,1.263,35.478,188.155,38.051,71.8,0.08,0.061,0.041,cycling
20.033,1.904,23.445,0.349,6.281,0.044,1.171,0.846,1.009,2.56,1.096,32.867,110.539,35.653,74.0,0.254,0.127,0.035,cycling
18.924,6.954,30.216,1.084,4.142,0.309,0.589,0.246,0.732,3.118,0.29,7.833,33.221,11.181,0.0,0.878,0.473,0.485,bus
12.278,2.959,15.476,0.343,4.561,0.058,0.668,0.472,1.807,4.496,1.353,26.603,155.06,19.4,83.1,0.077,0.09,0.029,cycling
28.81,6.577,45.329,1.699,3.158,0.297,0.492,0.189,1.055,2.994,0.087,6.028,32.514,11.589,0.0,0.763,0.503,0.072,bus
28.709,2.459,36.763,0.631,5.421,0.235,0.239,0.22,0.362,2.051,0.159,12.331,42.337,15.598,0.0,0.26,0.075,0.014,scooter
60.809,11.465,80.569,1.126,4.765,0.247,0.632,0.102,0.312,1.425,0.205,9.069,34.138,13.541,0.0,0.088,0.095,0.002,car
0.218,0.001,0.718,0.037,0.734,1.0,0.02,0.005,0.015,0.054,0.0,0.47,0.583,1.27,0.0,0.075,1.0,0.054,stationary
28.091,1.769,34.352,0.698,4.682,0.143,0.532,0.065,0.623,1.724,0.28,16.625,69.511,18.097,0.0,0.378,0.119,0.033,scooter
5.033,0.467,6.284,0.379,9.709,0.145,1.245,1.929,1.483,6.689,2.058,50.099,315.343,62.804,128.1,0.077,0.055,0.014,walking
36.365,7.971,49.928,0.606,3.229,0.487,0.425,0.499,0.552,2.563,0.065,16.672,58.96,9.081,0.0,0.826,0.299,0.663,bus
32.492,16.971,56.428,0.593,1.525,0.406,0.3,0.086,0.539,1.751,0.184,7.131,25.495,12.427,0.0,0.852,0.483,0.355,metro
23.737,15.52,43.037,0.664,2.883,0.304,0.309,0.534,0.555,2.639,0.123,4.646,59.691,15.564,0.0,0.911,0.374,0.831,bus
27.01,0.553,30.215,0.504,2.612,0.066,0.564,0.15,0.326,2.491,0.089,23.043,52.876,22.371,0.0,0.157,0.182,0.024,scooter
30.579,0.953,36.544,0.782,4.539,0.146,0.412,0.097,0.34,1.131,0.312,15.85,50.063,22.81,0.0,0.358,0.197,0.014,scooter
0.532,0.048,0.361,0.025,0.842,1.0,0.08,0.008,0.066,0.141,0.0,0.645,0.656,1.904,0.0,0.046,1.0,0.018,stationary
0.203,0.046,0.757,0.029,0.684,1.0,0.041,0.006,0.053,0.133,0.0,1.372,0.955,2.117,0.0,0.191,1.0,0.017,stationary
15.058,2.626,19.037,0.3,5.47,0.101,1.105,0.353,0.882,2.748,1.102,29.169,229.812,45.37,90.9,0.102,0.069,0.04,cycling
31.649,2.43,44.292,0.792,5.589,0.234,0.404,0.212,0.676,1.227,0.001,13.457,30.532,17.348,0.0,0.319,0.19,0.02,car
38.624,10.518,60.738,1.117,1.674,0.414,0.27,0.117,0.661,0.636,0.135,8.867,18.127,6.548,0.0,0.98,0.469,0.775,metro
16.727,3.738,20.915,0.447,6.179,0.077,0.734,0.603,1.0,4.568,1.087,16.901,156.168,44.359,89.5,0.135,0.123,0.011,cycling
18.376,8.69,33.791,1.504,2.392,0.42,0.461,0.223,0.449,3.02,0.185,7.258,38.689,14.826,0.0,0.853,0.33,0.573,bus
24.736,15.055,43.569,1.446,4.325,0.507,0.569,0.456,0.6,2.055,0.198,16.53,27.563,16.506,0.0,0.789,0.29,0.564,bus
4.691,0.499,6.34,0.165,9.76,0.049,2.335,2.658,2.236,7.466,1.807,56.943,296.307,48.966,111.2,0.193,0.012,0.007,walking
20.346,3.636,24.226,0.348,4.826,0.129,1.0,1.142,1.466,3.178,1.106,37.006,131.215,31.836,72.6,0.253,0.028,0.037,cycling
3.134,0.576,4.577,0.347,3.614,0.121,1.998,1.246,1.401,6.27,1.612,26.047,371.432,25.632,120.6,0.011,0.083,0.012,walking
37.624,6.48,56.759,0.674,3.09,0.299,0.79,0.276,0.903,1.412,0.036,12.458,37.138,19.999,0.0,0.716,0.49,0.542,bus
36.094,7.479,51.393,1.283,1.025,0.311,0.395,0.213,0.789,2.646,0.185,10.316,27.165,8.015,0.0,0.712,0.501,0.279,bus
57.977,10.813,89.374,0.666,0.875,0.322,0.505,0.18,0.619,1.646,0.087,2.564,10.929,4.976,0.0,0.862,0.265,0.774,metro
18.262,12.203,33.391,1.007,2.206,0.492,0.724,0.447,0.911,1.497,0.122,12.255,31.61,19.959,0.0,0.856,0.27,0.464,bus
46.735,14.835,63.229,1.549,1.351,0.416,0.522,0.267,0.618,0.728,0.173,3.345,24.91,4.892,0.0,0.884,0.279,0.876,metro
23.373,3.531,28.431,0.383,7.886,0.085,1.409,0.451,1.491,5.633,1.478,37.347,51.3,41.532,78.7,0.229,0.076,0.043,cycling
17.569,2.218,28.198,0.848,4.361,0.172,0.401,0.118,0.666,1.993,0.129,19.872,86.523,16.305,0.0,0.175,0.118,0.011,scooter
20.136,6.505,33.517,0.925,4.715,0.569,0.703,0.108,0.713,2.108,0.244,12.908,33.45,17.722,0.0,0.74,0.544,0.421,bus
25.425,4.261,35.906,0.949,2.724,0.591,0.412,0.253,0.604,2.666,0.095,9.79,18.776,6.788,0.0,0.943,0.439,0.721,bus
33.158,7.541,44.668,1.295,4.228,0.45,0.717,0.178,1.096,2.481,0.074,16.326,48.455,9.353,0.0,0.8,0.455,0.275,bus
0.152,0.003,0.463,0.005,0.245,1.0,0.049,0.008,0.047,0.094,0.0,1.827,0.83,0.012,0.0,0.08,1.0,0.048,stationary
0.125,0.042,0.782,0.002,0.939,1.0,0.077,0.001,0.044,0.193,0.0,0.263,0.622,0.501,0.0,0.094,1.0,0.051,stationary
54.664,6.329,89.274,1.509,0.817,0.311,0.419,0.298,0.389,0.95,0.107,3.368,14.869,4.373,0.0,0.901,0.447,0.536,metro
42.737,4.645,56.475,1.105,2.456,0.134,0.316,0.263,0.746,2.067,0.165,11.035,63.096,21.963,0.0,0.245,0.139,0.044,car
16.17,1.837,18.23,0.815,6.629,0.031,1.537,0.338,1.072,3.66,1.349,36.334,169.366,20.819,66.1,0.071,0.061,0.03,cycling
14.98,2.081,20.843,0.688,2.879,0.078,0.563,0.225,0.571,1.083,0.311,9.034,89.547,19.402,0.0,0.185,0.054,0.015,scooter
49.651,2.491,71.778,0.849,3.939,0.133,0.343,0.311,0.726,0.96,0.108,15.792,59.273,17.442,0.0,0.253,0.093,0.008,car
3.999,0.342,4.577,0.159,8.743,0.045,1.811,1.142,2.299,4.544,1.847,27.393,168.448,53.943,115.5,0.192,0.021,0.025,walking
32.708,7.367,52.198,0.736,3.096,0.107,0.233,0.081,0.534,1.551,0.122,12.822,50.383,10.461,0.0,0.142,0.13,0.024,car
70.621,12.821,91.994,0.639,2.033,0.426,0.485,0.058,0.42,1.607,0.145,6.459,6.157,9.457,0.0,0.884,0.428,0.383,metro
12.413,1.342,17.564,0.432,2.027,0.087,0.342,0.166,0.484,2.013,0.296,13.908,33.51,20.336,0.0,0.13,0.052,0.025,scooter
30.046,2.77,34.597,0.971,1.61,0.13,0.339,0.243,0.477,2.383,0.258,14.401,35.519,27.326,0.0,0.396,0.192,0.047,scooter
0.397,0.023,0.121,0.018,0.146,1.0,0.048,0.004,0.082,0.08,0.0,1.07,0.614,0.471,0.0,0.084,1.0,0.033,stationary
3.184,0.387,3.721,0.145,4.382,0.091,2.8,1.209,2.553,9.53,1.646,46.636,245.563,34.635,115.7,0.093,0.075,0.028,walking
27.566,1.901,33.789,0.996,1.625,0.227,0.417,0.105,0.522,2.459,0.225,19.757,21.905,24.533,0.0,0.329,0.097,0.02,scooter
33.88,7.424,47.908,0.779,2.444,0.242,0.277,0.125,0.267,1.318,0.046,9.511,33.376,22.177,0.0,0.099,0.125,0.004,car
4.809,0.143,6.53,0.345,10.31,0.114,2.298,2.22,2.187,4.627,1.667,34.994,148.988,50.214,113.3,0.172,0.097,0.04,walking
4.779,0.388,6.513,0.116,7.961,0.085,1.657,2.066,2.806,4.597,1.779,21.841,171.142,60.128,116.4,0.022,0.032,0.01,walking
11.732,3.209,15.172,0.337,5.629,0.042,1.112,1.135,1.141,4.755,1.293,24.188,162.311,21.813,65.7,0.293,0.15,0.043,cycling
19.021,2.579,23.331,0.9,3.261,0.161,1.408,1.381,1.355,4.927,1.41,30.259,98.361,35.047,76.3,0.303,0.075,0.03,cycling
19.279,2.669,21.496,0.606,6.374,0.021,1.159,0.465,1.262,2.923,1.017,34.718,125.177,25.007,90.6,0.153,0.102,0.009,cycling
0.452,0.031,0.779,0.013,0.76,1.0,0.003,0.005,0.084,0.048,0.0,1.949,0.778,1.97,0.0,0.099,1.0,0.008,stationary
3.119,0.283,4.889,0.345,4.331,0.061,2.331,2.662,2.77,9.126,1.872,33.073,143.7,39.207,124.7,0.092,0.072,0.013,walking
0.478,0.007,0.448,0.028,0.954,1.0,0.014,0.005,0.062,0.169,0.0,0.818,0.854,2.475,0.0,0.187,1.0,0.09,stationary
35.036,7.063,46.485,0.817,3.936,0.484,0.6,0.52,0.99,1.602,0.045,12.395,56.591,9.987,0.0,0.72,0.319,0.123,bus
41.585,5.182,54.938,0.779,1.38,0.131,0.387,0.32,0.737,2.054,0.194,17.994,15.476,20.786,0.0,0.374,0.167,0.009,car
17.129,3.219,24.269,0.77,3.149,0.126,0.895,1.082,1.112,3.555,1.09,31.244,196.647,25.451,67.9,0.314,0.036,0.031,cycling
46.077,3.969,58.033,0.484,3.422,0.091,0.627,0.145,0.565,1.737,0.031,11.009,46.032,14.139,0.0,0.369,0.078,0.02,car
72.397,14.869,101.022,0.643,1.564,0.231,0.167,0.26,0.526,0.759,0.169,9.476,12.406,13.581,0.0,0.885,0.274,0.18,metro
63.435,8.433,86.006,0.51,3.43,0.193,0.464,0.249,0.527,0.7,0.122,12.889,58.273,16.831,0.0,0.357,0.071,0.031,car
23.694,3.393,26.294,0.723,2.841,0.043,1.252,1.349,1.724,3.673,1.078,37.707,202.777,20.521,85.0,0.086,0.119,0.048,cycling
15.848,2.708,22.892,0.491,7.383,0.194,1.461,1.398,1.424,5.861,1.037,19.736,144.577,33.318,83.0,0.125,0.076,0.031,cycling
21.884,12.217,40.584,1.371,4.183,0.287,0.814,0.52,0.828,2.062,0.262,17.826,56.163,18.647,0.0,0.934,0.35,0.263,bus
40.152,4.223,55.648,0.956,3.92,0.082,0.241,0.338,0.514,1.541,0.203,13.712,43.005,8.28,0.0,0.385,0.152,0.018,car
0.203,0.001,0.887,0.021,0.217,1.0,0.03,0.004,0.015,0.037,0.0,1.851,0.946,2.261,0.0,0.175,1.0,0.064,stationary
4.513,0.369,5.26,0.303,5.695,0.003,1.429,1.131,2.771,8.585,1.917,54.933,202.852,56.969,97.2,0.164,0.083,0.04,walking
40.462,16.971,56.228,0.561,1.966,0.291,0.427,0.127,0.59,0.847,0.058,2.659,7.168,11.308,0.0,0.976,0.271,0.157,metro
21.996,10.498,38.973,0.864,1.093,0.293,0.558,0.289,0.94,2.346,0.171,12.273,20.312,6.339,0.0,0.849,0.277,0.214,bus
0.2,0.012,0.046,0.049,0.716,1.0,0.075,0.002,0.067,0.078,0.0,0.964,0.399,1.35,0.0,0.023,1.0,0.039,stationary
0.018,0.019,0.347,0.021,0.853,1.0,0.077,0.008,0.017,0.097,0.0,0.518,0.434,0.27,0.0,0.047,1.0,0.074,stationary
54.158,8.152,67.946,1.238,1.037,0.244,0.31,0.087,0.286,1.526,0.092,6.972,36.383,11.866,0.0,0.296,0.057,0.003,car
30.821,2.488,36.23,0.91,2.49,0.205,0.242,0.072,0.714,2.382,0.346,21.888,67.937,28.415,0.0,0.378,0.1,0.044,scooter
30.03,9.26,48.456,1.577,2.786,0.297,0.429,0.168,0.78,1.876,0.04,12.508,32.063,11.222,0.0,0.778,0.273,0.417,bus
70.828,12.985,94.478,1.528,2.178,0.234,0.22,0.199,0.33,1.298,0.121,6.19,8.444,10.701,0.0,0.939,0.321,0.721,metro
15.861,3.393,23.031,1.031,2.907,0.245,0.23,0.241,0.424,2.06,0.363,18.468,39.554,10.133,0.0,0.149,0.068,0.032,scooter
3.973,0.165,5.258,0.168,11.844,0.016,1.552,2.739,2.064,4.795,1.769,21.407,285.926,30.675,113.4,0.191,0.036,0.011,walking
67.715,12.521,94.124,0.696,2.124,0.238,0.334,0.253,0.202,0.699,0.079,6.55,29.597,4.876,0.0,0.974,0.441,0.476,metro
30.862,10.627,49.381,1.719,1.021,0.569,0.594,0.576,0.786,1.726,0.04,10.054,14.775,19.393,0.0,0.927,0.388,0.494,bus
37.714,9.552,58.071,0.583,2.265,0.164,0.362,0.131,0.295,1.946,0.241,19.097,68.51,15.483,0.0,0.362,0.192,0.004,car
12.424,3.969,18.149,0.582,6.741,0.126,0.616,1.332,1.213,3.029,1.489,42.238,117.317,26.261,85.8,0.328,0.065,0.032,cycling
35.783,7.041,45.39,1.068,3.138,0.332,0.442,0.299,0.601,1.503,0.154,5.562,28.906,8.243,0.0,0.731,0.534,0.792,bus
31.492,6.618,41.598,1.063,3.183,0.504,0.677,0.383,1.082,3.416,0.138,5.137,15.463,6.659,0.0,0.958,0.473,0.41,bus
3.369,0.301,5.032,0.162,5.313,0.079,2.156,2.564,2.684,4.684,1.735,28.256,142.908,36.175,118.2,0.12,0.022,0.035,walking
41.551,6.243,65.01,0.711,5.917,0.249,0.634,0.302,0.256,1.114,0.289,12.674,64.698,15.758,0.0,0.188,0.194,0.048,car
23.683,7.954,36.012,0.962,3.343,0.287,0.56,0.598,0.572,2.994,0.1,13.32,38.815,6.228,0.0,0.958,0.418,0.272,bus
0.123,0.045,0.54,0.046,0.154,1.0,0.008,0.003,0.071,0.179,0.0,0.81,0.988,0.471,0.0,0.176,1.0,0.003,stationary
57.491,12.587,92.46,0.849,1.887,0.355,0.359,0.22,0.654,1.724,0.104,2.282,7.931,9.297,0.0,0.947,0.289,0.333,metro
15.558,0.688,20.833,0.928,2.541,0.103,0.443,0.234,0.25,1.777,0.173,24.489,46.834,28.356,0.0,0.288,0.188,0.013,scooter
16.876,2.068,22.814,0.64,5.244,0.133,1.58,1.232,0.801,2.764,1.116,39.955,139.989,53.904,78.3,0.278,0.085,0.037,cycling
19.316,1.46,24.711,0.427,7.498,0.087,1.404,1.092,1.352,3.247,1.399,20.098,221.093,25.33,81.3,0.306,0.065,0.006,cycling
33.329,10.381,48.019,1.431,2.649,0.258,0.897,0.151,0.846,3.275,0.013,7.862,41.565,8.782,0.0,0.892,0.435,0.825,bus
12.015,3.102,15.719,1.038,2.017,0.066,0.268,0.166,0.542,1.67,0.361,22.094,32.128,13.413,0.0,0.144,0.088,0.01,scooter
52.841,3.737,81.143,1.001,3.024,0.108,0.519,0.183,0.404,0.83,0.19,6.426,52.226,24.113,0.0,0.208,0.17,0.018,car
3.649,0.559,4.652,0.305,3.264,0.13,1.644,0.853,2.178,9.036,1.941,41.091,288.45,55.612,120.8,0.208,0.047,0.047,walking
18.216,3.272,24.331,0.969,4.473,0.063,0.552,0.141,0.392,1.933,0.111,13.906,71.64,10.914,0.0,0.37,0.077,0.026,scooter
27.322,8.408,54.349,0.655,2.547,0.2,0.376,0.284,0.775,1.803,0.232,6.249,25.452,22.195,0.0,0.36,0.161,0.016,car
25.733,2.213,30.194,0.548,5.287,0.14,0.204,0.172,0.622,2.209,0.265,20.721,54.338,24.305,0.0,0.349,0.142,0.026,scooter
43.235,3.821,53.531,0.602,4.948,0.104,0.381,0.182,0.662,1.023,0.102,19.738,21.381,15.734,0.0,0.067,0.074,0.022,car
17.17,2.202,24.907,0.364,7.549,0.117,1.412,1.241,1.71,2.416,1.025,40.019,115.613,53.639,88.9,0.298,0.094,0.011,cycling
14.563,1.36,16.889,0.46,5.343,0.061,0.627,1.185,0.889,2.219,1.314,36.353,124.58,45.371,86.5,0.279,0.039,0.032,cycling
70.975,9.067,105.236,0.511,2.275,0.364,0.334,0.128,0.683,1.193,0.0,6.386,21.584,9.926,0.0,0.968,0.447,0.538,metro
5.579,0.194,6.538,0.334,6.483,0.135,2.221,2.537,2.883,8.291,1.8,41.889,390.282,41.103,115.9,0.104,0.014,0.026,walking
45.453,5.105,72.359,0.592,3.012,0.23,0.301,0.111,0.374,1.179,0.181,12.711,20.54,12.493,0.0,0.253,0.163,0.01,car
4.315,0.348,5.767,0.203,9.049,0.059,2.708,1.59,2.56,4.794,2.155,57.747,332.088,60.466,127.0,0.24,0.043,0.038,walking
26.736,0.758,36.148,0.671,5.568,0.073,0.294,0.204,0.682,2.025,0.24,19.215,71.748,31.852,0.0,0.052,0.118,0.021,scooter
52.532,22.284,74.409,0.764,0.5,0.189,0.307,0.258,0.265,1.451,0.044,8.522,13.213,5.405,0.0,0.971,0.357,0.622,metro
19.394,2.91,22.69,0.833,5.235,0.128,0.292,0.242,0.651,1.09,0.307,13.047,53.85,24.828,0.0,0.078,0.151,0.035,scooter
55.939,10.984,68.403,0.648,1.965,0.204,0.63,0.083,0.636,1.669,0.257,15.796,48.87,19.57,0.0,0.09,0.174,0.021,car
3.093,0.551,3.729,0.139,7.698,0.12,2.417,1.408,2.583,9.173,1.664,21.478,134.294,68.019,112.3,0.106,0.014,0.037,walking
16.06,15.23,28.352,1.702,4.868,0.489,0.763,0.416,0.837,1.919,0.12,7.182,48.37,6.166,0.0,0.849,0.31,0.023,bus
3.207,0.105,4.191,0.295,6.641,0.003,1.997,1.19,3.327,5.229,1.978,27.487,174.927,41.413,106.8,0.193,0.028,0.004,walking
18.707,0.548,27.601,0.84,5.256,0.072,0.47,0.052,0.548,0.912,0.131,18.35,73.219,30.901,0.0,0.385,0.05,0.047,scooter
0.267,0.047,0.288,0.048,0.702,1.0,0.03,0.004,0.042,0.186,0.0,0.982,0.996,0.947,0.0,0.046,1.0,0.054,stationary
59.464,5.263,83.545,1.497,1.57,0.267,0.523,0.25,0.456,1.408,0.179,2.256,9.487,6.436,0.0,0.944,0.254,0.591,metro
38.901,5.873,52.38,0.8,2.144,0.206,0.602,0.235,0.378,0.98,0.119,19.542,72.582,15.083,0.0,0.445,0.114,0.011,car
17.383,1.313,23.064,0.61,3.138,0.043,1.049,0.929,1.71,5.911,1.073,15.901,205.301,33.747,67.2,0.259,0.054,0.028,cycling
15.391,2.61,20.543,0.525,4.266,0.135,0.315,0.181,0.635,2.189,0.15,15.15,88.066,13.011,0.0,0.271,0.178,0.002,scooter
4.346,0.476,6.106,0.133,9.37,0.079,2.516,1.857,1.826,9.863,1.881,26.967,109.71,40.212,97.2,0.021,0.043,0.029,walking
4.096,0.234,5.503,0.199,8.705,0.133,2.437,2.846,3.126,6.428,1.657,53.39,143.732,26.241,97.5,0.175,0.064,0.049,walking
29.289,6.456,56.163,0.804,1.004,0.144,0.449,0.181,0.419,1.019,0.122,12.214,76.53,19.243,0.0,0.421,0.152,0.046,car
42.415,9.353,68.614,1.049,2.275,0.178,0.255,0.186,0.429,0.622,0.061,11.508,47.362,11.312,0.0,0.281,0.053,0.024,car
29.958,11.747,55.285,1.13,2.641,0.238,0.609,0.135,0.627,1.742,0.299,17.848,48.65,13.95,0.0,0.176,0.131,0.024,car
0.076,0.006,0.783,0.045,0.097,1.0,0.069,0.003,0.027,0.175,0.0,1.827,0.207,0.598,0.0,0.198,1.0,0.073,stationary
0.451,0.023,0.507,0.032,0.863,1.0,0.034,0.002,0.085,0.186,0.0,1.4,0.179,0.769,0.0,0.138,1.0,0.073,stationary
28.626,13.043,48.146,1.229,2.051,0.466,0.316,0.469,1.051,3.434,0.141,15.856,48.112,20.288,0.0,0.875,0.383,0.474,bus
3.226,0.319,3.91,0.237,11.155,0.106,1.589,2.67,3.315,5.785,1.784,38.721,376.254,50.999,99.2,0.055,0.046,0.03,walking
0.264,0.015,0.156,0.0,0.835,1.0,0.049,0.007,0.067,0.052,0.0,1.255,0.249,2.204,0.0,0.196,1.0,0.095,stationary
5.118,0.171,6.852,0.105,6.869,0.132,2.013,2.392,2.05,6.435,2.126,24.508,142.074,29.88,103.2,0.039,0.072,0.0,walking
12.152,3.122,20.897,0.427,5.434,0.221,0.394,0.19,0.357,1.619,0.383,19.335,73.632,12.585,0.0,0.259,0.192,0.014,scooter
31.81,5.356,50.034,1.389,3.859,0.586,0.669,0.573,0.43,1.464,0.09,8.259,54.783,12.901,0.0,0.876,0.39,0.306,bus
14.536,6.71,24.408,1.333,1.28,0.416,0.826,0.474,0.881,2.443,0.121,7.574,58.751,16.824,0.0,0.764,0.35,0.265,bus
23.718,7.227,34.0,1.509,3.339,0.565,0.526,0.593,1.035,2.194,0.193,9.412,52.955,13.618,0.0,0.726,0.357,0.487,bus
47.326,10.161,73.033,0.698,2.213,0.125,0.533,0.123,0.377,0.938,0.266,16.26,53.462,22.958,0.0,0.183,0.144,0.002,car
3.472,0.414,3.976,0.253,9.129,0.079,1.788,1.484,2.901,4.156,1.623,24.743,190.038,31.226,117.6,0.106,0.032,0.045,walking
3.213,0.397,4.615,0.398,9.165,0.023,2.326,0.81,1.737,6.096,2.125,55.252,247.078,52.468,104.1,0.033,0.011,0.009,walking
55.291,9.666,65.876,1.187,5.935,0.078,0.25,0.132,0.596,1.995,0.213,18.097,18.956,24.441,0.0,0.292,0.135,0.012,car
5.246,0.591,6.145,0.123,7.654,0.063,1.964,1.811,1.797,5.088,2.069,41.326,351.612,39.536,121.5,0.187,0.013,0.028,walking
0.379,0.016,0.016,0.008,0.913,1.0,0.054,0.007,0.045,0.081,0.0,0.34,0.785,2.258,0.0,0.041,1.0,0.063,stationary
28.171,7.292,36.762,1.736,4.384,0.529,0.749,0.207,0.437,1.646,0.245,5.301,57.796,6.563,0.0,0.701,0.276,0.352,bus
34.076,3.726,54.929,1.296,2.921,0.183,0.571,0.29,0.306,1.871,0.292,17.84,74.655,16.001,0.0,0.164,0.082,0.046,car
0.054,0.003,0.022,0.029,0.553,1.0,0.071,0.008,0.039,0.009,0.0,1.188,0.036,0.83,0.0,0.143,1.0,0.072,stationary
5.076,0.518,6.08,0.294,8.892,0.041,1.603,0.924,3.043,5.595,1.929,26.807,348.312,40.893,95.8,0.053,0.035,0.012,walking
74.026,22.945,101.283,1.584,1.561,0.363,0.279,0.119,0.539,1.313,0.157,6.358,29.798,13.702,0.0,0.994,0.471,0.292,metro
0.507,0.01,0.336,0.018,0.672,1.0,0.001,0.002,0.054,0.177,0.0,0.882,0.077,1.965,0.0,0.088,1.0,0.059,stationary
35.949,8.82,56.289,0.929,1.093,0.271,0.472,0.064,0.298,1.486,0.125,6.673,26.365,12.232,0.0,0.871,0.307,0.151,metro
21.521,3.266,32.068,1.111,3.391,0.106,0.578,0.162,0.664,2.041,0.205,10.175,77.939,13.9,0.0,0.399,0.176,0.017,scooter
43.455,18.325,64.909,1.178,1.451,0.242,0.406,0.209,0.419,1.604,0.149,3.449,6.849,13.516,0.0,0.963,0.249,0.948,metro
35.729,4.16,46.309,1.139,4.882,0.333,0.533,0.534,0.521,1.923,0.238,4.253,16.857,17.364,0.0,0.709,0.25,0.6,bus
31.29,8.663,46.107,0.67,2.978,0.333,0.796,0.515,0.746,3.215,0.036,17.797,48.863,21.697,0.0,0.854,0.345,0.218,bus
4.303,0.472,5.431,0.179,9.666,0.143,1.202,1.956,3.419,4.807,1.699,30.453,262.42,54.178,129.1,0.142,0.016,0.046,walking
44.895,6.632,72.035,0.827,1.968,0.066,0.437,0.262,0.649,0.6,0.104,13.502,77.602,17.429,0.0,0.19,0.052,0.026,car
47.684,16.522,80.391,0.751,0.931,0.323,0.33,0.225,0.639,1.434,0.111,8.419,7.145,3.517,0.0,0.99,0.262,0.315,metro
63.039,11.19,76.907,0.893,5.574,0.138,0.278,0.284,0.645,2.153,0.167,6.587,22.386,13.309,0.0,0.227,0.065,0.03,car
43.619,14.419,78.393,1.192,0.482,0.279,0.265,0.101,0.359,1.792,0.054,2.678,10.652,6.841,0.0,0.947,0.39,0.56,metro
17.255,8.204,26.688,1.55,3.249,0.298,0.439,0.502,1.067,2.618,0.299,15.541,53.984,9.015,0.0,0.89,0.498,0.07,bus
32.945,9.067,47.331,0.667,4.046,0.366,0.637,0.194,1.003,1.382,0.119,4.88,16.103,10.779,0.0,0.736,0.467,0.364,bus
57.409,4.99,67.479,1.034,5.772,0.237,0.321,0.087,0.68,2.012,0.124,9.176,15.211,10.79,0.0,0.097,0.092,0.03,car
62.752,12.156,92.271,0.58,0.469,0.275,0.425,0.121,0.455,1.061,0.188,9.272,28.457,4.235,0.0,0.99,0.282,0.369,metro
0.599,0.017,0.238,0.021,0.227,1.0,0.006,0.004,0.077,0.075,0.0,0.93,0.105,0.051,0.0,0.023,1.0,0.09,stationary
0.126,0.011,0.075,0.015,0.128,1.0,0.054,0.0,0.061,0.181,0.0,0.434,0.443,0.551,0.0,0.125,1.0,0.004,stationary
63.821,5.514,79.325,1.162,1.281,0.119,0.5,0.25,0.537,1.383,0.248,18.939,65.805,16.827,0.0,0.401,0.118,0.009,car
14.391,1.037,21.108,0.537,3.382,0.121,0.663,0.828,1.435,3.412,1.461,22.662,229.282,49.671,63.4,0.195,0.099,0.048,cycling
21.69,3.368,32.282,0.614,5.222,0.135,0.488,0.085,0.733,2.139,0.3,18.802,63.564,26.932,0.0,0.064,0.193,0.022,scooter
0.541,0.043,0.782,0.031,0.67,1.0,0.061,0.001,0.049,0.118,0.0,1.983,0.766,1.971,0.0,0.059,1.0,0.064,stationary
19.169,1.971,27.837,0.756,5.403,0.212,0.227,0.195,0.291,1.064,0.332,22.367,64.154,22.466,0.0,0.102,0.071,0.031,scooter
0.21,0.016,0.71,0.04,0.559,1.0,0.008,0.009,0.072,0.012,0.0,0.871,0.026,1.364,0.0,0.033,1.0,0.004,stationary
0.038,0.004,0.664,0.022,0.599,1.0,0.012,0.009,0.015,0.155,0.0,0.278,0.669,0.276,0.0,0.047,1.0,0.094,stationary
28.773,8.073,50.756,1.031,1.753,0.178,0.277,0.14,0.692,0.897,0.135,14.459,36.889,17.966,0.0,0.403,0.121,0.006,car
25.639,3.53,41.093,1.268,3.99,0.229,0.633,0.124,0.49,1.724,0.233,6.769,73.045,23.368,0.0,0.098,0.134,0.045,car
36.724,17.518,60.085,1.322,1.743,0.214,0.435,0.246,0.49,0.649,0.049,9.525,16.723,5.557,0.0,0.917,0.401,0.584,metro
33.139,24.54,51.883,0.699,0.843,0.408,0.36,0.199,0.418,0.897,0.048,2.998,17.985,5.524,0.0,0.934,0.252,0.205,metro
59.357,12.769,91.44,1.313,0.746,0.291,0.414,0.259,0.672,1.096,0.155,8.94,6.162,11.977,0.0,0.958,0.4,0.685,metro
14.075,1.615,25.463,0.484,1.633,0.14,0.384,0.147,0.656,1.479,0.235,16.358,31.015,25.268,0.0,0.338,0.065,0.043,scooter
0.319,0.014,0.477,0.046,0.538,1.0,0.033,0.004,0.011,0.177,0.0,0.038,0.996,2.172,0.0,0.057,1.0,0.005,stationary
28.13,13.764,41.669,0.83,1.222,0.466,0.388,0.56,0.955,1.811,0.078,15.843,43.474,6.838,0.0,0.856,0.271,0.128,bus
32.652,5.569,55.73,0.886,3.176,0.202,0.273,0.1,0.719,0.808,0.084,8.426,66.36,21.666,0.0,0.238,0.191,0.045,car
16.955,9.971,29.12,1.124,3.0,0.271,0.44,0.432,0.532,1.731,0.187,9.266,21.83,6.937,0.0,0.797,0.545,0.849,bus
57.803,4.887,72.188,0.953,1.917,0.219,0.483,0.087,0.707,1.325,0.172,5.639,78.254,7.974,0.0,0.446,0.06,0.032,car
5.443,0.327,6.04,0.367,7.807,0.073,1.319,2.524,2.381,8.628,1.86,58.421,216.408,49.062,122.9,0.191,0.082,0.004,walking
54.719,4.927,81.398,0.892,1.675,0.159,0.31,0.323,0.26,1.828,0.033,7.767,18.485,15.063,0.0,0.237,0.104,0.023,car
28.342,9.33,47.651,1.681,4.237,0.487,0.816,0.23,0.836,2.094,0.076,10.701,56.365,11.492,0.0,0.772,0.491,0.763,bus
30.182,12.962,49.788,1.738,3.128,0.58,0.538,0.554,0.755,3.066,0.05,16.307,13.236,13.988,0.0,0.826,0.262,0.118,bus
37.955,6.252,61.753,1.034,0.906,0.369,0.246,0.296,0.447,1.473,0.149,3.356,27.262,4.118,0.0,0.951,0.251,0.219,metro
0.599,0.029,0.004,0.002,0.577,1.0,0.003,0.001,0.08,0.116,0.0,1.641,0.551,0.746,0.0,0.118,1.0,0.063,stationary
20.264,0.843,26.638,0.87,6.841,0.032,0.899,1.257,1.283,5.811,1.419,32.6,167.493,28.908,63.4,0.129,0.135,0.041,cycling
5.713,0.314,6.519,0.383,7.377,0.114,1.859,2.611,3.273,5.458,1.794,56.582,153.638,56.843,106.3,0.098,0.042,0.031,walking
5.05,0.439,5.987,0.237,10.878,0.146,2.631,1.626,2.01,6.27,2.05,25.797,242.527,41.95,109.8,0.228,0.063,0.005,walking
12.842,1.721,18.108,0.413,4.999,0.102,1.046,0.855,1.987,2.024,1.161,27.094,71.249,52.018,78.2,0.251,0.117,0.036,cycling
3.541,0.169,5.339,0.138,8.375,0.109,2.73,1.205,2.612,6.719,1.697,42.449,251.848,67.282,120.0,0.066,0.013,0.006,walking
0.167,0.025,0.268,0.046,0.747,1.0,0.006,0.008,0.002,0.033,0.0,1.948,0.406,0.669,0.0,0.09,1.0,0.091,stationary
36.692,3.103,46.866,0.86,4.496,0.248,0.474,0.064,0.69,1.834,0.178,10.579,74.217,15.592,0.0,0.23,0.063,0.043,car
3.074,0.404,4.591,0.305,7.229,0.08,1.893,1.174,2.599,4.524,1.654,24.144,151.571,35.686,98.1,0.204,0.055,0.049,walking
16.109,9.168,30.146,1.42,4.694,0.344,0.706,0.447,0.56,1.459,0.031,9.42,56.086,9.201,0.0,0.757,0.485,0.57,bus
31.706,5.626,41.789,0.916,3.275,0.162,0.229,0.238,0.3,2.065,0.288,13.266,48.287,19.199,0.0,0.309,0.147,0.018,car
0.572,0.021,0.294,0.042,0.827,1.0,0.034,0.003,0.063,0.046,0.0,0.083,0.261,1.897,0.0,0.106,1.0,0.024,stationary
21.455,1.929,26.528,0.523,3.765,0.044,0.741,1.008,0.852,5.736,1.391,39.665,222.774,24.255,67.5,0.23,0.146,0.013,cycling
14.569,3.665,17.924,0.363,6.449,0.165,0.981,0.797,1.913,4.948,1.401,26.978,133.014,20.011,70.2,0.134,0.146,0.04,cycling
5.602,0.206,7.026,0.31,4.98,0.095,1.912,2.442,1.721,4.242,1.917,52.586,219.047,60.124,99.3,0.008,0.035,0.012,walking
15.826,13.288,26.732,0.626,2.252,0.278,0.846,0.303,1.011,1.215,0.051,10.106,41.288,17.161,0.0,0.768,0.261,0.285,bus
0.26,0.044,0.867,0.024,0.028,1.0,0.008,0.007,0.034,0.038,0.0,0.553,0.684,0.828,0.0,0.144,1.0,0.028,stationary
14.057,2.487,16.568,0.765,2.908,0.192,0.792,0.726,0.994,3.996,1.195,18.994,91.422,43.044,79.4,0.12,0.118,0.014,cycling
62.083,13.654,80.964,1.213,0.626,0.163,0.189,0.284,0.479,1.131,0.169,8.947,5.156,6.964,0.0,0.861,0.463,0.63,metro
20.785,2.091,23.79,0.354,7.571,0.159,0.88,0.82,1.08,5.667,1.143,26.292,146.057,35.353,88.0,0.055,0.038,0.007,cycling
54.526,9.878,79.767,1.229,4.464,0.147,0.5,0.115,0.62,1.636,0.137,5.472,49.903,15.137,0.0,0.257,0.133,0.024,car
17.546,2.738,25.082,0.771,3.434,0.052,0.481,0.097,0.324,1.568,0.376,8.151,83.955,27.207,0.0,0.165,0.096,0.048,scooter
32.742,7.784,49.908,0.53,2.383,0.228,0.541,0.187,0.652,1.643,0.055,8.975,24.976,7.124,0.0,0.972,0.282,0.164,metro
19.475,7.436,36.028,1.115,3.996,0.364,0.519,0.509,0.445,2.378,0.035,11.813,53.177,14.898,0.0,0.757,0.389,0.596,bus
18.829,1.363,22.058,0.492,2.08,0.052,1.289,0.335,1.518,5.109,1.338,35.671,99.461,32.847,67.1,0.312,0.127,0.044,cycling
11.144,1.779,15.529,0.511,3.283,0.037,1.194,0.838,1.22,5.444,1.352,30.3,136.034,32.4,81.3,0.079,0.037,0.029,cycling
13.884,3.475,21.523,0.441,3.579,0.132,0.259,0.12,0.275,1.379,0.271,14.324,61.682,31.943,0.0,0.062,0.193,0.032,scooter
63.727,15.189,90.142,0.684,0.37,0.387,0.376,0.193,0.447,0.697,0.171,7.775,14.383,5.181,0.0,0.906,0.487,0.565,metro
37.624,8.395,49.745,1.789,3.085,0.42,0.352,0.486,0.891,1.661,0.258,15.137,31.479,11.964,0.0,0.751,0.326,0.011,bus
67.807,14.515,85.276,1.297,1.699,0.359,0.383,0.213,0.328,1.763,0.036,3.946,14.553,6.908,0.0,0.897,0.243,0.254,metro
27.787,8.842,51.13,0.413,2.387,0.147,0.545,0.095,0.557,1.73,0.007,10.819,63.8,19.621,0.0,0.377,0.105,0.047,car
56.115,11.99,78.599,1.137,2.091,0.108,0.388,0.252,0.651,2.031,0.294,6.281,20.152,14.202,0.0,0.422,0.102,0.016,car
31.471,13.095,42.725,0.743,4.686,0.495,0.713,0.35,0.951,2.02,0.014,5.356,17.745,13.921,0.0,0.8,0.538,0.473,bus
31.05,5.287,44.39,1.603,4.548,0.542,0.528,0.417,0.908,2.951,0.054,4.157,36.826,21.304,0.0,0.958,0.307,0.584,bus
36.354,11.846,53.298,0.629,4.595,0.275,0.304,0.582,0.702,1.975,0.064,17.818,46.443,21.31,0.0,0.862,0.363,0.592,bus
61.746,9.325,77.72,0.715,1.204,0.389,0.221,0.169,0.671,1.769,0.187,8.826,21.015,5.106,0.0,0.873,0.203,0.71,metro
0.539,0.017,0.361,0.01,0.432,1.0,0.067,0.002,0.038,0.184,0.0,0.688,0.576,0.707,0.0,0.014,1.0,0.002,stationary
31.516,10.677,52.752,0.933,3.148,0.239,0.33,0.306,0.385,0.739,0.038,5.838,57.573,19.95,0.0,0.062,0.159,0.025,car
0.333,0.028,0.755,0.017,0.411,1.0,0.068,0.009,0.018,0.045,0.0,0.623,0.264,0.165,0.0,0.033,1.0,0.078,stationary
0.239,0.016,0.125,0.035,0.886,1.0,0.058,0.009,0.034,0.12,0.0,0.212,0.323,2.463,0.0,0.164,1.0,0.023,stationary
21.112,13.492,35.604,1.014,3.604,0.279,0.599,0.542,0.899,3.304,0.25,10.676,27.127,11.548,0.0,0.935,0.348,0.776,bus
20.429,1.898,28.863,0.541,4.533,0.222,0.246,0.195,0.709,1.832,0.188,20.937,86.169,10.331,0.0,0.137,0.065,0.0,scooter
0.115,0.047,0.224,0.007,0.122,1.0,0.044,0.002,0.052,0.092,0.0,0.953,0.944,0.319,0.0,0.127,1.0,0.063,stationary
15.469,1.337,23.313,0.508,5.286,0.129,0.27,0.241,0.62,1.593,0.061,18.563,31.711,20.451,0.0,0.209,0.167,0.018,scooter
15.343,2.116,21.732,0.657,4.084,0.156,0.208,0.153,0.42,1.326,0.351,21.974,70.335,24.229,0.0,0.059,0.175,0.033,scooter
15.746,3.829,19.051,0.348,6.229,0.145,1.263,1.188,1.408,5.039,1.008,37.693,148.147,26.888,83.6,0.062,0.12,0.016,cycling
0.025,0.028,0.065,0.005,0.296,1.0,0.06,0.009,0.027,0.134,0.0,1.045,0.103,1.748,0.0,0.045,1.0,0.048,stationary
23.145,15.402,37.093,0.837,2.836,0.436,0.414,0.243,0.812,1.737,0.119,10.261,18.981,17.741,0.0,0.773,0.484,0.457,bus
17.668,2.206,23.721,0.3,7.444,0.139,1.446,0.472,1.344,5.015,1.03,18.185,116.892,20.342,71.1,0.055,0.103,0.049,cycling
3.004,0.391,3.767,0.242,3.036,0.147,1.732,0.877,2.729,7.958,2.148,45.521,251.439,35.795,111.4,0.178,0.095,0.029,walking
5.32,0.226,6.945,0.362,3.5,0.059,2.103,1.271,1.602,5.483,1.789,20.759,220.4,53.901,103.9,0.005,0.041,0.027,walking
68.689,19.605,91.449,1.37,2.008,0.188,0.387,0.179,0.509,1.408,0.037,5.518,12.147,4.379,0.0,0.919,0.364,0.567,metro
4.196,0.404,4.848,0.141,8.277,0.118,2.355,2.502,2.393,6.167,1.804,48.383,248.462,50.189,128.9,0.233,0.069,0.021,walking
23.229,5.116,40.496,1.56,2.974,0.271,0.341,0.113,0.719,2.775,0.032,6.832,55.974,13.534,0.0,0.97,0.421,0.196,bus
23.318,9.664,40.522,0.936,2.133,0.271,0.677,0.209,0.832,2.562,0.293,17.748,32.209,13.627,0.0,0.756,0.439,0.446,bus
38.561,19.332,70.976,1.242,0.519,0.373,0.272,0.292,0.25,1.463,0.093,5.39,21.224,12.907,0.0,0.949,0.347,0.346,metro
17.664,1.527,24.493,0.752,6.112,0.129,1.476,1.092,0.868,5.481,1.428,30.033,88.019,48.97,65.0,0.068,0.113,0.044,cycling
0.389,0.046,0.745,0.026,0.758,1.0,0.062,0.01,0.034,0.162,0.0,0.514,0.247,1.061,0.0,0.026,1.0,0.054,stationary
4.786,0.323,6.002,0.363,9.878,0.019,1.503,2.936,1.984,4.214,2.161,21.842,148.312,52.656,122.3,0.102,0.088,0.04,walking
21.899,2.131,29.481,0.321,3.69,0.151,0.815,0.309,0.85,4.011,1.146,36.56,171.414,53.609,72.6,0.185,0.053,0.01,cycling
23.367,8.428,34.661,0.836,4.532,0.439,0.592,0.104,0.846,2.373,0.244,16.589,50.84,16.31,0.0,0.845,0.35,0.724,bus
14.391,3.846,19.453,0.878,3.747,0.038,1.513,0.425,1.058,2.884,1.388,22.346,248.027,34.528,64.8,0.261,0.076,0.004,cycling
0.245,0.036,0.606,0.012,0.389,1.0,0.047,0.009,0.069,0.124,0.0,0.122,0.464,1.392,0.0,0.135,1.0,0.086,stationary
4.141,0.363,4.91,0.146,4.821,0.12,2.177,2.243,1.541,9.327,1.635,31.32,257.074,45.593,102.5,0.086,0.037,0.033,walking
24.375,2.311,33.846,1.069,4.827,0.127,0.459,0.228,0.615,1.298,0.06,10.062,89.709,30.086,0.0,0.162,0.105,0.017,scooter
0.228,0.018,0.632,0.044,0.23,1.0,0.076,0.005,0.059,0.061,0.0,1.434,0.251,1.74,0.0,0.064,1.0,0.037,stationary
16.577,2.049,23.16,0.77,5.568,0.022,1.089,0.948,1.154,2.188,1.204,24.261,123.743,43.607,83.0,0.346,0.08,0.036,cycling
59.701,8.919,83.684,0.949,2.672,0.102,0.403,0.217,0.401,0.833,0.082,17.974,75.699,19.011,0.0,0.364,0.183,0.015,car
0.433,0.044,0.155,0.001,0.673,1.0,0.006,0.01,0.059,0.001,0.0,1.271,0.43,1.553,0.0,0.0,1.0,0.034,stationary
4.121,0.272,5.014,0.196,6.962,0.039,2.312,3.02,2.522,8.488,1.655,32.465,283.151,43.409,99.9,0.241,0.023,0.015,walking
35.049,14.148,49.075,1.316,3.595,0.503,0.845,0.187,0.935,3.309,0.069,14.563,28.439,10.259,0.0,0.794,0.315,0.774,bus
0.331,0.023,0.852,0.023,0.257,1.0,0.038,0.005,0.041,0.04,0.0,1.906,0.968,0.798,0.0,0.127,1.0,0.007,stationary
53.147,23.492,87.354,0.771,0.986,0.407,0.183,0.232,0.226,0.519,0.141,7.448,23.177,5.102,0.0,0.965,0.262,0.845,metro
69.717,18.323,102.085,1.211,1.144,0.338,0.457,0.217,0.211,1.245,0.085,8.97,23.354,4.371,0.0,0.96,0.246,0.159,metro
4.527,0.374,6.146,0.171,6.06,0.135,1.974,1.756,2.764,7.213,1.928,59.681,195.867,52.883,97.4,0.205,0.034,0.019,walking
29.056,12.903,42.911,1.193,2.057,0.43,0.425,0.153,1.085,2.0,0.203,4.392,13.487,15.25,0.0,0.72,0.32,0.568,bus
42.728,8.043,55.473,0.925,1.383,0.168,0.313,0.098,0.451,0.834,0.156,10.621,50.42,16.55,0.0,0.238,0.137,0.009,car
0.086,0.021,0.695,0.043,0.169,1.0,0.069,0.004,0.022,0.199,0.0,1.496,0.796,0.655,0.0,0.046,1.0,0.008,stationary
0.121,0.041,0.699,0.011,0.727,1.0,0.07,0.005,0.008,0.03,0.0,0.083,0.248,0.939,0.0,0.184,1.0,0.013,stationary
47.027,9.061,57.063,1.035,3.044,0.092,0.457,0.054,0.537,0.703,0.135,16.454,72.925,13.498,0.0,0.417,0.109,0.023,car
11.203,2.48,18.625,0.86,3.076,0.089,0.867,1.238,1.436,5.235,1.395,36.053,159.965,44.391,74.0,0.098,0.098,0.039,cycling
27.229,10.799,39.32,1.372,1.867,0.527,0.486,0.562,0.511,3.195,0.051,6.784,29.608,15.115,0.0,0.754,0.427,0.595,bus
31.001,10.11,44.465,1.628,2.799,0.593,0.407,0.319,0.701,1.24,0.141,13.318,42.364,7.863,0.0,0.771,0.303,0.366,bus
0.18,0.037,0.384,0.032,0.543,1.0,0.019,0.009,0.03,0.192,0.0,1.566,0.655,2.489,0.0,0.109,1.0,0.014,stationary
0.4,0.02,0.321,0.016,0.286,1.0,0.004,0.006,0.028,0.169,0.0,0.598,0.27,1.273,0.0,0.033,1.0,0.003,stationary
61.373,7.204,94.383,1.196,0.795,0.187,0.251,0.238,0.304,1.009,0.106,7.71,21.757,12.262,0.0,0.893,0.481,0.467,metro
20.07,12.349,34.49,0.736,1.348,0.381,0.543,0.251,0.61,3.436,0.026,4.934,34.563,19.459,0.0,0.703,0.461,0.097,bus
4.29,0.459,5.978,0.256,10.384,0.03,2.147,1.895,2.071,7.698,1.774,25.469,176.56,46.607,107.9,0.208,0.061,0.023,walking
17.556,0.77,23.595,0.6,4.158,0.109,0.594,0.094,0.67,0.834,0.062,23.837,84.95,21.949,0.0,0.259,0.121,0.0,scooter
0.571,0.013,0.756,0.045,0.521,1.0,0.065,0.007,0.089,0.11,0.0,1.879,0.651,1.361,0.0,0.096,1.0,0.022,stationary
16.757,3.052,22.884,0.346,7.444,0.112,1.018,1.178,1.194,4.426,1.421,21.008,222.837,45.842,70.9,0.119,0.119,0.031,cycling
3.715,0.307,4.358,0.276,8.809,0.065,1.713,1.304,2.238,4.646,1.875,31.408,366.522,37.552,128.0,0.141,0.046,0.038,walking
0.209,0.008,0.311,0.035,0.415,1.0,0.01,0.01,0.054,0.078,0.0,0.483,0.518,0.044,0.0,0.02,1.0,0.031,stationary
25.175,0.776,32.816,0.722,2.569,0.16,0.552,0.233,0.511,1.031,0.151,16.87,54.25,12.187,0.0,0.283,0.176,0.05,scooter
25.89,9.447,51.523,0.95,3.893,0.224,0.638,0.34,0.708,1.313,0.281,9.407,73.539,12.768,0.0,0.337,0.121,0.003,car
23.742,3.327,36.929,0.543,1.867,0.115,0.463,0.313,0.656,2.169,0.18,14.039,42.995,21.919,0.0,0.435,0.123,0.036,car
35.841,5.195,48.894,0.566,4.19,0.08,0.583,0.255,0.331,2.161,0.137,7.176,39.298,8.335,0.0,0.322,0.173,0.026,car
69.696,16.009,92.814,1.202,0.283,0.361,0.198,0.224,0.249,0.83,0.002,8.938,18.763,13.928,0.0,0.892,0.343,0.647,metro
16.842,10.515,35.308,1.567,3.871,0.324,0.305,0.13,0.797,1.657,0.093,5.009,33.493,17.664,0.0,0.775,0.251,0.564,bus
33.986,14.507,48.366,1.184,4.319,0.534,0.482,0.247,0.64,1.839,0.101,8.539,18.318,12.198,0.0,0.947,0.441,0.138,bus
15.773,3.133,18.854,0.461,5.234,0.108,0.252,0.089,0.742,1.196,0.257,14.23,23.627,20.758,0.0,0.265,0.182,0.038,scooter
0.269,0.05,0.804,0.022,0.358,1.0,0.015,0.006,0.054,0.144,0.0,0.481,0.608,0.734,0.0,0.185,1.0,0.012,stationary
19.71,1.676,29.563,0.964,5.041,0.187,0.286,0.132,0.354,1.473,0.132,19.342,67.232,26.227,0.0,0.356,0.183,0.003,scooter
21.196,14.484,30.138,1.085,3.654,0.58,0.319,0.108,0.921,1.646,0.005,9.378,13.523,10.294,0.0,0.968,0.445,0.111,bus
28.607,6.798,42.59,0.786,4.84,0.143,0.262,0.102,0.794,1.002,0.038,16.315,28.798,12.447,0.0,0.252,0.148,0.045,car
18.807,11.717,33.165,0.601,4.655,0.554,0.655,0.403,0.647,2.057,0.08,6.607,39.307,6.825,0.0,0.928,0.533,0.181,bus
61.386,14.442,91.818,0.523,1.498,0.441,0.278,0.16,0.674,1.351,0.039,2.503,17.08,7.724,0.0,0.955,0.445,0.281,metro
52.177,7.104,69.693,0.591,5.47,0.192,0.217,0.236,0.434,1.677,0.227,17.89,71.643,15.685,0.0,0.174,0.07,0.044,car
14.899,3.052,20.512,0.81,2.78,0.156,1.495,0.965,1.043,5.248,1.323,42.668,54.352,54.688,79.8,0.262,0.123,0.008,cycling
27.215,8.147,54.779,0.629,1.894,0.059,0.304,0.334,0.42,2.087,0.17,9.49,46.809,18.892,0.0,0.158,0.193,0.016,car
0.512,0.006,0.772,0.027,0.323,1.0,0.022,0.0,0.01,0.043,0.0,0.913,0.289,1.337,0.0,0.137,1.0,0.072,stationary
68.714,11.632,87.592,0.77,1.848,0.304,0.297,0.23,0.699,0.518,0.033,6.662,21.433,5.847,0.0,0.925,0.447,0.61,metro
23.192,3.98,31.172,0.799,5.634,0.121,0.683,0.791,1.833,5.567,1.414,28.699,206.891,37.825,76.0,0.235,0.088,0.017,cycling
40.351,11.264,66.877,0.79,2.349,0.207,0.321,0.217,0.617,0.915,0.074,7.255,21.847,7.342,0.0,0.933,0.467,0.449,metro
49.235,9.199,67.776,1.229,5.482,0.221,0.612,0.182,0.604,2.062,0.063,7.711,32.865,10.723,0.0,0.443,0.052,0.003,car
24.954,4.684,33.891,0.626,2.796,0.261,0.303,0.5,0.66,2.904,0.028,12.312,18.704,17.548,0.0,0.946,0.347,0.513,bus
4.015,0.351,5.408,0.259,3.646,0.033,2.088,1.645,3.084,8.693,1.785,24.684,187.254,57.439,105.9,0.099,0.011,0.025,walking
3.646,0.598,5.115,0.174,5.153,0.083,1.293,1.065,3.245,4.608,1.836,34.984,295.394,36.173,108.1,0.069,0.017,0.038,walking
43.387,7.408,64.915,0.514,5.191,0.098,0.487,0.201,0.307,0.745,0.045,16.631,47.846,23.711,0.0,0.229,0.093,0.042,car
27.705,1.331,31.069,0.401,3.069,0.154,0.404,0.204,0.678,1.515,0.091,23.981,30.99,12.527,0.0,0.182,0.114,0.024,scooter
19.622,2.807,25.234,0.978,3.91,0.111,0.546,0.183,0.302,1.017,0.329,16.856,84.242,19.427,0.0,0.096,0.058,0.049,scooter
30.88,2.554,33.936,0.928,5.959,0.222,0.46,0.141,0.558,1.162,0.25,21.467,74.841,13.246,0.0,0.114,0.192,0.028,scooter
32.312,21.443,47.804,1.325,1.844,0.367,0.295,0.097,0.428,1.06,0.089,5.696,28.568,7.548,0.0,0.959,0.471,0.939,metro
25.351,5.681,41.993,1.024,1.72,0.216,0.471,0.325,0.686,2.071,0.17,5.115,72.905,24.374,0.0,0.395,0.179,0.024,car
18.952,1.798,27.197,0.612,5.243,0.099,0.572,0.23,0.658,2.341,0.323,20.394,55.049,31.647,0.0,0.067,0.074,0.011,scooter
32.936,2.522,42.941,0.984,1.757,0.151,0.314,0.224,0.286,1.762,0.109,19.894,41.524,13.778,0.0,0.418,0.105,0.006,car
13.048,3.205,15.677,0.86,5.229,0.154,1.22,0.365,1.5,2.288,1.121,16.847,133.989,36.907,91.5,0.224,0.132,0.043,cycling
14.14,3.149,22.616,0.612,5.878,0.214,0.366,0.098,0.568,2.08,0.103,19.642,27.917,30.868,0.0,0.056,0.092,0.031,scooter
20.442,2.016,23.894,0.679,2.555,0.159,1.282,0.523,0.959,2.374,1.377,18.477,241.985,41.263,94.8,0.109,0.054,0.021,cycling
26.093,1.328,35.185,1.085,1.569,0.211,0.248,0.217,0.441,2.301,0.14,20.894,61.32,17.072,0.0,0.376,0.077,0.035,scooter
16.171,3.58,18.316,0.595,2.567,0.171,1.547,0.528,1.885,5.381,1.32,37.647,156.698,47.254,80.2,0.336,0.075,0.018,cycling
24.228,0.644,34.196,0.647,4.219,0.237,0.27,0.092,0.712,1.444,0.38,15.548,75.17,30.188,0.0,0.252,0.075,0.008,scooter
39.685,22.571,69.448,1.176,1.338,0.402,0.157,0.078,0.344,0.892,0.075,2.423,23.466,3.553,0.0,0.939,0.413,0.306,metro
0.428,0.046,0.01,0.035,0.552,1.0,0.051,0.005,0.083,0.14,0.0,1.669,0.46,1.057,0.0,0.154,1.0,0.01,stationary
45.58,8.196,72.656,1.039,5.757,0.171,0.536,0.296,0.644,1.164,0.051,12.318,15.968,24.327,0.0,0.22,0.122,0.034,car
16.197,1.194,23.623,0.6,4.672,0.209,0.35,0.152,0.369,1.783,0.149,18.564,79.915,10.724,0.0,0.364,0.174,0.017,scooter
44.219,2.685,64.046,0.652,1.319,0.112,0.219,0.267,0.567,1.925,0.147,9.123,41.892,22.548,0.0,0.213,0.065,0.034,car
15.696,1.982,22.443,0.763,4.992,0.133,0.644,0.496,1.18,3.173,1.305,42.476,51.296,21.272,84.0,0.055,0.118,0.048,cycling
18.144,1.834,22.698,0.871,6.237,0.136,1.067,0.96,1.61,5.115,1.072,16.491,116.105,23.165,84.2,0.284,0.12,0.007,cycling
4.568,0.514,6.108,0.135,9.778,0.038,2.331,1.599,1.744,4.969,2.057,39.23,340.14,49.581,115.5,0.01,0.072,0.015,walking
0.202,0.043,0.682,0.008,0.388,1.0,0.046,0.004,0.086,0.138,0.0,1.592,0.656,1.864,0.0,0.009,1.0,0.061,stationary
5.008,0.277,6.647,0.27,4.432,0.059,1.254,2.683,1.861,5.641,1.939,39.134,302.491,29.745,107.8,0.047,0.041,0.016,walking
30.955,15.087,50.251,0.877,2.241,0.336,0.411,0.155,0.432,1.887,0.027,12.519,32.893,10.205,0.0,0.922,0.296,0.303,bus
22.576,1.464,27.232,0.682,2.986,0.152,1.014,0.98,0.936,2.077,1.069,43.8,186.315,51.871,78.0,0.201,0.028,0.047,cycling
35.944,23.71,56.703,1.205,1.858,0.224,0.229,0.167,0.342,1.43,0.035,8.115,20.905,7.509,0.0,0.86,0.225,0.173,metro
18.08,2.139,20.658,0.398,4.735,0.047,1.153,0.912,1.383,3.905,1.16,22.403,248.826,22.963,70.2,0.102,0.122,0.036,cycling
4.418,0.224,5.529,0.258,6.848,0.049,2.041,2.832,2.61,6.654,1.792,20.87,197.861,61.987,123.6,0.112,0.086,0.037,walking
12.085,2.042,20.812,0.847,2.909,0.088,0.331,0.087,0.537,1.085,0.338,17.659,22.755,24.794,0.0,0.17,0.108,0.037,scooter
18.096,1.319,20.139,0.706,5.974,0.099,0.948,0.978,1.753,4.453,1.2,26.581,145.678,19.398,62.1,0.076,0.028,0.047,cycling
0.062,0.031,0.786,0.043,0.992,1.0,0.007,0.0,0.084,0.101,0.0,0.574,0.414,1.884,0.0,0.183,1.0,0.011,stationary
34.187,10.441,42.755,0.68,2.027,0.297,0.323,0.37,0.822,2.494,0.235,13.947,55.554,7.973,0.0,0.786,0.389,0.595,bus
26.187,8.265,36.736,0.822,1.769,0.394,0.589,0.515,0.412,1.346,0.189,8.879,50.358,13.045,0.0,0.884,0.281,0.296,bus
69.768,15.325,84.838,1.484,0.44,0.303,0.507,0.066,0.691,1.071,0.086,4.808,29.665,13.851,0.0,0.887,0.337,0.418,metro
0.212,0.029,0.495,0.002,0.236,1.0,0.017,0.009,0.084,0.128,0.0,0.709,0.523,0.046,0.0,0.104,1.0,0.095,stationary
0.185,0.035,0.37,0.042,0.628,1.0,0.062,0.001,0.066,0.016,0.0,1.524,0.23,1.312,0.0,0.191,1.0,0.052,stationary
0.092,0.024,0.756,0.045,0.298,1.0,0.002,0.008,0.05,0.18,0.0,0.285,0.63,0.818,0.0,0.144,1.0,0.074,stationary
14.241,13.397,23.573,1.453,3.643,0.34,0.453,0.228,0.479,1.677,0.158,11.172,28.221,21.438,0.0,0.732,0.303,0.768,bus
16.757,11.125,26.409,1.545,2.496,0.58,0.489,0.18,0.673,1.23,0.023,6.686,59.293,12.938,0.0,0.802,0.349,0.327,bus
19.519,2.024,29.656,1.059,5.826,0.16,0.544,0.236,0.689,2.142,0.054,15.674,46.409,25.214,0.0,0.338,0.186,0.0,scooter
40.182,16.819,58.554,1.087,1.404,0.361,0.367,0.2,0.275,1.585,0.012,3.461,19.771,10.708,0.0,0.888,0.335,0.843,metro
21.161,2.24,23.524,0.447,6.148,0.175,1.156,0.716,1.457,5.935,1.338,44.779,186.998,32.292,60.9,0.146,0.067,0.014,cycling
11.46,3.697,15.557,0.311,4.282,0.198,1.178,1.19,1.504,5.231,1.17,42.614,70.117,36.916,60.2,0.103,0.109,0.017,cycling
21.798,14.705,33.713,1.347,2.151,0.307,0.661,0.378,0.577,2.884,0.058,10.166,25.575,18.802,0.0,0.809,0.312,0.771,bus
5.525,0.314,6.331,0.315,6.967,0.107,2.545,1.639,2.189,4.209,1.966,30.317,122.774,45.81,121.9,0.052,0.098,0.047,walking
35.633,4.548,50.09,1.225,3.041,0.399,0.576,0.377,1.004,2.833,0.297,7.229,15.929,14.538,0.0,0.911,0.258,0.046,bus
26.804,2.521,30.097,0.975,5.394,0.167,0.405,0.113,0.316,0.968,0.39,14.715,46.683,16.264,0.0,0.169,0.113,0.004,scooter
29.958,7.191,43.775,1.499,4.417,0.333,0.544,0.22,0.927,1.292,0.146,16.467,40.751,9.152,0.0,0.91,0.444,0.717,bus
54.516,8.51,75.751,1.077,2.906,0.124,0.474,0.05,0.516,0.7,0.292,11.996,61.984,7.734,0.0,0.251,0.191,0.006,car
0.541,0.049,0.821,0.034,0.851,1.0,0.051,0.006,0.075,0.175,0.0,0.065,0.292,1.569,0.0,0.19,1.0,0.08,stationary
41.142,11.283,66.436,1.238,4.939,0.179,0.586,0.321,0.51,1.008,0.056,17.926,56.493,13.122,0.0,0.317,0.141,0.004,car
0.313,0.041,0.668,0.03,0.423,1.0,0.06,0.005,0.037,0.004,0.0,1.771,0.799,0.405,0.0,0.062,1.0,0.015,stationary
49.713,10.546,70.438,0.637,2.744,0.199,0.48,0.197,0.773,1.137,0.082,16.377,56.124,12.558,0.0,0.091,0.195,0.01,car
20.64,1.244,29.118,0.587,3.861,0.14,0.532,0.197,0.521,1.293,0.307,18.758,66.245,29.115,0.0,0.12,0.162,0.019,scooter
17.949,8.925,35.333,0.618,2.312,0.414,0.44,0.48,0.451,1.254,0.232,4.893,13.13,13.616,0.0,0.778,0.397,0.33,bus
0.054,0.031,0.537,0.018,0.034,1.0,0.047,0.005,0.025,0.154,0.0,1.275,0.759,1.558,0.0,0.158,1.0,0.078,stationary
4.91,0.307,5.631,0.184,9.55,0.026,1.678,1.12,2.517,4.406,1.781,31.294,243.345,47.976,122.1,0.086,0.095,0.014,walking
0.246,0.019,0.556,0.031,0.1,1.0,0.052,0.003,0.011,0.167,0.0,0.606,0.796,0.816,0.0,0.092,1.0,0.035,stationary
5.039,0.211,6.629,0.115,4.557,0.009,1.537,1.015,1.948,5.673,1.631,41.783,153.246,41.943,95.6,0.126,0.04,0.015,walking
23.437,3.6,28.659,0.665,2.66,0.092,1.542,0.431,1.6,2.852,1.32,16.725,218.961,33.89,65.6,0.331,0.113,0.02,cycling
3.717,0.279,4.474,0.171,7.228,0.099,1.428,2.233,2.041,4.009,1.958,25.066,101.125,34.785,105.0,0.196,0.062,0.032,walking
3.435,0.164,4.89,0.332,10.144,0.148,2.046,2.544,2.653,8.842,1.695,39.995,282.243,51.548,123.2,0.187,0.054,0.047,walking
20.169,14.556,39.839,0.769,1.414,0.499,0.642,0.259,0.781,1.575,0.234,5.114,43.351,20.144,0.0,0.792,0.337,0.414,bus
31.864,10.692,53.797,1.211,5.727,0.173,0.325,0.091,0.374,1.291,0.135,6.1,64.439,16.182,0.0,0.152,0.113,0.044,car
15.322,2.737,25.813,0.67,5.048,0.225,0.232,0.174,0.477,1.597,0.157,19.797,76.779,23.232,0.0,0.32,0.06,0.015,scooter
5.4,0.246,6.176,0.276,9.063,0.014,2.371,3.101,3.129,4.377,2.099,47.664,253.237,51.003,101.3,0.116,0.05,0.021,walking
31.593,10.442,46.377,1.001,2.251,0.252,0.711,0.203,0.65,1.85,0.269,10.618,14.004,10.159,0.0,0.789,0.285,0.594,bus
51.972,24.235,80.78,1.054,0.715,0.421,0.372,0.29,0.34,1.772,0.155,2.641,13.186,3.275,0.0,0.919,0.273,0.283,metro
16.8,2.462,28.787,0.572,5.056,0.158,0.587,0.157,0.554,1.466,0.118,11.192,73.325,19.219,0.0,0.13,0.072,0.038,scooter
15.048,9.848,25.471,0.923,3.685,0.585,0.37,0.28,1.0,2.497,0.151,8.178,18.955,11.202,0.0,0.864,0.288,0.433,bus
31.705,0.656,41.279,0.754,5.222,0.136,0.302,0.132,0.683,1.819,0.222,11.901,74.425,13.212,0.0,0.243,0.097,0.047,scooter
46.582,5.19,68.271,0.591,1.808,0.237,0.638,0.076,0.317,0.757,0.246,15.023,70.067,19.776,0.0,0.141,0.051,0.031,car
4.281,0.416,5.23,0.221,8.609,0.028,2.419,3.129,2.145,6.197,1.856,25.238,220.422,37.285,120.4,0.137,0.072,0.01,walking
0.595,0.043,0.874,0.036,0.72,1.0,0.04,0.002,0.066,0.044,0.0,1.605,0.237,2.045,0.0,0.084,1.0,0.016,stationary
3.78,0.31,4.337,0.233,3.316,0.015,2.586,2.962,2.314,5.319,1.669,57.378,198.375,55.241,110.3,0.018,0.091,0.047,walking
5.495,0.358,6.422,0.168,11.804,0.018,1.468,1.545,3.02,5.798,2.117,39.357,158.327,43.116,124.2,0.092,0.017,0.008,walking
4.446,0.53,5.761,0.376,3.612,0.004,1.882,1.626,2.015,5.579,1.806,24.339,115.267,43.885,114.5,0.196,0.065,0.019,walking
60.615,10.282,86.891,0.629,2.098,0.206,0.258,0.161,0.543,0.726,0.154,5.229,28.275,10.423,0.0,0.93,0.265,0.659,metro
13.975,2.746,20.84,0.612,5.523,0.15,1.568,0.803,1.432,2.698,1.054,23.293,111.063,38.892,72.1,0.123,0.146,0.02,cycling
11.655,3.409,18.995,0.325,6.092,0.081,0.696,0.759,1.537,3.811,1.007,31.307,186.715,44.716,69.6,0.334,0.05,0.01,cycling
70.739,7.299,98.03,1.537,0.616,0.336,0.341,0.051,0.615,1.489,0.186,2.796,15.28,10.515,0.0,0.98,0.37,0.113,metro
64.77,7.803,80.766,0.506,3.091,0.057,0.263,0.334,0.251,1.388,0.284,14.738,62.998,8.763,0.0,0.396,0.058,0.022,car
16.704,2.337,21.725,0.731,6.931,0.048,0.95,0.472,1.387,2.892,1.327,35.556,52.956,26.658,81.6,0.11,0.094,0.027,cycling
0.558,0.02,0.763,0.025,0.612,1.0,0.021,0.004,0.027,0.098,0.0,0.584,0.996,2.033,0.0,0.018,1.0,0.079,stationary
33.407,6.116,54.351,0.446,3.25,0.181,0.457,0.128,0.36,2.174,0.211,15.367,58.497,13.73,0.0,0.442,0.139,0.048,car
32.608,12.211,44.939,1.089,1.814,0.423,0.627,0.188,0.417,2.216,0.007,8.261,31.584,9.134,0.0,0.976,0.439,0.014,bus
65.539,13.606,87.584,1.378,1.509,0.382,0.359,0.217,0.36,1.13,0.142,8.385,29.029,12.216,0.0,0.895,0.377,0.84,metro
35.071,4.826,51.824,0.665,1.581,0.338,0.496,0.225,0.649,3.294,0.268,5.349,42.454,16.708,0.0,0.873,0.544,0.409,bus
30.603,11.765,55.308,0.701,3.987,0.052,0.46,0.26,0.436,1.886,0.291,18.377,38.884,14.778,0.0,0.164,0.069,0.043,car
56.0,9.197,74.659,0.802,5.492,0.106,0.381,0.225,0.721,1.62,0.19,8.34,46.274,20.643,0.0,0.398,0.193,0.016,car
23.45,1.894,26.797,0.389,4.628,0.065,1.144,0.51,1.301,5.929,1.304,35.542,187.914,23.693,68.3,0.196,0.034,0.041,cycling
53.893,7.346,70.179,1.235,3.261,0.106,0.236,0.208,0.48,1.84,0.085,19.27,26.104,13.447,0.0,0.379,0.175,0.006,car
3.457,0.372,4.977,0.215,3.699,0.044,2.207,1.923,2.908,4.239,1.97,48.592,303.953,43.607,107.6,0.01,0.01,0.007,walking
73.89,5.61,91.282,0.77,2.285,0.403,0.225,0.102,0.39,1.191,0.044,3.258,22.989,9.869,0.0,0.916,0.429,0.539,metro
34.64,12.092,51.376,1.418,1.283,0.337,0.543,0.512,0.796,3.337,0.053,7.984,26.538,17.798,0.0,0.884,0.364,0.589,bus
0.432,0.013,0.112,0.026,0.726,1.0,0.018,0.0,0.065,0.03,0.0,1.29,0.379,0.364,0.0,0.141,1.0,0.085,stationary
13.755,1.396,19.981,0.316,2.722,0.172,1.153,1.192,1.404,2.73,1.387,43.749,178.125,39.023,91.0,0.199,0.045,0.029,cycling
31.827,1.622,38.299,0.543,5.883,0.087,0.554,0.114,0.286,2.39,0.087,13.954,44.44,20.889,0.0,0.281,0.182,0.037,scooter
3.855,0.218,5.352,0.129,5.012,0.104,1.845,1.801,2.875,6.616,2.03,22.029,284.552,57.052,126.7,0.007,0.043,0.002,walking
25.311,2.725,35.505,1.075,5.017,0.108,0.242,0.219,0.488,2.13,0.102,10.727,54.273,12.668,0.0,0.151,0.116,0.047,scooter
0.146,0.0,0.011,0.011,0.476,1.0,0.051,0.003,0.008,0.095,0.0,1.854,0.556,1.719,0.0,0.164,1.0,0.093,stationary
25.248,1.376,29.35,1.092,3.308,0.127,0.544,0.096,0.561,1.712,0.133,9.15,84.548,27.644,0.0,0.156,0.068,0.015,scooter
0.011,0.005,0.894,0.035,0.099,1.0,0.013,0.005,0.058,0.123,0.0,0.936,0.651,1.27,0.0,0.128,1.0,0.039,stationary
38.422,6.781,59.421,1.17,1.46,0.117,0.345,0.052,0.482,0.93,0.283,6.997,65.105,10.443,0.0,0.326,0.104,0.013,car
23.848,4.38,40.575,1.215,1.827,0.067,0.232,0.144,0.342,1.341,0.154,5.838,16.013,14.418,0.0,0.412,0.135,0.005,car
23.409,1.098,26.286,0.822,2.126,0.036,1.494,0.779,1.122,4.896,1.185,17.369,85.491,25.127,63.3,0.244,0.07,0.045,cycling
0.446,0.024,0.053,0.016,0.126,1.0,0.024,0.003,0.019,0.041,0.0,0.342,0.065,0.275,0.0,0.049,1.0,0.089,stationary
59.881,8.386,87.898,1.579,2.46,0.406,0.487,0.095,0.661,1.554,0.199,3.787,16.966,9.143,0.0,0.862,0.429,0.63,metro
61.817,11.074,86.677,1.156,5.799,0.16,0.362,0.289,0.561,1.705,0.121,13.411,19.203,8.561,0.0,0.057,0.186,0.033,car
3.853,0.133,5.418,0.155,11.697,0.006,2.419,1.454,2.185,7.08,1.894,37.681,240.914,50.864,120.0,0.01,0.002,0.006,walking
33.647,7.149,42.697,0.824,4.805,0.324,0.557,0.589,0.604,3.445,0.188,6.137,19.393,7.872,0.0,0.72,0.364,0.849,bus
18.705,3.215,23.033,0.783,5.813,0.121,0.591,0.097,0.56,2.383,0.393,19.59,26.632,23.154,0.0,0.299,0.136,0.03,scooter
29.895,10.92,39.433,0.971,4.082,0.401,0.805,0.368,0.577,1.964,0.207,16.068,19.505,6.834,0.0,0.952,0.516,0.382,bus
4.533,0.487,5.523,0.358,10.699,0.08,1.985,1.799,1.68,7.256,1.768,38.752,330.784,47.703,115.4,0.202,0.085,0.046,walking
0.55,0.032,0.022,0.042,0.254,1.0,0.05,0.009,0.058,0.102,0.0,0.318,0.756,1.594,0.0,0.006,1.0,0.091,stationary
35.565,4.172,43.937,1.772,4.478,0.459,0.596,0.114,0.806,2.387,0.203,6.538,50.376,14.445,0.0,0.723,0.396,0.372,bus
71.676,23.251,93.577,1.246,1.548,0.393,0.247,0.253,0.396,1.609,0.189,8.513,24.995,5.641,0.0,0.962,0.447,0.903,metro
0.085,0.038,0.11,0.044,0.967,1.0,0.035,0.001,0.075,0.015,0.0,1.787,0.621,0.544,0.0,0.127,1.0,0.016,stationary
43.448,18.672,59.0,0.978,0.673,0.339,0.232,0.094,0.332,1.625,0.197,3.15,9.287,4.564,0.0,0.879,0.243,0.825,metro
24.838,7.294,54.459,1.044,5.45,0.172,0.643,0.154,0.549,1.644,0.137,18.692,69.85,16.961,0.0,0.448,0.102,0.04,car
35.94,10.013,51.925,1.515,3.018,0.362,0.543,0.178,0.898,1.767,0.165,8.193,59.611,19.59,0.0,0.785,0.479,0.048,bus
0.266,0.032,0.68,0.001,0.407,1.0,0.006,0.007,0.031,0.121,0.0,1.804,0.778,0.894,0.0,0.03,1.0,0.028,stationary
4.71,0.554,5.465,0.325,9.653,0.123,2.307,3.105,1.95,6.103,1.644,30.291,341.771,31.132,121.0,0.123,0.079,0.041,walking
5.411,0.414,6.967,0.165,8.961,0.051,1.314,1.013,3.441,4.2,1.66,24.159,353.077,29.753,117.6,0.023,0.022,0.046,walking
37.939,2.48,59.449,0.735,5.646,0.134,0.228,0.072,0.451,1.033,0.235,10.563,29.518,9.894,0.0,0.196,0.125,0.009,car
11.655,3.283,18.254,0.687,4.273,0.131,1.294,0.403,1.134,4.818,1.003,40.822,174.683,35.191,74.2,0.147,0.081,0.002,cycling
0.508,0.036,0.029,0.006,0.989,1.0,0.075,0.003,0.028,0.199,0.0,0.922,0.338,0.165,0.0,0.05,1.0,0.081,stationary
20.264,0.698,24.201,0.895,1.625,0.249,0.3,0.133,0.381,2.26,0.158,14.491,39.683,29.664,0.0,0.363,0.108,0.005,scooter
23.318,1.266,28.079,0.798,3.268,0.126,0.709,1.394,1.01,3.727,1.004,39.44,189.572,20.481,61.0,0.093,0.117,0.022,cycling
21.384,3.719,28.225,0.502,6.976,0.121,1.027,0.59,1.375,5.547,1.227,29.84,221.627,37.186,62.7,0.168,0.116,0.019,cycling
43.032,8.586,73.358,0.717,1.446,0.289,0.462,0.17,0.319,1.566,0.062,6.962,8.005,7.699,0.0,0.951,0.311,0.511,metro
4.279,0.114,4.95,0.4,4.548,0.043,1.859,2.9,2.019,7.049,2.113,55.025,334.333,32.388,105.0,0.009,0.003,0.008,walking
19.648,4.202,32.403,1.574,3.392,0.379,0.829,0.558,1.095,2.465,0.275,7.412,45.173,10.71,0.0,0.898,0.297,0.545,bus
29.79,11.788,48.119,0.617,4.212,0.262,0.381,0.117,0.474,1.481,0.046,4.645,32.526,15.952,0.0,0.929,0.367,0.687,bus
32.936,10.3,67.459,0.516,2.37,0.362,0.394,0.145,0.219,1.78,0.038,6.019,16.784,3.618,0.0,0.877,0.208,0.407,metro
56.256,11.397,66.961,0.621,4.126,0.061,0.61,0.174,0.368,1.159,0.093,13.79,61.156,8.165,0.0,0.41,0.11,0.005,car
4.519,0.187,5.1,0.112,11.541,0.097,1.333,2.039,2.73,5.803,2.149,57.386,200.147,43.778,116.9,0.1,0.03,0.033,walking
21.985,0.999,27.621,0.411,7.112,0.07,0.743,0.391,1.6,2.653,1.157,31.19,148.998,24.725,88.1,0.052,0.125,0.008,cycling
0.231,0.036,0.606,0.038,0.73,1.0,0.061,0.003,0.051,0.193,0.0,1.788,0.995,0.783,0.0,0.112,1.0,0.052,stationary
59.77,9.547,89.852,1.071,1.506,0.381,0.492,0.236,0.616,1.346,0.075,7.118,9.059,13.174,0.0,0.996,0.248,0.512,metro
0.105,0.029,0.363,0.036,0.013,1.0,0.037,0.004,0.042,0.04,0.0,1.496,0.834,2.049,0.0,0.107,1.0,0.002,stationary
5.363,0.461,5.982,0.392,7.094,0.028,2.17,2.226,2.18,4.157,1.924,41.638,262.383,54.379,115.9,0.185,0.076,0.019,walking
17.203,12.079,35.524,1.351,2.261,0.571,0.592,0.28,1.015,3.274,0.297,9.706,12.361,13.352,0.0,0.973,0.387,0.412,bus
12.648,1.469,20.058,0.444,2.747,0.189,0.889,1.134,1.154,4.097,1.459,16.739,104.031,42.536,73.9,0.111,0.025,0.034,cycling
5.747,0.291,7.004,0.306,10.039,0.104,2.023,1.386,3.11,7.395,1.65,29.407,284.977,25.236,102.7,0.191,0.037,0.032,walking
12.714,0.903,16.173,0.731,5.674,0.106,1.188,1.241,1.068,4.027,1.135,23.377,207.761,33.999,78.3,0.299,0.142,0.03,cycling
42.571,14.664,57.775,0.518,0.565,0.24,0.382,0.26,0.324,0.643,0.197,2.368,9.705,12.28,0.0,1.0,0.322,0.381,metro
60.453,11.789,91.993,1.544,1.297,0.425,0.441,0.211,0.233,0.635,0.012,9.991,10.167,12.837,0.0,0.904,0.436,0.691,metro
26.638,7.473,38.725,1.111,1.039,0.072,0.212,0.311,0.492,1.685,0.215,5.815,78.624,17.228,0.0,0.257,0.153,0.019,car
17.896,2.958,21.258,0.759,7.285,0.112,0.642,1.078,1.478,4.808,1.222,28.602,89.417,44.468,91.2,0.144,0.108,0.017,cycling
18.243,2.285,22.221,0.943,3.766,0.159,0.312,0.103,0.308,1.072,0.33,18.672,36.451,13.893,0.0,0.304,0.116,0.026,scooter
0.545,0.003,0.423,0.019,0.043,1.0,0.066,0.005,0.055,0.149,0.0,1.998,0.507,0.32,0.0,0.166,1.0,0.055,stationary
4.771,0.491,5.859,0.172,4.815,0.067,2.335,2.165,1.421,4.802,1.959,32.156,380.601,65.729,126.8,0.221,0.09,0.037,walking
0.59,0.012,0.605,0.021,0.66,1.0,0.045,0.009,0.051,0.196,0.0,0.449,0.552,1.641,0.0,0.088,1.0,0.035,stationary
4.605,0.372,6.234,0.153,9.751,0.117,2.147,2.341,2.008,7.335,1.755,59.34,389.705,63.001,115.9,0.096,0.064,0.023,walking
4.55,0.451,5.943,0.364,3.502,0.007,1.976,2.415,3.341,4.012,1.642,42.849,140.347,56.517,103.8,0.186,0.028,0.008,walking
64.737,8.671,95.429,0.94,0.359,0.307,0.39,0.2,0.452,0.772,0.032,9.881,9.699,8.632,0.0,0.877,0.381,0.885,metro
0.27,0.003,0.257,0.037,0.58,1.0,0.037,0.002,0.058,0.006,0.0,0.856,0.108,1.062,0.0,0.096,1.0,0.028,stationary
23.299,3.416,29.562,0.388,5.813,0.163,1.029,0.911,0.927,2.695,1.453,22.482,154.356,22.781,72.8,0.115,0.034,0.005,cycling
21.489,1.478,30.466,0.973,3.156,0.083,0.385,0.202,0.528,2.352,0.163,22.32,81.152,26.523,0.0,0.082,0.106,0.05,scooter
0.238,0.006,0.323,0.027,0.458,1.0,0.035,0.008,0.016,0.094,0.0,0.874,0.724,0.548,0.0,0.05,1.0,0.029,stationary
47.863,6.609,64.569,0.745,4.891,0.052,0.282,0.169,0.451,0.623,0.28,6.258,16.158,8.976,0.0,0.195,0.131,0.009,car
3.792,0.222,4.505,0.314,8.122,0.145,1.393,1.835,1.59,6.024,2.085,37.998,101.065,54.727,125.3,0.249,0.099,0.031,walking
0.467,0.012,0.8,0.042,0.187,1.0,0.075,0.009,0.067,0.127,0.0,1.081,0.083,0.682,0.0,0.076,1.0,0.02,stationary
22.159,1.638,27.847,0.877,5.744,0.18,1.509,1.145,0.933,5.11,1.384,32.507,106.338,42.674,68.6,0.2,0.149,0.036,cycling
18.282,1.958,22.289,0.715,5.515,0.131,1.55,0.964,1.375,3.58,1.025,17.342,59.662,46.347,80.5,0.233,0.078,0.039,cycling
22.734,2.391,25.78,0.532,2.486,0.144,0.35,0.12,0.256,1.975,0.119,20.517,49.35,14.234,0.0,0.124,0.163,0.018,scooter
23.336,1.014,32.132,0.764,5.322,0.133,0.224,0.172,0.371,2.419,0.171,20.238,52.044,14.31,0.0,0.384,0.103,0.002,scooter
24.622,3.432,34.223,0.677,4.987,0.154,0.479,0.113,0.693,2.165,0.391,20.154,48.194,29.119,0.0,0.086,0.091,0.011,scooter
4.964,0.16,6.033,0.331,4.642,0.071,1.737,3.113,3.254,7.439,2.134,53.737,392.367,34.029,104.4,0.155,0.032,0.015,walking
51.269,2.75,66.405,0.77,3.288,0.061,0.32,0.311,0.512,0.85,0.022,19.393,36.016,23.749,0.0,0.35,0.076,0.02,car
19.492,5.655,36.871,0.9,2.401,0.548,0.768,0.52,0.615,2.776,0.088,7.737,17.069,8.383,0.0,0.84,0.448,0.396,bus
27.991,0.59,36.444,0.81,3.335,0.116,0.361,0.131,0.517,1.182,0.135,17.014,40.214,12.751,0.0,0.19,0.124,0.049,scooter
0.279,0.04,0.655,0.018,0.302,1.0,0.011,0.001,0.072,0.145,0.0,0.244,0.818,1.119,0.0,0.104,1.0,0.002,stationary
56.407,12.398,78.876,1.541,1.603,0.193,0.199,0.058,0.483,0.868,0.142,8.262,5.195,10.68,0.0,0.879,0.259,0.763,metro
3.821,0.411,4.944,0.314,7.556,0.076,1.91,2.817,2.432,7.747,1.857,56.617,310.301,44.169,117.0,0.237,0.021,0.014,walking
17.41,3.616,20.261,0.466,7.453,0.05,1.035,0.535,0.938,3.09,1.078,24.98,70.738,48.756,92.1,0.103,0.079,0.03,cycling
52.543,10.022,64.341,0.499,3.91,0.154,0.573,0.153,0.257,1.586,0.265,9.13,68.503,12.91,0.0,0.125,0.078,0.02,car
32.018,12.845,47.704,1.542,4.904,0.384,0.711,0.227,0.896,3.182,0.106,4.974,44.375,15.641,0.0,0.841,0.279,0.466,bus
53.169,5.488,74.736,0.78,5.566,0.208,0.614,0.252,0.428,0.787,0.285,18.551,20.744,22.336,0.0,0.258,0.113,0.047,car
0.149,0.036,0.78,0.02,0.688,1.0,0.046,0.001,0.017,0.037,0.0,1.102,0.378,1.816,0.0,0.152,1.0,0.006,stationary
0.597,0.011,0.065,0.012,0.563,1.0,0.08,0.009,0.068,0.043,0.0,1.347,0.926,2.34,0.0,0.007,1.0,0.028,stationary
62.841,5.631,85.088,0.553,3.091,0.212,0.61,0.285,0.325,0.751,0.151,15.867,31.996,11.328,0.0,0.192,0.199,0.036,car
21.8,6.813,37.49,0.803,4.757,0.309,0.547,0.106,0.47,2.381,0.201,7.682,51.194,15.371,0.0,0.753,0.295,0.603,bus
23.244,2.971,32.77,0.439,3.608,0.051,0.214,0.1,0.385,1.304,0.259,12.975,32.839,13.233,0.0,0.259,0.131,0.018,scooter
36.519,8.115,56.382,1.357,2.722,0.354,0.544,0.399,0.897,1.909,0.192,13.759,49.374,11.766,0.0,0.704,0.286,0.471,bus
5.129,0.548,5.928,0.259,10.631,0.01,1.611,3.096,2.6,8.329,1.79,32.209,332.009,29.708,121.8,0.153,0.064,0.043,walking
32.715,9.44,58.103,1.099,3.527,0.168,0.316,0.076,0.646,0.667,0.012,14.02,34.449,9.218,0.0,0.239,0.138,0.027,car
28.33,7.441,36.776,1.101,1.367,0.287,0.342,0.569,0.601,1.965,0.129,10.671,38.629,12.224,0.0,0.847,0.442,0.743,bus
45.164,6.428,55.17,0.449,1.149,0.146,0.454,0.237,0.747,0.792,0.088,9.609,40.266,12.882,0.0,0.31,0.104,0.036,car
0.49,0.044,0.72,0.033,0.661,1.0,0.048,0.002,0.004,0.151,0.0,0.472,0.439,2.085,0.0,0.023,1.0,0.042,stationary
0.392,0.018,0.15,0.004,0.421,1.0,0.027,0.01,0.025,0.177,0.0,1.467,0.44,0.697,0.0,0.061,1.0,0.017,stationary
17.8,1.683,21.76,0.774,1.545,0.109,0.233,0.098,0.716,1.075,0.234,15.818,25.705,11.605,0.0,0.109,0.061,0.046,scooter
0.24,0.047,0.235,0.0,0.698,1.0,0.009,0.009,0.062,0.168,0.0,1.324,0.769,2.358,0.0,0.045,1.0,0.015,stationary
36.768,24.847,63.581,1.164,1.753,0.438,0.446,0.263,0.413,1.651,0.129,4.819,19.891,4.086,0.0,0.885,0.266,0.837,metro
49.658,12.517,80.399,0.52,0.812,0.266,0.494,0.058,0.584,0.605,0.103,5.667,28.663,3.424,0.0,0.883,0.494,0.11,metro
14.261,1.27,22.404,0.498,3.548,0.248,0.51,0.217,0.382,2.412,0.148,21.806,36.608,30.437,0.0,0.079,0.077,0.002,scooter
5.171,0.321,6.012,0.355,10.216,0.05,2.574,3.146,3.209,8.429,1.709,56.368,149.927,56.051,116.0,0.176,0.056,0.034,walking
32.27,10.314,43.86,0.926,1.52,0.518,0.673,0.19,0.663,1.519,0.234,17.704,59.171,17.745,0.0,0.799,0.431,0.066,bus
12.128,2.421,18.542,0.456,2.52,0.06,0.367,0.131,0.497,2.296,0.146,13.089,74.884,27.96,0.0,0.179,0.193,0.043,scooter
57.08,11.266,78.582,0.807,5.33,0.177,0.365,0.212,0.514,0.684,0.279,12.576,30.238,18.251,0.0,0.123,0.063,0.044,car
0.415,0.022,0.025,0.049,0.183,1.0,0.028,0.008,0.057,0.14,0.0,0.385,0.041,1.029,0.0,0.028,1.0,0.066,stationary
22.519,6.829,32.172,1.294,3.299,0.305,0.491,0.499,0.632,1.733,0.142,17.349,23.956,19.305,0.0,0.755,0.35,0.052,bus
21.483,1.962,29.335,0.675,3.143,0.116,1.583,1.269,1.181,3.867,1.335,37.637,179.545,31.912,75.8,0.117,0.113,0.037,cycling
0.173,0.003,0.897,0.03,0.811,1.0,0.014,0.002,0.079,0.028,0.0,1.895,0.924,1.423,0.0,0.143,1.0,0.072,stationary
28.658,2.981,32.013,0.73,5.234,0.189,0.24,0.115,0.61,2.404,0.313,19.429,26.431,22.685,0.0,0.175,0.118,0.027,scooter
25.237,7.034,37.419,1.673,3.463,0.261,0.517,0.322,0.438,1.544,0.264,7.447,57.148,8.56,0.0,0.859,0.534,0.275,bus
3.332,0.321,4.279,0.154,3.202,0.073,1.757,2.468,1.506,4.937,1.886,48.975,107.611,40.592,99.4,0.219,0.084,0.012,walking
0.496,0.007,0.133,0.002,0.052,1.0,0.033,0.002,0.037,0.146,0.0,0.158,0.975,1.497,0.0,0.078,1.0,0.085,stationary
0.022,0.025,0.393,0.003,0.449,1.0,0.059,0.008,0.012,0.161,0.0,0.262,0.431,2.479,0.0,0.126,1.0,0.015,stationary
36.089,15.887,44.692,0.687,3.512,0.517,0.326,0.404,1.082,3.438,0.009,5.924,59.31,17.42,0.0,0.71,0.528,0.727,bus
23.793,15.545,42.127,1.615,2.517,0.406,0.305,0.263,0.646,2.881,0.171,7.939,20.878,16.079,0.0,0.878,0.304,0.189,bus
54.45,2.642,71.807,1.024,2.853,0.198,0.538,0.167,0.274,1.939,0.294,5.408,47.404,9.929,0.0,0.384,0.094,0.018,car
32.397,4.012,42.925,0.943,1.415,0.231,0.282,0.324,0.755,0.602,0.097,12.756,64.692,15.69,0.0,0.394,0.194,0.033,car
58.912,11.056,85.175,1.246,2.596,0.132,0.443,0.061,0.428,1.635,0.027,6.903,35.179,10.944,0.0,0.374,0.149,0.048,car
72.612,14.712,93.237,1.041,2.126,0.159,0.522,0.13,0.324,0.829,0.187,4.242,26.125,13.522,0.0,0.991,0.209,0.865,metro
45.229,9.701,78.233,0.856,1.293,0.229,0.34,0.292,0.213,1.52,0.163,5.153,8.96,8.186,0.0,0.938,0.211,0.499,metro
5.056,0.333,5.859,0.236,8.826,0.15,1.349,1.384,3.15,9.861,2.0,37.034,243.949,49.045,121.1,0.168,0.045,0.007,walking
15.462,2.068,19.012,0.397,6.248,0.198,1.493,0.77,1.369,5.134,1.116,35.636,198.285,19.928,92.4,0.104,0.056,0.006,cycling
4.501,0.157,5.155,0.39,8.372,0.106,2.349,1.758,1.744,8.755,1.841,32.093,120.105,46.002,119.6,0.242,0.043,0.037,walking
35.195,9.981,52.267,1.323,4.869,0.443,0.631,0.187,0.62,1.4,0.235,8.345,24.837,16.508,0.0,0.941,0.531,0.764,bus
0.497,0.004,0.85,0.017,0.834,1.0,0.031,0.004,0.01,0.078,0.0,0.079,0.308,0.75,0.0,0.068,1.0,0.005,stationary
73.721,9.935,89.771,0.621,2.322,0.34,0.37,0.175,0.228,0.607,0.097,5.191,11.667,11.094,0.0,0.896,0.393,0.253,metro
44.397,21.929,76.918,0.563,0.702,0.43,0.448,0.148,0.405,1.208,0.004,2.413,18.833,5.706,0.0,0.973,0.22,0.404,metro
0.232,0.043,0.434,0.022,0.769,1.0,0.039,0.008,0.054,0.05,0.0,0.161,0.738,0.208,0.0,0.05,1.0,0.062,stationary
16.502,0.728,20.297,1.045,1.908,0.191,0.532,0.072,0.342,2.474,0.355,23.592,48.785,23.053,0.0,0.23,0.052,0.003,scooter
0.502,0.005,0.856,0.049,0.879,1.0,0.013,0.001,0.042,0.031,0.0,1.936,0.527,0.386,0.0,0.131,1.0,0.062,stationary
0.307,0.024,0.894,0.035,0.246,1.0,0.007,0.001,0.034,0.119,0.0,0.992,0.189,0.504,0.0,0.035,1.0,0.066,stationary
40.53,21.272,69.083,0.62,2.164,0.392,0.216,0.056,0.382,0.594,0.014,6.417,20.83,8.015,0.0,0.992,0.436,0.226,metro
39.489,10.55,60.546,0.485,4.725,0.233,0.307,0.13,0.787,1.422,0.055,10.058,33.177,9.165,0.0,0.119,0.053,0.008,car
43.048,2.939,58.061,0.838,3.118,0.18,0.491,0.106,0.663,1.217,0.145,17.179,28.334,23.352,0.0,0.099,0.197,0.0,car
12.446,1.071,17.12,0.591,6.703,0.114,1.33,1.02,1.788,2.385,1.123,31.077,130.478,24.538,73.2,0.236,0.101,0.005,cycling
3.855,0.146,4.72,0.215,8.784,0.114,1.321,1.479,1.467,7.731,1.835,52.679,175.592,43.378,103.0,0.114,0.021,0.014,walking
29.207,0.64,34.166,0.414,1.881,0.203,0.533,0.131,0.309,1.803,0.074,16.616,24.435,16.253,0.0,0.331,0.158,0.017,scooter
0.349,0.032,0.02,0.027,0.872,1.0,0.046,0.001,0.055,0.089,0.0,0.902,0.455,0.134,0.0,0.041,1.0,0.068,stationary
17.645,11.844,37.28,1.504,4.151,0.423,0.682,0.243,1.088,3.092,0.117,13.783,18.727,17.91,0.0,0.946,0.368,0.139,bus
57.656,7.824,76.07,1.342,0.411,0.393,0.226,0.211,0.319,1.677,0.064,3.173,13.502,8.625,0.0,0.904,0.489,0.375,metro
5.467,0.129,6.615,0.37,5.974,0.046,2.619,2.97,3.186,7.406,2.009,52.709,270.874,47.15,121.6,0.184,0.057,0.044,walking
0.083,0.037,0.679,0.024,0.694,1.0,0.001,0.005,0.064,0.111,0.0,0.399,0.945,1.069,0.0,0.124,1.0,0.072,stationary
14.415,3.889,20.087,0.345,2.749,0.074,1.044,0.857,1.097,4.774,1.486,44.633,79.841,18.064,75.0,0.232,0.022,0.043,cycling
5.578,0.15,6.754,0.114,9.545,0.044,2.224,1.43,3.163,7.3,2.071,43.827,210.889,53.965,95.9,0.142,0.025,0.043,walking
33.182,15.872,50.517,0.815,3.945,0.366,0.496,0.228,0.816,2.585,0.109,15.652,27.385,6.899,0.0,0.952,0.321,0.75,bus
22.453,3.02,28.232,0.693,5.2,0.037,1.105,1.037,1.791,4.337,1.105,15.798,169.882,24.999,75.4,0.119,0.026,0.027,cycling
15.184,2.56,21.327,0.71,3.83,0.1,0.491,0.087,0.499,0.881,0.1,23.468,56.949,21.8,0.0,0.185,0.125,0.026,scooter
3.782,0.118,5.036,0.353,11.241,0.093,1.507,0.89,2.368,5.983,1.712,45.3,186.767,65.264,108.2,0.055,0.057,0.047,walking
0.443,0.028,0.225,0.026,0.911,1.0,0.042,0.002,0.043,0.146,0.0,0.429,0.953,2.134,0.0,0.09,1.0,0.02,stationary
31.195,2.582,41.771,0.529,3.258,0.203,0.382,0.247,0.357,2.47,0.179,14.047,26.028,13.142,0.0,0.163,0.192,0.018,scooter
0.459,0.018,0.17,0.017,0.364,1.0,0.022,0.006,0.082,0.183,0.0,1.102,0.869,0.004,0.0,0.187,1.0,0.016,stationary
56.136,11.09,75.982,1.408,0.204,0.205,0.329,0.111,0.294,0.566,0.1,2.91,5.783,10.577,0.0,0.884,0.243,0.158,metro
25.279,4.945,33.911,0.919,1.688,0.584,0.496,0.574,1.034,1.669,0.241,4.958,25.984,13.643,0.0,0.927,0.456,0.296,bus
35.601,10.921,53.877,1.0,4.304,0.47,0.401,0.183,0.616,1.473,0.05,8.665,37.972,6.024,0.0,0.962,0.365,0.594,bus
20.299,11.591,39.591,1.69,2.808,0.448,0.37,0.422,0.522,3.005,0.04,12.908,24.522,20.304,0.0,0.937,0.353,0.826,bus
0.207,0.001,0.284,0.015,0.616,1.0,0.002,0.004,0.01,0.134,0.0,0.02,0.704,1.254,0.0,0.087,1.0,0.027,stationary
4.401,0.529,5.171,0.234,5.959,0.074,2.049,1.515,3.096,4.967,1.939,45.651,282.904,58.967,98.7,0.199,0.041,0.006,walking
4.198,0.345,5.889,0.125,6.248,0.065,1.934,3.066,1.613,7.193,2.144,28.405,186.616,28.045,110.6,0.233,0.09,0.015,walking
31.168,3.166,39.217,0.658,2.035,0.058,0.321,0.248,0.377,0.928,0.089,12.93,78.717,23.305,0.0,0.254,0.128,0.023,scooter
26.545,2.565,30.346,0.476,5.686,0.088,0.489,0.244,0.293,1.171,0.11,16.631,38.34,25.458,0.0,0.165,0.112,0.048,scooter
5.451,0.267,7.07,0.287,6.575,0.094,1.584,1.712,3.286,7.563,1.839,47.765,117.23,42.349,104.2,0.214,0.099,0.019,walking
25.425,1.125,33.313,0.865,1.83,0.228,0.45,0.094,0.274,1.095,0.369,8.552,68.893,31.824,0.0,0.302,0.083,0.012,scooter
31.591,2.878,40.956,1.114,5.106,0.052,0.353,0.103,0.708,2.366,0.099,18.681,67.686,12.795,0.0,0.177,0.152,0.035,scooter
14.173,2.907,22.621,1.082,2.581,0.238,0.211,0.165,0.544,1.997,0.243,19.915,69.358,30.006,0.0,0.29,0.186,0.045,scooter
52.452,10.111,71.224,0.617,2.265,0.247,0.179,0.278,0.404,1.242,0.052,7.618,24.236,5.771,0.0,0.909,0.47,0.381,metro
21.337,3.708,26.329,0.686,7.637,0.08,1.181,0.501,1.769,2.683,1.269,33.705,171.759,52.725,79.2,0.064,0.054,0.036,cycling
45.454,6.403,69.359,0.587,0.498,0.181,0.335,0.091,0.443,1.581,0.052,6.505,9.508,5.563,0.0,0.959,0.497,0.231,metro
5.04,0.259,5.736,0.238,5.084,0.016,1.534,0.931,3.353,8.576,2.109,35.849,269.176,40.187,115.3,0.156,0.046,0.036,walking
62.285,5.747,83.004,1.555,1.573,0.185,0.464,0.134,0.585,1.671,0.105,4.697,18.87,5.129,0.0,0.882,0.476,0.293,metro
0.352,0.049,0.146,0.046,0.781,1.0,0.032,0.008,0.039,0.04,0.0,1.254,0.621,1.253,0.0,0.075,1.0,0.002,stationary
5.134,0.28,5.832,0.27,10.993,0.003,1.216,1.383,2.138,7.128,2.053,52.394,225.814,56.987,103.6,0.094,0.025,0.023,walking
53.568,15.232,86.453,1.476,2.319,0.43,0.191,0.078,0.271,1.168,0.049,5.624,21.508,13.164,0.0,0.917,0.337,0.168,metro
4.93,0.478,6.476,0.103,9.962,0.072,2.106,1.095,2.049,5.556,2.16,30.149,263.659,48.67,121.9,0.073,0.044,0.012,walking
13.432,2.565,20.298,0.643,5.817,0.161,1.109,0.352,1.055,2.622,1.287,16.531,207.827,22.323,63.6,0.196,0.097,0.011,cycling
0.176,0.011,0.137,0.012,0.078,1.0,0.031,0.001,0.063,0.199,0.0,0.159,0.137,0.727,0.0,0.099,1.0,0.021,stationary
13.379,2.303,20.368,0.414,2.979,0.172,1.469,0.89,1.616,5.418,1.314,34.066,246.072,45.62,86.3,0.273,0.119,0.041,cycling
16.115,1.244,19.248,0.894,5.437,0.052,1.395,0.702,1.655,3.606,1.305,43.498,159.134,19.32,62.0,0.223,0.036,0.038,cycling
49.056,6.131,69.015,0.794,0.489,0.153,0.433,0.128,0.694,1.258,0.021,5.618,29.873,5.138,0.0,0.893,0.371,0.411,metro
0.551,0.026,0.193,0.039,0.991,1.0,0.004,0.006,0.023,0.195,0.0,1.441,0.48,0.338,0.0,0.114,1.0,0.065,stationary
0.488,0.024,0.778,0.033,0.524,1.0,0.062,0.003,0.005,0.086,0.0,0.143,0.309,0.845,0.0,0.116,1.0,0.012,stationary
17.793,3.442,27.946,0.799,5.753,0.142,0.504,0.13,0.351,1.536,0.089,10.663,60.788,23.168,0.0,0.398,0.168,0.032,scooter
21.954,2.809,28.813,0.83,4.072,0.138,0.37,0.066,0.739,1.735,0.204,12.197,77.277,19.664,0.0,0.255,0.097,0.008,scooter
30.79,2.038,36.891,1.062,3.272,0.244,0.361,0.184,0.482,2.054,0.273,12.26,82.513,16.909,0.0,0.285,0.185,0.015,scooter
29.814,2.722,36.645,1.036,2.047,0.249,0.325,0.167,0.415,2.14,0.397,9.454,68.54,23.305,0.0,0.098,0.134,0.012,scooter
21.01,1.334,26.779,0.348,6.399,0.111,1.584,0.56,1.884,5.316,1.409,19.591,83.184,47.485,81.7,0.253,0.036,0.038,cycling
13.514,3.91,19.188,0.412,2.86,0.119,1.34,1.043,1.88,5.856,1.158,34.982,190.803,45.613,85.1,0.057,0.055,0.005,cycling
20.953,1.334,28.704,0.794,2.618,0.069,0.881,1.171,1.056,3.317,1.142,39.039,164.816,25.924,79.0,0.169,0.083,0.028,cycling
33.988,6.316,58.121,1.198,2.347,0.129,0.229,0.063,0.273,1.927,0.032,18.729,21.583,20.218,0.0,0.308,0.141,0.02,car
0.052,0.045,0.724,0.021,0.122,1.0,0.017,0.009,0.051,0.132,0.0,1.438,0.548,2.427,0.0,0.005,1.0,0.073,stationary
28.565,0.552,39.058,0.568,4.457,0.086,0.566,0.197,0.278,1.052,0.216,8.927,23.497,13.97,0.0,0.097,0.079,0.041,scooter
54.283,7.549,77.322,1.037,2.926,0.073,0.245,0.265,0.777,0.865,0.007,19.707,28.156,21.96,0.0,0.37,0.17,0.045,car
37.067,7.762,51.467,1.047,5.018,0.051,0.39,0.067,0.644,0.941,0.223,12.724,32.919,9.497,0.0,0.292,0.138,0.005,car
57.867,2.306,87.851,0.65,3.036,0.079,0.499,0.284,0.743,1.385,0.028,13.106,54.928,11.179,0.0,0.351,0.1,0.046,car
31.292,11.147,49.249,1.125,3.15,0.468,0.447,0.504,0.934,1.908,0.254,12.931,57.916,17.967,0.0,0.742,0.472,0.094,bus
